
COPY food_parks (id, name, city, state, postal_code, country, latitude, longitude, created_at) FROM stdin;
3001	The Picnic	Austin	TX	78704	US	30.2635748	-97.7627071	2016-08-21 23:31:43.131352
3002	Alamo Drafthouse	Austin	TX	78704	US	30.2560786	-97.76350909999996	2016-08-21 23:01:03.622149
3003	Austin Food Park	Austin	TX	78702	US	30.2544287	-97.7371197	2016-08-21 23:01:50.563872
3004	Truck Garden Food Park - Av. Roberto Freire	Ponta Negra	RN	\N	BR	-5.874374	-35.178695	2016-08-21 23:03:07.177813
3005	Neide Artesanato/Praia Shopping Food Park - Av. Roberto Freire	Ponta Negra	RN	\N	BR	-5.865769	-35.185878	2016-08-21 23:05:04.914807
3006	Natal Shopping Food Park - Av. das Brancas Dunas	Natal	RN	\N	BR	-5.842563	-35.210624	2016-08-21 23:12:10.112015
3007	Bar 54 Food Park - Rua Porto Mirim	Natal	RN	\N	BR	-5.874674	-35.183514	2016-08-29 20:54:42.540882
3008	Bar Trove Food Park - Rua Presidente José Bento	Natal	RN	\N	BR	-5.805748	-35.214705	2016-08-30 21:12:08.717913
3009	Food By Food West	Austin	TX	78723	US	30.298	-97.707	2016-08-21 23:31:43.131352
3010	Growler Food Park	Pflugerville	TX	78660	US	30.449	-97.607	2016-08-21 23:01:03.622149
3011	Food Park at La Frontera	Round Rock	TX	78681	US	30.481	-97.677	2016-08-21 23:01:50.563872
3012	Las Palmas Food Bazaar	Miami	FL	33136	US	25.792	-80.196	2016-08-21 23:03:07.177813
3013	Tropical Food Court	Fort Lauderdale	FL	33304	US	26.136	-80.137	2016-08-21 23:05:04.914807
3014	Snappy Food Park	Coral Gables	FL	33146	US	25.729	-80.261	2016-08-21 23:12:10.112015
3015	LoDo TrPk	Denver	CO	80202	US	39.751	-105.000	2016-08-29 20:54:42.540882
3016	Del Mar	Aurora	CO	80042	US	39.728	-104.844	2016-08-30 21:12:08.717913
3017	Foothills Food Court	Lakewood	CO	80226	US	39.711	-105.084	2016-08-30 21:12:08.717913
\.
SELECT pg_catalog.setval('food_parks_id_seq', 30018, true);


COPY users (id, first_name, last_name, username, password, role, provider, provider_id, provider_data, created_at) FROM stdin;
11001	Stacy	Tran	mp12	5a4636076012403dd394fa20f49fcd9c	CUSTOMER	local	local	{}	2016-08-21 23:31:43.131352
11002	Jonathan	Jones	mp2	defc72a96803a619a6735cd7e7e69e1b	CUSTOMER	local	local	{}	2016-08-21 23:01:03.622149
11003	Marco and Inez	Pena	mp3	28dafd4a8cb5f33065e93cbc83862563	CUSTOMER	local	local	{}	2016-08-21 23:01:50.563872
11004	Julie	Grant	mp4@gmail.com	4866d635ea7b0ed8e2452da897143528	OWNER	local	local	{}	2016-08-21 23:03:07.177813
11005	Bob	Smith	mp5@gmail.com	146eb1afa89654aca443976646460ef4	OWNER	local	local	{}	2016-08-21 23:05:04.914807
11006	Cindy	Clark	mp6@gmail.com	5ce4c4a0a26e6df0fdbb380d78f4fab2	OWNER	local	local	{}	2016-08-21 23:12:10.112015
11007	\N	\N	mptruck61	6cf9be93694189e06c66faa49a6cbc93	UNITMGR	local	local	{}	2016-08-29 20:54:42.540882
11008	\N	\N	mptruck64	5db0aeb457f45ddb90c35b39569c1348	UNITMGR	local	local	{}	2016-08-30 21:12:08.717913
11009	\N	\N	mptruck64five	dda2549944250c6c038797b463e7de99	UNITMGR	local	local	{}	2016-08-30 21:22:22.983667
11010	\N	\N	trucker1	2c914a017cf7354e6c6319afe0b664b2	UNITMGR	local	local	{}	2016-09-06 23:57:26.291924
11011	Dennis	Nichols	dn10@gmail.com	e04ddb7bae832648e9d649858ef578cb	ADMIN	local	local	{}	2016-10-20 23:33:15.004572
11012	Luiz	Cobello	lc11@gmail.com	23ad11f37c9dffc926f57dc0f8455dbc	ADMIN	local	local	{}	2016-10-22 18:42:04.179585
11013	Marcos	Hirano	mh12@gmail.com	125512e2351c28ad0bb01cc3d8db3703	ADMIN	local	local	{}	2016-10-22 18:41:25.721489
\.
SELECT pg_catalog.setval('users_id_seq', 11014, true);


COPY territories (id, territory, city, state, country, timezone, latitude, longitude, created_at) FROM stdin;
1	 Natal-RN	Natal	RN	Brazil	Buenos Aires	-5.777182	-35.200323	2016-09-06 23:00:00.000000
2	 Sao Paolo-SP	Sao Paolo	RN	Brazil	Brasilia	-23.55	-46.633333	2016-09-06 23:00:00.000000
3	 Pipa-RN	Pipa	RN	Brazil	Buenos Aires	-6.228994	-35.048776	2016-09-06 23:00:00.000000
4	 Austin-TX	Austin	TX	USA	Central Time (US & Canada)	30.264317	-97.738228	2016-09-06 23:00:00.000000
5	 Pflugerville-TX	Pflugerville	TX	USA	Central Time (US & Canada)	30.440	-97.620	2016-09-06 23:00:00.000000
6	 Round Rock-TX	Round Rock	TX	USA	Central Time (US & Canada)	30.508	-97.678	2016-09-06 23:00:00.000000
7	 Fort Lauderdale-TX	Fort Lauderdale	FL	USA	Eastern Time (US & Canada)	26.122	-80.137	2016-09-06 23:00:00.000000
8	 Miami-FL	Miami	FL	USA	Eastern Time (US & Canada)	25.762	-80.190	2016-09-06 23:00:00.000000
9	 Coral Gables-FL	Coral Gables	FL	USA	Eastern Time (US & Canada)	25.722	-80.269	2016-09-06 23:00:00.000000
10	 Denver-CO	Denver	CO	USA	Mountain Time (US & Canada)	39.746	-104.992	2016-09-06 23:00:00.000000
11	 Aurora-CO	Aurora	CO	USA	Mountain Time (US & Canada)	39.725	-104.847	2016-09-06 23:00:00.000000
12	 Lakewood-CO	Lakewood	CO	USA	Mountain Time (US & Canada)	39.711	-105.081	2016-09-06 23:00:00.000000
\.
SELECT pg_catalog.setval('territories_id_seq', 13, true);


COPY admins (id, description, photo, super_admin, city, state, country, user_id, created_at, updated_at) FROM stdin;
1	\N	\N	f	\N	\N	\N	11011	2016-10-20 23:33:15.198515	2016-10-20 23:33:15.198515
2	\N	\N	f	\N	\N	\N	11012	2016-10-22 18:42:04.186193	2016-10-22 18:42:04.186193
3	\N	\N	f	\N	\N	\N	11013	2016-10-22 18:41:25.893483	2016-10-22 18:41:25.893483
\.
SELECT pg_catalog.setval('admins_id_seq', 4, true);

COPY companies (id, name, order_sys_id, base_slug, default_cat, description, email, facebook, twitter, photo, featured_dish, hours, schedule, city, state, country, taxband, user_id, created_at) FROM stdin;
1001	Pacos Tacos	1293770040725734215	pacos-1472261511383	1325748109401129298	Fresh street food tacos	tacos@pacos.com	www.facebook.com/pacostacos	@pacostacos	\N	\N	11am-8pm	M-F	\N	\N	\N	\N	11004	2016-08-26 21:31:52.102331
1002	Thaitanic	1293768990807556920	thaitanic-1471829851769	1322127087452029500	Authentic Thai	info@thaitanic.com	www.facebook.com/thaitanic	@thaitan	\N	\N	3pm-5pm	TWTF	\N	\N	\N	\N	11005	2016-08-21 21:37:32.594516
1003	Grilla Cheese	1293768990807556920	grillacheese-1471829851769	1322127087452029500	Thick slabs of grilled cheese on Texas toast	cheez@grillacheese.com	wwww.facebook.com/grillacheese	@griller	\N	\N	11am-3pm	MTWTFSS	\N	\N	\N	\N	11006	2016-08-21 21:37:32.594516
\.
SELECT pg_catalog.setval('companies_id_seq', 1004, true);

COPY customers (id, order_sys_id, description, gcm_id, facebook, twitter, photo, power_reviewer, city, state, country, user_id, created_at) FROM stdin;
9001	\N	Taco expert. I love tacos.	APA91bECFEhmamkhENoB_sn2N20T0KX8HqF5XxzBG1PseAuJJ9VdoRkkl0sZXtsLosSHCi2oSo01t63XOzRHxTEOLqYtwOF0mF2m0GaCCyE-Op1uVkMuvC-rgoqh1A0rA80OIMgVxkeE	www.facebook.com/stacytfakeaccount	\N	\N	f	\N	\N	\N	11001	2016-08-21 23:31:43.151356
9002	\N	Serial food eater	\N	www.facebook.com/jonjonesfakeaccount	\N	\N	f	\N	\N	\N	11002	2016-08-21 23:31:43.151356
9003	\N	Food bloggers. Follow us on mifood.blog.com	\N	www.facebook.com/mifoodfakeaccount	\N	\N	t	\N	\N	\N	11003	2016-08-21 23:31:43.151356
\.
SELECT pg_catalog.setval('customers_id_seq', 9004, true);

COPY units (id, name, number, type, description, username, password, qr_code, unit_order_sys_id, company_id, unit_mgr_id, customer_order_window, fcm_id, gcm_id) FROM stdin;
2001	Thaitanic Truck 1	1	TRUCK	\N	mptruck61	mptruck61	\N	\N	1002	11007	15	APA91bGyR9ZsR74serH6pLKNGxHBM5EkDMR20dEbIJ7-PS-uiApWaIwczWffiofgkmow_u3s-f2IcFTYlPGfSafCGQ6rAS-z1GJUjsd1juSzmuM4ibl5rxbASpWoPMCkZpUpY8EFe-_Q	c9k1cdeqqlc:APA91bE3N9DPEPRVrylvqniUc0YkeqiDcL0bLF7wEpm0BUFDspsRMjJGenLnF07ssEmBZe90pG983xq9cQLzLzu6uWXYyhv1OZpDrUeCirxjBSzmIX-TJlO5T58PxakjRLd8LIghjnuy
2002	Thaitanic Cart 1	1	CART	\N	mptruck64	mptruck64	\N	\N	1002	11008	20	\N	APA91bGLPDm96TAg6C77VrwxlP1Nk11Md-hSRZGLOjS8CoECWfEFjp1Ise1_GRolqix4jydowaJ9d8OKxJMoiH3_qc0VEGNdqKiQ66Jbb_mneP-0T5qm4IK3RPZMKQlu9j2T7gOJGg0B
2003	Pacos Tacos Truck 1	1	TRUCK	\N	mptruck64five	mptruck64five	\N	\N	1001	11009	10	\N	\N
2004	Grilla Cheese Truck 1	1	TRUCK	\N	trucker	trucker	\N	\N	1003	11010	15	fSXaK3t8Tvc:APA91bGyt1VUybSq0JE5DX5eCalr2xl_SRuRF-QrzIGLrAJSmvDwDNLEJVd2qiOM_2spZwvGdop6KRaZqFjgNdVM47nJjIbglkC7QkGqNex0guUe8V77-qm4LZpIANBHV6bDeBflAD3I	\N
\.
SELECT pg_catalog.setval('units_id_seq', 2005, true);

COPY checkins (id, check_in, check_out, latitude, longitude, display_address, food_park_name, note, food_park_id, unit_id, company_id, created_at, updated_at) FROM stdin;
1	2016-09-06 12:00:00	2018-10-06 15:00:00	-5.81163600000000002	-35.2090430000000012	\N	\N	\N	\N	2003	1003	2016-10-28 01:09:25.425267	2016-10-28 01:09:25.425267
2	2016-09-06 12:00:00	2018-10-06 15:00:00	-5.76750499999999988	-35.199499000000003	\N	\N	\N	\N	2004	1003	2016-10-28 01:09:28.154896	2016-10-28 01:09:28.154896
3	2016-09-06 12:00:00	2018-10-06 15:00:00	-5.78073999999999977	-35.2068099999999973	\N	\N	\N	\N	2002	1002	2016-10-28 01:09:30.953065	2016-10-28 01:09:30.953065
4	2016-09-06 12:00:00	2018-10-06 15:00:00	-5.7795399999999999	-35.1927609999999973	\N	\N	\N	\N	2001	1002	2016-10-28 01:09:33.199263	2016-10-28 01:09:33.199263
5	2016-09-06 12:00:00	2018-10-06 15:00:00	-5.78810399999999969	-35.1892759999999996	\N	\N	\N	\N	2003	1001	2016-10-28 01:09:36.319803	2016-10-28 01:09:36.319803
\.
SELECT pg_catalog.setval('checkins_id_seq', 6, true);


COPY reviews (id, comment, rating, answers, customer_id, company_id, unit_id, status, created_at) FROM stdin;
4	Very clean and the customer service is excellent.	4.8	{"answer": 4, "question": "Food good?"}	9002	1003	2004	\N	2016-09-07 19:33:13.598095
5	Broad selection of quality food and creative menu.	4.9	{"answer": 4, "question": "Food good?"}	9003	1002	2001	\N	2016-09-07 19:36:06.711809
6	Thaitanic has the best cart in the city.	4.7	{"answer": 4, "question": "Food good?"}	9003	1002	2002	\N	2016-09-07 19:37:07.687663
7	BIG portions prepared exactly how you request and unreasonably low prices!!!  Love tacos!	4.6	{"answer": 4, "question": "Food good?"}	9001	1001	2003	\N	2016-09-07 19:38:49.741905
\.
SELECT pg_catalog.setval('reviews_id_seq', 8, true);

COPY review_approvals (id, review_id, reviewer_id, status, created_at, updated_at) FROM stdin;
1	4	\N	\N	2016-09-07 19:33:13.598095	2016-09-07 19:33:13.598095
2	5	\N	\N	2016-09-07 19:36:06.711809	2016-09-07 19:36:06.711809
3	6	\N	\N	2016-09-07 19:37:07.687663	2016-09-07 19:37:07.687663
4	7	\N	\N	2016-09-07 19:38:49.741905	2016-09-07 19:38:49.741905
\.
SELECT pg_catalog.setval('review_approvals_id_seq', 5, true);


COPY order_history (id, order_sys_order_id, amount, initiation_time, payment_time, actual_pickup_time, desired_pickup_time, prep_notice_time, status, messages, qr_code, manual_pickup, order_detail, checkin_id, customer_name, customer_id, unit_id, company_id, created_at, updated_at) FROM stdin;
697	1363783221757608842	$7.00	2016-10-09 16:45:22.362132	\N	\N	2016-10-09 17:05:22.362132	\N	{"order_paid": "11/6/2016, 8:21:56 PM","order_accepted": "11/6/2016, 8:16:52 PM","order_requested": "11/6/2016, 8:13:52 PM"}	\N	d12b0402b2d239c829f421d8913ab1e39247dcbb84b913dbb9719b5e5c915022	f	{"Coffee":{"title":"Coffee","quantity":1,"selections":[]}}	\N	Marco and Inez P.	9003	2001	1002	2016-11-10 22:42:05.955656	2016-11-10 22:42:05.955656
696	1364458146390605831	$10.00	2016-10-09 16:40:58.210291	\N	2016-10-09 16:59:30.001837	2016-10-09 17:00:58.210291	\N	{"order_paid": "11/6/2016, 8:11:56 PM","order_accepted": "11/6/2016, 8:06:52 PM","order_requested": "11/6/2016, 8:03:52 PM"}	\N	a92b0402b2d239c829f421d8913ab1e39247dcbb84b913dbb9719b5e5c915022	f	{"The Independent Make it Clean Corn":{"title":"The Independent Make it Clean Corn","quantity":1,"options":["No Cheese","Butter","Butter","Butter","No Beans","No Ancho Aioli","l","l2","l3","l4"],"selections":{"Extras":"Make it Clean","Shell":"Corn"}},"Coffee":{"title":"Coffee","quantity":1,"options":[],"selections":{}}}	\N	Marco and Inez P.	9003	2001	1002	2016-11-10 22:42:05.955656	2016-11-10 22:42:05.955656
700	1371101531029373235	$9.00	2016-10-09 17:00:05.837234	\N	\N	2016-10-09 22:20:05.837	\N	{"order_requested": "11/6/2016, 9:04:12 PM"}	\N	\N	f	{"Panang Curry":{"title":"Panang Curry","quantity":1,"options":["New Curry"],"selections":{"Meat Selection":["beef","pork"]}}}	\N	Stacy T.	9001	2001	1002	2016-11-10 22:42:05.955656	2016-11-23 19:10:50.728281
698	1351409762318680784	$5.00	2016-10-09 16:50:45.184934	\N	\N	2016-10-09 21:10:45.184	\N	{"order_paid":"11/6/2016, 8:31:56 PM","order_accepted":"11/6/2016, 8:26:52 PM","order_requested":"11/6/2016, 8:23:52 PM"}	\N	b32b0402b2d239c829f421d8913ab1e39247dcbb84b913dbb9719b5e5c915022	f	{"Panang Curry":{"title":"Panang Curry","quantity":3,"options":["New Curry"],"selections":{"Meat Selection":["beef","pork"]}}}	\N	Stacy T.	9001	2001	1002	2016-11-10 22:42:05.955656	2016-11-20 20:47:01.453944
\.
SELECT pg_catalog.setval('order_history_id_seq', 701, true);
