
COPY food_parks (id, name, city, state, postal_code, country, latitude, longitude, created_at) FROM stdin;
3001	The Picnic	Austin	TX	78704	US	30.2635748	-97.7627071	2016-08-21 23:31:43.131352
3002	Alamo Drafthouse	Austin	TX	78704	US	30.2560786	-97.76350909999996	2016-08-21 23:01:03.622149
3003	Austin Food Park	Austin	TX	78702	US	30.2544287	-97.7371197	2016-08-21 23:01:50.563872
3004	Truck Garden Food Park - Av. Roberto Freire	Ponta Negra	RN	\N	BR	-5.874374	-35.178695	2016-08-21 23:03:07.177813
3005	Neide Artesanato/Praia Shopping Food Park - Av. Roberto Freire	Ponta Negra	RN	\N	BR	-5.865769	-35.185878	2016-08-21 23:05:04.914807
3006	Natal Shopping Food Park - Av. das Brancas Dunas	Natal	RN	\N	BR	-5.842563	-35.210624	2016-08-21 23:12:10.112015
3007	Bar 54 Food Park - Rua Porto Mirim	Natal	RN	\N	BR	-5.874674	-35.183514	2016-08-29 20:54:42.540882
3008	Bar Trove Food Park - Rua Presidente José Bento	Natal	RN	\N	BR	-5.805748	-35.214705	2016-08-30 21:12:08.717913
\.
SELECT pg_catalog.setval('food_parks_id_seq', 3009, true);

COPY users (id, first_name, last_name, username, password, role, provider, provider_id, provider_data, created_at) FROM stdin;
11001	Stacy	Tran	mp12	5a4636076012403dd394fa20f49fcd9c	CUSTOMER	local	local	local	2016-08-21 23:31:43.131352
11002	Jonathan	Jones	mp2	defc72a96803a619a6735cd7e7e69e1b	CUSTOMER	local	local	local	2016-08-21 23:01:03.622149
11003	Marco and Inez	Pena	mp3	28dafd4a8cb5f33065e93cbc83862563	CUSTOMER	local	local	local	2016-08-21 23:01:50.563872
11004	Julie	Grant	mp4@gmail.com	4866d635ea7b0ed8e2452da897143528	OWNER	local	local	local	2016-08-21 23:03:07.177813
11005	Bob	Smith	mp5@gmail.com	146eb1afa89654aca443976646460ef4	OWNER	local	local	local	2016-08-21 23:05:04.914807
11006	Cindy	Clark	mp6@gmail.com	5ce4c4a0a26e6df0fdbb380d78f4fab2	OWNER	local	local	local	2016-08-21 23:12:10.112015
11007	\N	\N	mptruck61	6cf9be93694189e06c66faa49a6cbc93	UNITMGR	local	local	local	2016-08-29 20:54:42.540882
11008	\N	\N	mptruck64	5db0aeb457f45ddb90c35b39569c1348	UNITMGR	local	local	local	2016-08-30 21:12:08.717913
11009	\N	\N	mptruck64five	dda2549944250c6c038797b463e7de99	UNITMGR	local	local	local	2016-08-30 21:22:22.983667
11010	\N	\N	trucker1	2c914a017cf7354e6c6319afe0b664b2	UNITMGR	local	local	local	2016-09-06 23:57:26.291924
\.
SELECT pg_catalog.setval('users_id_seq', 11011, true);

COPY companies (id, name, order_sys_id, base_slug, default_cat, description, email, facebook, twitter, photo, featured_dish, hours, schedule, city, state, country, taxband, user_id, created_at) FROM stdin;
1001	Pacos Tacos	1293770040725734215	pacos-1472261511383	1325748109401129298	Fresh street food tacos	tacos@pacos.com	www.facebook.com/pacostacos	@pacostacos	\N	\N	11am-8pm	M-F	\N	\N	\N	\N	11004	2016-08-26 21:31:52.102331
1002	Thaitanic	1293768990807556920	thaitanic-1471829851769	1322127087452029500	Authentic Thai	info@thaitanic.com	www.facebook.com/thaitanic	@thaitan	\N	\N	3pm-5pm	TWTF	\N	\N	\N	\N	11005	2016-08-21 21:37:32.594516
1003	Grilla Cheese	1293768990807556920	grillacheese-1471829851769	1322127087452029500	Thick slabs of grilled cheese on Texas toast	cheez@grillacheese.com	wwww.facebook.com/grillacheese	@griller	\N	\N	11am-3pm	MTWTFSS	\N	\N	\N	\N	11006	2016-08-21 21:37:32.594516
\.
SELECT pg_catalog.setval('companies_id_seq', 1004, true);

COPY customers (id, order_sys_id, description, facebook, twitter, photo, power_reviewer, city, state, country, user_id, created_at) FROM stdin;
9001	\N	Taco expert. I love tacos.	www.facebook.com/stacytfakeaccount	\N	\N	f	\N	\N	\N	11001	2016-08-21 23:31:43.151356
9002	\N	Serial food eater	www.facebook.com/jonjonesfakeaccount	\N	\N	f	\N	\N	\N	11002	2016-08-21 23:31:43.151356
9003	\N	Food bloggers. Follow us on mifood.blog.com	www.facebook.com/mifoodfakeaccount	\N	\N	t	\N	\N	\N	11003	2016-08-21 23:31:43.151356
\.
SELECT pg_catalog.setval('customers_id_seq', 9004, true);

COPY units (id, name, number, type, description, username, password, qrcode, unit_order_sys_id, company_id, unit_mgr_id) FROM stdin;
2001	Thaitanic Truck 1	1	TRUCK	\N	mptruck61	mptruck61	\N	\N	1002	11007
2002	Thaitanic Cart 1	1	CART	\N	mptruck64	mptruck64	\N	\N	1002	11008
2003	Pacos Tacos Truck 1	1	TRUCK	\N	mptruck64five	mptruck64five	\N	\N	1001	11009
2004	Grilla Cheese Truck 1	1	TRUCK	\N	trucker	trucker	\N	\N	1003	11010
\.
SELECT pg_catalog.setval('units_id_seq', 2005, true);


COPY reviews (id, comment, rating, answers, customer_id, company_id, unit_id, status, created_at) FROM stdin;
4	Very clean and the customer service is excellent.	4.8	{"answer": 4, "question": "Food good?"}	9002	1003	2004	\N	2016-09-07 19:33:13.598095
5	Broad selection of quality food and creative menu.	4.9	{"answer": 4, "question": "Food good?"}	9003	1002	2001	\N	2016-09-07 19:36:06.711809
6	Thaitanic has the best cart in the city.	4.7	{"answer": 4, "question": "Food good?"}	9003	1002	2002	\N	2016-09-07 19:37:07.687663
7	BIG portions prepared exactly how you request and unreasonably low prices!!!  Love tacos!	4.6	{"answer": 4, "question": "Food good?"}	9001	1001	2003	\N	2016-09-07 19:38:49.741905
\.
SELECT pg_catalog.setval('reviews_id_seq', 8, true);

COPY review_approvals (id, review_id, admin_id, status, created_at, updated_at) FROM stdin;
1	3	\N	\N	2016-09-07 19:31:05.195922	2016-09-07 19:31:05.195922
2	4	\N	\N	2016-09-07 19:33:13.598095	2016-09-07 19:33:13.598095
3	5	\N	\N	2016-09-07 19:36:06.711809	2016-09-07 19:36:06.711809
4	6	\N	\N	2016-09-07 19:37:07.687663	2016-09-07 19:37:07.687663
5	7	\N	\N	2016-09-07 19:38:49.741905	2016-09-07 19:38:49.741905
6	8	\N	\N	2016-09-09 17:00:41.496519	2016-09-09 17:00:41.496519
7	9	\N	\N	2016-09-09 17:01:02.500207	2016-09-09 17:01:02.500207
8	10	\N	\N	2016-09-09 17:01:31.812907	2016-09-09 17:01:31.812907
\.
SELECT pg_catalog.setval('review_approvals_id_seq', 8, true);
