

COPY territories (id, city, territory, state, country, timezone, latitude, longitude, created_at, updated_at, country_id) FROM stdin;
1	Natal	 Natal-RN	RN	Brazil	Buenos Aires	-5.77718199999999982	-35.2003229999999974	2016-09-06 23:00:00+00	2017-03-04 19:56:28.353788+00	1
2	Sao Paolo	 Sao Paolo-SP	RN	Brazil	Brasilia	-23.5500000000000007	-46.6333330000000004	2016-09-06 23:00:00+00	2017-03-04 19:56:28.353788+00	1
3	Ponta Negra	 Ponta Negra-RN	RN	Brazil	Buenos Aires	-6.22899400000000014	-35.0487759999999966	2016-09-06 23:00:00+00	2017-03-04 19:56:28.353788+00	1
4	Austin	 Austin-TX	TX	USA	Central Time (US & Canada)	30.2643169999999984	-97.7382280000000065	2016-09-06 23:00:00+00	2017-03-04 19:56:28.353788+00	2
5	Pflugerville	 Pflugerville-TX	TX	USA	Central Time (US & Canada)	30.4400000000000013	-97.6200000000000045	2016-09-06 23:00:00+00	2017-03-04 19:56:28.353788+00	2
6	Round Rock	 Round Rock-TX	TX	USA	Central Time (US & Canada)	30.5079999999999991	-97.6779999999999973	2016-09-06 23:00:00+00	2017-03-04 19:56:28.353788+00	2
7	Fort Lauderdale	 Fort Lauderdale-TX	FL	USA	Eastern Time (US & Canada)	26.1219999999999999	-80.1370000000000005	2016-09-06 23:00:00+00	2017-03-04 19:56:28.353788+00	2
8	Miami	 Miami-FL	FL	USA	Eastern Time (US & Canada)	25.7620000000000005	-80.1899999999999977	2016-09-06 23:00:00+00	2017-03-04 19:56:28.353788+00	2
9	Coral Gables	 Coral Gables-FL	FL	USA	Eastern Time (US & Canada)	25.7220000000000013	-80.2690000000000055	2016-09-06 23:00:00+00	2017-03-04 19:56:28.353788+00	2
10	Denver	 Denver-CO	CO	USA	Mountain Time (US & Canada)	39.7460000000000022	-104.992000000000004	2016-09-06 23:00:00+00	2017-03-04 19:56:28.353788+00	2
11	Aurora	 Aurora-CO	CO	USA	Mountain Time (US & Canada)	39.7250000000000014	-104.846999999999994	2016-09-06 23:00:00+00	2017-03-04 19:56:28.353788+00	2
12	Lakewood	 Lakewood-CO	CO	USA	Mountain Time (US & Canada)	39.7109999999999985	-105.081000000000003	2016-09-06 23:00:00+00	2017-03-04 19:56:28.353788+00	2
13	\N	Fortaleza	\N	\N	\N	-56	-10	2017-04-09 02:25:58.836362+00	2017-04-09 02:25:58.836362+00	2
\.
SELECT pg_catalog.setval('territories_id_seq', 13, true);

COPY food_parks (id, name, photo, territory_id, city, state, postal_code, country, latitude, longitude, created_at, updated_at) FROM stdin;
3001	The Picnic	\N	4	Austin	TX	78704	US	30.2635748000000007	-97.7627071000000001	2016-08-21 23:31:43.131352+00	2017-03-22 02:30:49.056127+00
3002	Alamo Drafthouse	\N	4	Austin	TX	78704	US	30.2560785999999986	-97.7635090999999647	2016-08-21 23:01:03.622149+00	2017-03-22 02:30:49.056127+00
3003	Austin Food Park	\N	4	Austin	TX	78702	US	30.2544286999999983	-97.7371196999999938	2016-08-21 23:01:50.563872+00	2017-03-22 02:30:49.056127+00
3004	Truck Garden Food Park - Av. Roberto Freire	\N	3	Ponta Negra	RN	\N	BR	-5.87437400000000043	-35.1786949999999976	2016-08-21 23:03:07.177813+00	2017-03-22 02:30:49.056127+00
3005	Neide Artesanato/Praia Shopping Food Park - Av. Roberto Freire	\N	3	Ponta Negra	RN	\N	BR	-5.86576900000000023	-35.1858780000000024	2016-08-21 23:05:04.914807+00	2017-03-22 02:30:49.056127+00
3006	Natal Shopping Food Park - Av. das Brancas Dunas	\N	1	Natal	RN	\N	BR	-5.84256300000000017	-35.2106240000000028	2016-08-21 23:12:10.112015+00	2017-03-22 02:30:49.056127+00
3007	Bar 54 Food Park - Rua Porto Mirim	\N	1	Natal	RN	\N	BR	-5.87467399999999973	-35.1835140000000024	2016-08-29 20:54:42.540882+00	2017-03-22 02:30:49.056127+00
3008	Bar Trove Food Park - Rua Presidente José Bento	\N	1	Natal	RN	\N	BR	-5.80574800000000035	-35.2147050000000021	2016-08-30 21:12:08.717913+00	2017-03-22 02:30:49.056127+00
3009	Food By Food West	\N	4	Austin	TX	78723	US	30.2979999999999983	-97.7069999999999936	2016-08-21 23:31:43.131352+00	2017-03-22 02:30:49.056127+00
3010	Growler Food Park	\N	5	Pflugerville	TX	78660	US	30.4490000000000016	-97.6069999999999993	2016-08-21 23:01:03.622149+00	2017-03-22 02:30:49.056127+00
3011	Food Park at La Frontera	\N	6	Round Rock	TX	78681	US	30.4810000000000016	-97.6770000000000067	2016-08-21 23:01:50.563872+00	2017-03-22 02:30:49.056127+00
3012	Las Palmas Food Bazaar	\N	8	Miami	FL	33136	US	25.7920000000000016	-80.195999999999998	2016-08-21 23:03:07.177813+00	2017-03-22 02:30:49.056127+00
3013	Tropical Food Court	\N	7	Fort Lauderdale	FL	33304	US	26.1359999999999992	-80.1370000000000005	2016-08-21 23:05:04.914807+00	2017-03-22 02:30:49.056127+00
3014	Snappy Food Park	\N	9	Coral Gables	FL	33146	US	25.7289999999999992	-80.2609999999999957	2016-08-21 23:12:10.112015+00	2017-03-22 02:30:49.056127+00
3015	LoDo TrPk	\N	10	Denver	CO	80202	US	39.7509999999999977	-105	2016-08-29 20:54:42.540882+00	2017-03-22 02:30:49.056127+00
3016	Del Mar	\N	11	Aurora	CO	80042	US	39.7280000000000015	-104.843999999999994	2016-08-30 21:12:08.717913+00	2017-03-22 02:30:49.056127+00
3017	Foothills Food Court	\N	12	Lakewood	CO	80226	US	39.7109999999999985	-105.084000000000003	2016-08-30 21:12:08.717913+00	2017-03-22 02:30:49.056127+00
30019	Ponta Negra Beach Boardwalk	\N	3	\N	\N	\N	\N	-5.87119999999999997	-35.1799999999999997	2017-04-08 16:01:23.846383+00	2017-04-08 16:03:08.092697+00
30020	Big 5 Sports Bar Food Park	\N	3	\N	\N	\N	\N	-5.66999999999999993	-36.2100000000000009	2017-04-09 02:27:13.714836+00	2017-04-09 02:27:13.714836+00
\.
SELECT pg_catalog.setval('food_parks_id_seq', 30020, true);



COPY users (id, username, password, first_name, last_name, role, provider, provider_id, provider_data, created_at, updated_at) FROM stdin;
11001	mp10	61a71ecc0510731399d2ecdae912760e	Stacy	Tran	CUSTOMER	local	local	{}	2016-08-21 23:31:43.131352+00	2017-02-03 09:25:30.279083+00
11002	mp27	defc72a96803a619a6735cd7e7e69e1b	Jonathan	Jones	CUSTOMER	local	local	{}	2016-08-21 23:01:03.622149+00	2017-02-03 09:54:22.527595+00
11004	mp4@gmail.com	4866d635ea7b0ed8e2452da897143528	Julie	Grant	OWNER	local	local	{}	2016-08-21 23:03:07.177813+00	2017-01-31 23:32:49.172208+00
11005	mp5@gmail.com	146eb1afa89654aca443976646460ef4	Bob	Smith	OWNER	local	local	{}	2016-08-21 23:05:04.914807+00	2017-01-31 23:32:49.172208+00
11006	mp6@gmail.com	5ce4c4a0a26e6df0fdbb380d78f4fab2	Cindy	Clark	OWNER	local	local	{}	2016-08-21 23:12:10.112015+00	2017-01-31 23:32:49.172208+00
11007	mptruck61	6cf9be93694189e06c66faa49a6cbc93	\N	\N	UNITMGR	local	local	{}	2016-08-29 20:54:42.540882+00	2017-01-31 23:32:49.172208+00
11008	mptruck64	5db0aeb457f45ddb90c35b39569c1348	\N	\N	UNITMGR	local	local	{}	2016-08-30 21:12:08.717913+00	2017-01-31 23:32:49.172208+00
11009	mptruck64five	dda2549944250c6c038797b463e7de99	\N	\N	UNITMGR	local	local	{}	2016-08-30 21:22:22.983667+00	2017-01-31 23:32:49.172208+00
11010	trucker1	2c914a017cf7354e6c6319afe0b664b2	\N	\N	UNITMGR	local	local	{}	2016-09-06 23:57:26.291924+00	2017-01-31 23:32:49.172208+00
11011	dn10@gmail.com	e04ddb7bae832648e9d649858ef578cb	Dennis	Nichols	ADMIN	local	local	{}	2016-10-20 23:33:15.004572+00	2017-01-31 23:32:49.172208+00
11012	lc11@gmail.com	23ad11f37c9dffc926f57dc0f8455dbc	Luiz	Cobello	ADMIN	local	local	{}	2016-10-22 18:42:04.179585+00	2017-01-31 23:32:49.172208+00
11013	mh12@gmail.com	125512e2351c28ad0bb01cc3d8db3703	Marcos	Hirano	ADMIN	local	local	{}	2016-10-22 18:41:25.721489+00	2017-01-31 23:32:49.172208+00
11017	jack@crazysubs.com	4ff9fc6e4e5d5f590c4f2134a8cc96d1	Jack	Crazy	OWNER	local	local	{}	2017-02-01 11:21:51.951081+00	2017-02-01 11:21:51.951081+00
11018	crazy56	33b0a180f307ca68ba2c2dfa55f6ff4c	\N	\N	UNITMGR	\N	\N	\N	2017-02-01 11:46:50.778073+00	2017-02-01 11:46:50.778073+00
11020	Mo@totino.com	27c9d5187cd283f8d160ec1ed2b5ac89	Mo	Totino	OWNER	local	local	{}	2017-02-02 07:04:17.433015+00	2017-02-02 07:04:17.433015+00
11021	moe56	276fbf86abd87a184df2b737328b6973	\N	\N	UNITMGR	\N	\N	\N	2017-02-02 07:47:24.105698+00	2017-02-02 07:47:24.105698+00
11024	Bangkok@cafe.com	bangkok	Bangkok	Cafe	OWNER	local	local	{}	2017-02-02 08:43:47.94126+00	2017-02-02 09:09:32.202801+00
11003	mp4	28dafd4a8cb5f33065e93cbc83862563	Marco and Inez	Pena	CUSTOMER	local	local	{}	2016-08-21 23:01:50.563872+00	2017-02-02 09:35:54.217743+00
11025	Grilla@grillacheez.com	82edd3141a6270a3ac5e93323c07a7e1	Grilla	Cheez	OWNER	local	local	{}	2017-02-02 21:14:48.007795+00	2017-02-02 21:14:48.007795+00
11026	grilla56	09424725eaf9b79082cff28ec83e114c	\N	\N	UNITMGR	\N	\N	\N	2017-02-02 21:25:02.499941+00	2017-02-02 21:25:02.499941+00
11068	mg26@gmail.com	22c7b568334f78f0a122ee388557660e	mg2	spy	CUSTOMER	local	local	{}	2017-02-03 19:07:56.71264+00	2017-02-03 19:07:56.71264+00
11165	suren@aryvart.com	b6c231fc212b1a67d4965d0b1527358c	Surendiran	Parasuraman	CUSTOMER	local	local	{}	2017-02-06 05:44:09.338925+00	2017-02-06 05:44:09.338925+00
11168	grilla56@gmail.com	09424725eaf9b79082cff28ec83e114c	\N	\N	UNITMGR	\N	\N	\N	2017-02-06 07:01:15.7952+00	2017-02-06 07:01:15.7952+00
11169	Jack	4ff9fc6e4e5d5f590c4f2134a8cc96d1	\N	\N	UNITMGR	\N	\N	\N	2017-02-06 07:11:55.254344+00	2017-02-06 07:11:55.254344+00
11174	grilla26	3ee0410d3f0f9cf2d1b2f07c2d74604d	\N	\N	UNITMGR	\N	\N	\N	2017-02-06 09:51:07.21648+00	2017-02-06 09:51:07.21648+00
11190	testetcus@gmail.com	e10adc3949ba59abbe56e057f20f883e	Tester	Customer	CUSTOMER	local	local	{}	2017-02-08 01:37:49.206449+00	2017-02-08 01:37:49.206449+00
11192	chunky@monkey.com	90ead2a2940e7f354c310900a950043a	Chunky	Monkey	OWNER	local	local	{}	2017-02-08 07:22:17.334042+00	2017-02-08 07:22:17.334042+00
11193	chunkytruck1	90ead2a2940e7f354c310900a950043a	\N	\N	UNITMGR	\N	\N	\N	2017-02-08 07:22:22.781745+00	2017-02-08 07:22:22.781745+00
11194	s56	73ebb0e2299c89dc70a54abbde5c0a7c	Stacy	Brown	CUSTOMER	local	local	{}	2017-03-05 03:29:11.870072+00	2017-03-05 03:29:11.870072+00
11195	bob56	90c4b084124e57b98082ce30f93e87dd	Bob	Smith	CUSTOMER	local	local	{}	2017-03-05 03:29:28.312808+00	2017-03-05 03:29:28.312808+00
11216	j56	ab75a542f5cf2bb17bf700ea393b4326	Jimmy	Chow	CUSTOMER	local	local	{}	2017-03-06 19:38:15.612023+00	2017-03-06 19:38:15.612023+00
11217	vinaybhavsar@cdnsol.com	704da6e1589cfc6fe1cd2ac59addfec8	Vinay	Bhavsar	OWNER	local	local	{}	2017-03-22 11:49:33.173004+00	2017-03-22 11:49:33.173004+00
11218	vinaybhavsartruck1	704da6e1589cfc6fe1cd2ac59addfec8	\N	\N	UNITMGR	\N	\N	\N	2017-03-22 11:49:39.954103+00	2017-03-22 11:49:39.954103+00
11219	firminoata@gmail.com	e9da82f4c252e7f1745ae88f2624fc07	Joao	Firmino	OWNER	local	local	{}	2017-03-23 00:45:38.618878+00	2017-03-23 00:45:38.618878+00
11220	Jimmy@konfusion.com	c2fe677a63ffd5b7ffd8facbf327dad0	Jimmy	Chu	OWNER	local	local	{}	2017-03-23 19:22:51.062785+00	2017-03-23 19:22:51.062785+00
11221	Jimmytruck1	c2fe677a63ffd5b7ffd8facbf327dad0	\N	\N	UNITMGR	\N	\N	\N	2017-03-23 20:31:57.029208+00	2017-03-23 20:31:57.029208+00
11222	chutruck1	cbcefaf71b4677cb8bcc006e0aeaa34a	\N	\N	UNITMGR	\N	\N	\N	2017-03-23 21:00:11.570319+00	2017-03-23 21:00:11.570319+00
11223	Fogo@thaitanicxpress.com	705eb2cad4537d7ace7fc73bb273f50d	Fogo	Ho	OWNER	local	local	{}	2017-03-24 15:53:41.496447+00	2017-03-24 15:53:41.496447+00
11224	fogotruck1	705eb2cad4537d7ace7fc73bb273f50d	\N	\N	UNITMGR	\N	\N	\N	2017-03-24 15:54:11.306417+00	2017-03-24 15:54:11.306417+00
11225	nuvo@me.com	4bd71661de7274e452bc735e1b9bb7ed	nuvo	goody	OWNER	local	local	{}	2017-03-25 13:04:00.221987+00	2017-03-25 13:04:00.221987+00
11226	nuvotruck1	4bd71661de7274e452bc735e1b9bb7ed	\N	\N	UNITMGR	\N	\N	\N	2017-03-25 13:04:06.793619+00	2017-03-25 13:04:06.793619+00
11227	Manny@classycuban.com	8fe78ac0eaabf2f474b0de3a968e165e	Manny	Cuba	OWNER	local	local	{}	2017-03-27 02:22:27.156454+00	2017-03-27 02:22:27.156454+00
11228	mannytruck1	8fe78ac0eaabf2f474b0de3a968e165e	\N	\N	UNITMGR	\N	\N	\N	2017-03-27 02:22:34.961865+00	2017-03-27 02:22:34.961865+00
11229	Frank@bbq.com	26253c50741faa9c2e2b836773c69fe6	Frank	Hill	OWNER	local	local	{}	2017-03-28 19:12:04.676928+00	2017-03-28 19:12:04.676928+00
11230	franktruck1	26253c50741faa9c2e2b836773c69fe6	\N	\N	UNITMGR	\N	\N	\N	2017-03-28 19:12:11.624981+00	2017-03-28 19:12:11.624981+00
11231	Bob@bbq.com	9f9d51bc70ef21ca5c14f307980a29d8	Bob	Jones	OWNER	local	local	{}	2017-03-28 19:16:44.00305+00	2017-03-28 19:16:44.00305+00
11232	bobtruck1	9f9d51bc70ef21ca5c14f307980a29d8	\N	\N	UNITMGR	\N	\N	\N	2017-03-28 19:16:50.683263+00	2017-03-28 19:16:50.683263+00
11233	Jimmy@MyFood.com	c2fe677a63ffd5b7ffd8facbf327dad0	Jimmy	Chow	OWNER	local	local	{}	2017-03-31 17:49:39.128683+00	2017-03-31 17:49:39.128683+00
11234	Dummy@me.com	275876e34cf609db118f3d84b799a790	Dummy	Dumb	OWNER	local	local	{}	2017-04-01 18:23:01.697481+00	2017-04-01 18:23:01.697481+00
11235	dummytruck1	275876e34cf609db118f3d84b799a790	\N	\N	UNITMGR	\N	\N	\N	2017-04-01 18:23:08.986062+00	2017-04-01 18:23:08.986062+00
11236	dfdsf@gmail.com	a1fa59e79bba1a38bb0684d3298c9ddd	dsfdsf	dsfdf	OWNER	local	local	{}	2017-04-01 19:25:53.606803+00	2017-04-01 19:25:53.606803+00
11237	dfdsftruck1	a1fa59e79bba1a38bb0684d3298c9ddd	\N	\N	UNITMGR	\N	\N	\N	2017-04-01 19:25:59.79044+00	2017-04-01 19:25:59.79044+00
11238	jon.kazarian@gmail.com	16d7a4fca7442dda3ad93c9a726597e4	j	k	OWNER	local	local	{}	2017-04-01 20:10:59.253743+00	2017-04-01 20:10:59.253743+00
11239	jon.kazariantruck1	16d7a4fca7442dda3ad93c9a726597e4	\N	\N	UNITMGR	\N	\N	\N	2017-04-01 20:11:06.027822+00	2017-04-01 20:11:06.027822+00
11240	Billy@me.com	89c246298be2b6113fb10ba80f3c6956	Billy	Bob	OWNER	local	local	{}	2017-04-02 23:04:22.597168+00	2017-04-02 23:04:22.597168+00
11241	billytruck1	89c246298be2b6113fb10ba80f3c6956	\N	\N	UNITMGR	\N	\N	\N	2017-04-02 23:04:30.660808+00	2017-04-02 23:04:30.660808+00
11242	dnick66@gmail.com	416a88b9efa03e0f809958793624cea5	Dennis	Nichols	OWNER	local	local	{}	2017-04-04 12:01:13.741651+00	2017-04-04 12:01:13.741651+00
11243	dnick66truck1	416a88b9efa03e0f809958793624cea5	\N	\N	UNITMGR	\N	\N	\N	2017-04-04 12:01:20.506246+00	2017-04-04 12:01:20.506246+00
11244	Dennis@streetfoodEZ.com	416a88b9efa03e0f809958793624cea5	Dennis	Nichols	OWNER	local	local	{}	2017-04-04 12:15:19.781387+00	2017-04-04 12:15:19.781387+00
11245	dennistruck1	416a88b9efa03e0f809958793624cea5	\N	\N	UNITMGR	\N	\N	\N	2017-04-04 12:15:26.401626+00	2017-04-04 12:15:26.401626+00
11246	Gen1Living@gmail.com	416a88b9efa03e0f809958793624cea5	Dennis	Nichols	OWNER	local	local	{}	2017-04-04 16:33:29.250527+00	2017-04-04 16:33:29.250527+00
11247	gen1livingtruck1	416a88b9efa03e0f809958793624cea5	\N	\N	UNITMGR	\N	\N	\N	2017-04-04 16:33:36.725433+00	2017-04-04 16:33:36.725433+00
11248	Gen1Living	416a88b9efa03e0f809958793624cea5	\N	\N	UNITMGR	\N	\N	\N	2017-04-04 17:07:04.584469+00	2017-04-04 17:07:04.584469+00
11249	gen1	416a88b9efa03e0f809958793624cea5	\N	\N	UNITMGR	\N	\N	\N	2017-04-04 17:07:42.249866+00	2017-04-04 17:07:42.249866+00
11250	root	aa95959e46a8f9c9580ad338a5c0542b	\N	\N	UNITMGR	\N	\N	\N	2017-04-05 10:04:45.91599+00	2017-04-05 10:04:45.91599+00
11251	matt.guiger@gmail.com	ce86d7d02a229acfaca4b63f01a1171b	Matt	Guiger	CUSTOMER	local	local	{}	2017-04-05 14:14:22.988427+00	2017-04-05 14:14:22.988427+00
11252	chunkytruck2	90ead2a2940e7f354c310900a950043a	\N	\N	UNITMGR	\N	\N	\N	2017-04-07 11:59:50.670266+00	2017-04-07 11:59:50.670266+00
11253	usernameqwwqwqw	1a1dc91c907325c69271ddf0c944bc72	\N	\N	UNITMGR	\N	\N	\N	2017-04-08 03:56:54.01191+00	2017-04-08 03:56:54.01191+00
11254	asdsad	a8f5f167f44f4964e6c998dee827110c	\N	\N	UNITMGR	\N	\N	\N	2017-04-08 04:33:08.231996+00	2017-04-08 04:33:08.231996+00
11255	asd	a8f5f167f44f4964e6c998dee827110c	\N	\N	UNITMGR	\N	\N	\N	2017-04-08 04:34:02.296302+00	2017-04-08 04:34:02.296302+00
11256	yog	cef468eeda569cc1b16b45fd53200b9c	\N	\N	UNITMGR	\N	\N	\N	2017-04-08 04:34:49.133773+00	2017-04-08 04:34:49.133773+00
11257	sdfsdf	979d472a84804b9f647bc185a877a8b5	\N	\N	UNITMGR	\N	\N	\N	2017-04-08 04:42:15.84034+00	2017-04-08 04:42:15.84034+00
11258	retert	e3e84538a1b02b1cc11bf71fe3169958	\N	\N	UNITMGR	\N	\N	\N	2017-04-08 04:43:11.916678+00	2017-04-08 04:43:11.916678+00
11259	asdasd	7815696ecbf1c96e6894b779456d330e	\N	\N	UNITMGR	\N	\N	\N	2017-04-08 04:52:48.718835+00	2017-04-08 04:52:48.718835+00
11261	qweqw	006d2143154327a64d86a264aea225f3	\N	\N	UNITMGR	\N	\N	\N	2017-04-08 04:53:24.23281+00	2017-04-08 04:53:24.23281+00
11263	ashishsebastian@cdnsol.com	704da6e1589cfc6fe1cd2ac59addfec8	allwyn	alvin	CUSTOMER	local	local	{}	2017-04-08 10:29:29.066162+00	2017-04-08 10:29:29.066162+00
11260	chunky56	2ea461d364cd78ffc364ceedbb12da91	\N	\N	UNITMGR	\N	\N	\N	2017-04-08 04:53:07.853728+00	2017-04-08 04:53:07.853728+00
11264	fogo56	7639294f3d74108e5c0d029ffa05200e	\N	\N	UNITMGR	\N	\N	\N	2017-04-08 15:43:54.335992+00	2017-04-08 15:43:54.335992+00
11265	fogo26	7a24aff8b46ffd92b002f6e1054c67ba	\N	\N	UNITMGR	\N	\N	\N	2017-04-08 15:44:39.917619+00	2017-04-08 15:44:39.917619+00
11266	fogo76	d571ebb8956cf5e642a983f6caa797ca	\N	\N	UNITMGR	\N	\N	\N	2017-04-08 15:46:18.687364+00	2017-04-08 15:46:18.687364+00
11268	manny56	a809b284f8106a91d89df25e18f2c668	\N	\N	UNITMGR	\N	\N	\N	2017-04-08 16:16:49.111114+00	2017-04-08 16:16:49.111114+00
11269	manny26	d841d99d6c33f479181431373ae5bb71	\N	\N	UNITMGR	\N	\N	\N	2017-04-08 16:18:36.70971+00	2017-04-08 16:18:36.70971+00
11270	Joe@mightjoes.com	8ff32489f92f33416694be8fdc2d4c22	Mighty	Joe	OWNER	local	local	{}	2017-04-08 16:22:51.569562+00	2017-04-08 16:22:51.569562+00
11271	joetruck1	8ff32489f92f33416694be8fdc2d4c22	\N	\N	UNITMGR	\N	\N	\N	2017-04-08 16:22:59.351554+00	2017-04-08 16:22:59.351554+00
11272	joe56	0a920d52b15f92c35393a0d4480f0767	\N	\N	UNITMGR	\N	\N	\N	2017-04-08 16:30:09.638072+00	2017-04-08 16:30:09.638072+00
11273	tango56	b72deb0db6864258c12eeeae3ee2895f	tango56	tango56	CUSTOMER	local	local	{}	2017-04-08 23:35:01.728961+00	2017-04-08 23:35:01.728961+00
11274	fogo16	f79c422cd62e5006292cb49cbc5f693d	\N	\N	UNITMGR	\N	\N	\N	2017-04-09 22:22:49.775635+00	2017-04-09 22:22:49.775635+00
11275	fogo46	f32fa5f81b6a0d4cdc9662d74bb122f9	\N	\N	UNITMGR	\N	\N	\N	2017-04-09 22:25:13.761133+00	2017-04-09 22:25:13.761133+00
11267	fogo106	686036a8d37e73b887b437eae0bee3c7	\N	\N	UNITMGR	\N	\N	\N	2017-04-08 16:15:25.144058+00	2017-04-10 00:09:45.955109+00
11276	fogo116	1da69897d917a8f348baff61b9daf3ec	\N	\N	UNITMGR	\N	\N	\N	2017-04-10 00:12:05.84375+00	2017-04-10 00:12:05.84375+00
11277	yogesh	202cb962ac59075b964b07152d234b70	\N	\N	UNITMGR	\N	\N	\N	2017-04-10 03:50:44.73999+00	2017-04-10 03:50:44.73999+00
11279	test	d5d8982b86cf8b0c34727c6eea13c053	\N	\N	UNITMGR	\N	\N	\N	2017-04-10 03:56:42.461772+00	2017-04-10 03:56:42.461772+00
11280	qwerty	d8578edf8458ce06fbc5bb76a58c5ca4	\N	\N	UNITMGR	\N	\N	\N	2017-04-10 04:02:41.882991+00	2017-04-10 04:02:41.882991+00
11281	raskstn@gmail.com	751420e2457e6ccc7971358d5d8a8215	raskin	stans	CUSTOMER	local	local	{}	2017-04-10 11:40:43.095535+00	2017-04-10 11:40:43.095535+00
11282	testmngr@tester.com	cc03e747a6afbbcbf8be7668acfebee5	testmngr	testmngr	OWNER	local	local	{}	2017-04-10 13:35:27.210568+00	2017-04-10 13:35:27.210568+00
11283	sam@grant.vom	56fafa8964024efa410773781a5f9e93	sam	Garnant	OWNER	local	local	{}	2017-04-10 13:37:26.48264+00	2017-04-10 13:37:26.48264+00
11284	test@tester.com	704da6e1589cfc6fe1cd2ac59addfec8	stanins	bartheion	CUSTOMER	local	local	{}	2017-04-10 13:43:53.449113+00	2017-04-10 13:43:53.449113+00
11285	test5@sfez.com	289d9c456f886cc8876392260e103ff2	stanins	bartheion	OWNER	local	local	{}	2017-04-10 13:45:19.277613+00	2017-04-10 13:45:19.277613+00
11262	sfsdfas	115ad9fa3a50d87327ac757c61ff8528	\N	\N	UNITMGR	\N	\N	\N	2017-04-08 04:54:57.563275+00	2017-04-08 04:54:57.563275+00
11278	testera	07862e6794a39c150aef26ee61538797	\N	\N	UNITMGR	\N	\N	\N	2017-04-10 03:54:54.971092+00	2017-04-10 03:54:54.971092+00
11286	Crazy@crazysubs.com	297aae72cc4d0d068f46a9158469e34d	Crazy	One	OWNER	local	local	{}	2017-04-12 12:01:57.013755+00	2017-04-12 12:01:57.013755+00
11287	crazytruck1	297aae72cc4d0d068f46a9158469e34d	\N	\N	UNITMGR	\N	\N	\N	2017-04-12 12:02:04.711554+00	2017-04-12 12:02:04.711554+00
11288	tester@qr.com	19f6d71f70c2c2eb05e7579dfd234e8b	testerqr	qrcode	CUSTOMER	local	local	{}	2017-04-12 13:25:25.762646+00	2017-04-12 13:25:25.762646+00
11293	tacos@pacostacos.com	dacedf41210444fe8547f5b1cf085a6c	Paco	Rodriguez	OWNER	local	local	{}	2017-04-13 09:10:13.108285+00	2017-04-13 09:10:13.108285+00
11294	tacostruck1	dacedf41210444fe8547f5b1cf085a6c	\N	\N	UNITMGR	\N	\N	\N	2017-04-13 09:10:19.816691+00	2017-04-13 09:10:19.816691+00
11295	rajan.rajan977@gmail.com	e10adc3949ba59abbe56e057f20f883e	rajan	ramani	OWNER	local	local	{}	2017-04-13 11:07:32.709035+00	2017-04-13 11:07:32.709035+00
11296	rajan.rajan977truck1	e10adc3949ba59abbe56e057f20f883e	\N	\N	UNITMGR	\N	\N	\N	2017-04-13 11:07:39.789052+00	2017-04-13 11:07:39.789052+00
11297	classy56	a26bf6439c7b17fab1c6cd0ae43b7512	\N	\N	UNITMGR	\N	\N	\N	2017-04-16 14:33:07.043751+00	2017-04-16 14:33:07.043751+00
11298	m56	1500036860c8afd328309fa3af15e933	Marcy	Jones	CUSTOMER	local	local	{}	2017-04-16 14:54:44.284436+00	2017-04-16 14:54:44.284436+00
11299	d56	ad71b715717f7e4757565373c1a88e1f	Dirk	Nowitzki	CUSTOMER	local	local	{}	2017-04-16 19:17:03.953835+00	2017-04-16 19:17:03.953835+00
11300	health@gen1living.com	416a88b9efa03e0f809958793624cea5	d	n	CUSTOMER	local	local	{}	2017-04-24 17:00:57.093372+00	2017-04-24 17:00:57.093372+00
11301	destructoden@gmail.com	416a88b9efa03e0f809958793624cea5	D	N	OWNER	local	local	{}	2017-04-24 19:14:59.113433+00	2017-04-24 19:14:59.113433+00
11302	destructodentruck1	416a88b9efa03e0f809958793624cea5	\N	\N	UNITMGR	\N	\N	\N	2017-04-24 19:15:07.486618+00	2017-04-24 19:15:07.486618+00
11303	manager2	416a88b9efa03e0f809958793624cea5	\N	\N	UNITMGR	\N	\N	\N	2017-04-24 19:29:23.383457+00	2017-04-24 19:29:23.383457+00
11304	destructodentruck3	416a88b9efa03e0f809958793624cea5	\N	\N	UNITMGR	\N	\N	\N	2017-04-25 12:14:38.315145+00	2017-04-25 12:14:38.315145+00
11305	Luiz.cambao@gmail.com	80e408ff350752abc908fb59bdd94fe8	Luiz	Claudio	CUSTOMER	local	local	{}	2017-04-27 15:58:32.282696+00	2017-04-27 15:58:32.282696+00
11306	lui_cla@hotmail.com	170f9a8f689fc69157ad6d3a62ecd92f	luiz	Claudio	CUSTOMER	local	local	{}	2017-04-30 14:24:27.607111+00	2017-04-30 14:24:27.607111+00
11307	ramonswiz@gmail.com	6a557ed1005dddd940595b8fc6ed47b2	ramon	siwzki	CUSTOMER	local	local	{}	2017-05-01 13:17:50.158416+00	2017-05-01 13:17:50.158416+00
11308	regist@gmail.com	5c769a1e38d1af34a22a4fdf3e334409	registertest	test	CUSTOMER	local	local	{}	2017-05-01 13:21:57.102972+00	2017-05-01 13:21:57.102972+00
11309	samtag@gmail.com	56fafa8964024efa410773781a5f9e93	samule	tagore	CUSTOMER	local	local	{}	2017-05-01 13:35:44.954441+00	2017-05-01 13:35:44.954441+00
11310	louepark@gmail.com	e759345b7ed1cedf9c5bf757ec0189b5	louis	parker	OWNER	local	local	{}	2017-05-01 13:57:42.925882+00	2017-05-01 13:57:42.925882+00
11311	solm@gmail.com	d0b8291c599616ebebd69629aa5fc077	standley	solomon	CUSTOMER	local	local	{}	2017-05-01 15:12:37.59943+00	2017-05-01 15:12:37.59943+00
11312	silvia@gmail.com	ecb22d57339b946f66817e43583e51ce	silvia	drozen	CUSTOMER	local	local	{}	2017-05-01 15:32:06.524032+00	2017-05-01 15:32:06.524032+00
11313	Jose@empanada.com	662eaa47199461d01a623884080934ab	Jose	Empanada	OWNER	local	local	{}	2017-05-10 17:42:14.962606+00	2017-05-10 17:42:14.962606+00
11314	josetruck1	662eaa47199461d01a623884080934ab	\N	\N	UNITMGR	\N	\N	\N	2017-05-10 17:42:22.22021+00	2017-05-10 17:42:22.22021+00
11315	Churros@me.com	42cb478d1eb3855929cc3187c10aebec	Churros	Factory	OWNER	local	local	{}	2017-05-10 18:47:44.490878+00	2017-05-10 18:47:44.490878+00
11316	churrostruck1	42cb478d1eb3855929cc3187c10aebec	\N	\N	UNITMGR	\N	\N	\N	2017-05-10 18:59:29.553986+00	2017-05-10 18:59:29.553986+00
11317	Boss@fanzone.com	ceb8447cc4ab78d2ec34cd9f11e4bed2	Boss	Man	OWNER	local	local	{}	2017-05-10 20:04:17.256299+00	2017-05-10 20:04:17.256299+00
11318	bosstruck1	ceb8447cc4ab78d2ec34cd9f11e4bed2	\N	\N	UNITMGR	\N	\N	\N	2017-05-10 20:04:24.484097+00	2017-05-10 20:04:24.484097+00
11319	fred@fritanga.com	570a90bfbf8c7eab5dc5d4e26832d5b1	Fred	Fritanga	OWNER	local	local	{}	2017-05-10 20:58:39.690794+00	2017-05-10 20:58:39.690794+00
11320	fredtruck1	570a90bfbf8c7eab5dc5d4e26832d5b1	\N	\N	UNITMGR	\N	\N	\N	2017-05-10 20:58:46.683897+00	2017-05-10 20:58:46.683897+00
11321	Ron@ticketmaster.com	45798f269709550d6f6e1d2cf4b7d485	Ron	Ticket	OWNER	local	local	{}	2017-05-10 21:05:56.747692+00	2017-05-10 21:05:56.747692+00
11322	rontruck1	45798f269709550d6f6e1d2cf4b7d485	\N	\N	UNITMGR	\N	\N	\N	2017-05-10 21:06:03.969185+00	2017-05-10 21:06:03.969185+00
11323	t@b.cd	1a1dc91c907325c69271ddf0c944bc72	t	b	OWNER	local	local	{}	2017-05-10 23:52:21.599849+00	2017-05-10 23:52:21.599849+00
11324	ttruck1	1a1dc91c907325c69271ddf0c944bc72	\N	\N	UNITMGR	\N	\N	\N	2017-05-10 23:52:30.435867+00	2017-05-10 23:52:30.435867+00
11325	luiz@saborbrasil.com.br	170f9a8f689fc69157ad6d3a62ecd92f	Luiz	Claudio	OWNER	local	local	{}	2017-05-11 15:54:53.539657+00	2017-05-11 15:54:53.539657+00
11326	luiztruck1	5e9b9edbe4c007c65c56c686ea22c594	\N	\N	UNITMGR	\N	\N	\N	2017-05-11 15:55:00.272585+00	2017-05-11 15:55:00.272585+00
11327	luiz@saborbrasileiro.com.br	170f9a8f689fc69157ad6d3a62ecd92f	Luiz	Gomes	OWNER	local	local	{}	2017-05-11 21:28:17.229644+00	2017-05-11 21:28:17.229644+00
11328	saborbrasil	aec60231d83fe6cf81444bc536596887	\N	\N	UNITMGR	\N	\N	\N	2017-05-11 21:34:01.401642+00	2017-05-11 21:34:01.401642+00
\.
SELECT pg_catalog.setval('users_id_seq', 11328, true);


COPY admins (id, description, photo, super_admin, city, state, country, user_id, created_at, updated_at) FROM stdin;
1	\N	\N	f	\N	\N	\N	11011	2016-10-20 23:33:15.198515	2016-10-20 23:33:15.198515
2	\N	\N	f	\N	\N	\N	11012	2016-10-22 18:42:04.186193	2016-10-22 18:42:04.186193
3	\N	\N	f	\N	\N	\N	11013	2016-10-22 18:41:25.893483	2016-10-22 18:41:25.893483
\.
SELECT pg_catalog.setval('admins_id_seq', 4, true);

COPY companies (id, name, order_sys_id, base_slug, default_cat, daily_special_cat_id, daily_special_item_id, delivery_chg_cat_id, delivery_chg_item_id, delivery_chg_amount, description, email, phone, facebook, twitter, photo, featured_dish, hours, schedule, business_address, city, state, country, taxband, tags, stub, calculated_rating, user_id, show_vendor_setup, created_at, updated_at) FROM stdin;
1005	Crazy Jacks	1440710633996681868	crazy-jacks-1485966112929	1440710643157041805	1463319152025404122	\N	1440710650237026958	1440710659665822351	1.6	Homemade subs "Crazy Jack" style	Streetfoodez@hotmail.com	\N	www.facebook.com/crazyjacks	\N	https://commercecdn.com/1278235777548943678/8c75231e-33eb-4823-93e0-42093f79d98f.jpeg	https://commercecdn.com/1278235777548943678/ddcc397f-c3eb-4de2-babc-9a544ac5da9b.jpeg	10 am - 5 pm		\N	\N	\N	\N	\N	subs, burgers, bbq	\N	\N	11017	t	2017-02-01 21:21:56.123+00	2017-03-04 21:01:14.476317+00
1006	Moes Pizza	1441305766198772495	moes-pizza-1486037058170	1441305773295534864	1463320397347816156	\N	1441305780476183313	1441305790123082514	1.6	Pan pizza, buffalo wings, garlic chicken specials	Mo@totino.com	\N	www.facebook.com/Moespizza	\N	https://commercecdn.com/1278235777548943678/2f70d68d-01c6-4522-bac7-6113f4627035.jpeg	https://commercecdn.com/1278235777548943678/703961d4-b2a2-4885-91bd-0b55a6785f38.jpeg	10 am - 8 pm		\N	\N	\N	\N	\N	pizza, lasagna, pasta	\N	\N	11020	t	2017-02-02 17:04:21.21+00	2017-03-04 21:03:45.558819+00
1091	Konfusion	1477040512786497724	konfusion-1490296971930	1477040520797618365	1477040528833904830	\N	1477040536735973567	1477040546768748736	1.6	Best Asian Fusion in Natal!	Jimmy@konfusion.com	555-8888	www.facebook.com/Konfusion	\N	https://commercecdn.com/1278235777548943678/7b10d7fd-b3cd-4394-b482-63bd771d9dc7.jpeg	https://commercecdn.com/1278235777548943678/ce2b956f-a1a2-45df-92c6-5d210ccbe2a4.jpeg	\N	\N	123 Confused Ln	\N	\N	\N	\N	Asian Fusion, Pad Thai	\N	\N	11220	t	2017-03-23 19:22:56.205119+00	2017-03-23 19:22:56.205119+00
1096	Bob's bbq	1480661310474551374	bob-s-bbq-1490728604646	1480661318368231503	1480661326656176208	\N	1480661334667296849	1480661344700072018	10	Best bbq in town!	Bob@bbq.com	55 84 7534 3434	www.facebook.com/bobsbbq	\N	https://commercecdn.com/1278235777548943678/20a2a239-84ab-42d2-89a0-8c61bfb69f3b.jpeg	https://commercecdn.com/1278235777548943678/b638ae6a-781f-478b-8594-139fab967d98.jpeg	11:00 AM-9:00 PM	0,1,2,3,4	123 prudente	\N	\N	\N	\N	bbq, sandwiches	\N	\N	11231	t	2017-03-28 19:16:48.916424+00	2017-03-28 19:16:48.916424+00
1090	luigi	1476478201743016015	luigi-1490229939223	1476478209586364496	1476478217429712977	\N	1476478225247895634	1476478235406499923	1.6	\N	firminoata@gmail.com	\N	\N	\N	https://commercecdn.com/1278235777548943678/e5a1db23-d896-4773-9dbb-607d37ceb38c.jpeg	\N	\N	\N	\N	\N	\N	\N	\N	\N	\N	\N	11219	t	2017-03-23 00:45:43.432664+00	2017-03-23 00:45:43.432664+00
1089	Vinay Bhavsar	1476087582344347651	vinay-bhavsar-1490183373758	1476087589952815108	1476087597687111685	\N	1476087605303967750	1476087615227691015	1.6	Just testing	vinaybhavsar@cdnsol.com	9893479705	\N	\N	https://commercecdn.com/1278235777548943678/139509f9-dd3d-4216-b4d1-80205e62d577.jpeg	https://commercecdn.com/1278235777548943678/ed1b07d1-857b-4cbe-9ccd-252ead133d6f.jpeg	11:00 AM-8:00 PM	0,1,2,3,4,5,6	304 CDN Software Solutions, Princess Sky Park, AB Road, Indore	\N	\N	\N	\N	#testing	\N	\N	11217	t	2017-03-22 11:49:37.871349+00	2017-03-22 11:49:37.871349+00
1001	Pacos Tacos	1293770040725734215	pacos-1472261511383	1325748109401129298	1463318392957043417	1488707787419550321	1463321163915592413	1463324599998481122	1.6	Fresh street food tacos	tacos@pacos.com	\N	www.facebook.com/pacostacos	@pacostacos	commercecdn.com/1278235777548943678/9e5cd3fe-8f1b-4741-96c6-f54b90e5cf9a.jpeg	commercecdn.com/1278235777548943678/36091932-cb57-46ea-8694-bdaf344a0083.jpeg	11am-8pm		\N	\N	\N	\N	\N	tacos, enchiladas	\N	\N	11004	t	2016-08-27 01:31:52.102+00	2017-03-04 21:12:32.307442+00
1093	Nuvo	1478299382196470212	nuvo-1490447040851	1478299389981098437	1478299397690229190	\N	1478299405265142215	1478299415230808520	1.6	\N	nuvo@me.com	\N	\N	\N	\N	\N	\N	\N	\N	\N	\N	\N	\N	\N	\N	\N	11225	t	2017-03-25 13:04:04.990298+00	2017-03-25 13:04:04.990298+00
1088	Chunky Monkey	1445663478260957711	chunky-monkey-1486556537929	1445663485726818832	1463319636031308507	1465189269227176025	1445663493511447057	1445663503426781714	13	Best hot fudge sundaes in town	streetfoodez@sumup.com	212	www.facebook.com/chunkymonkey1	\N	https://commercecdn.com/1278235777548943678/462a01bc-583c-4892-9144-a117ca406783.png	https://commercecdn.com/1278235777548943678/0ad8cddc-28c8-4ca5-b70c-77296672ccd6.jpeg	11:00 AM-8:00 PM	0,1,2,3,4	123 Chunky	\N	\N	\N	\N	bananas, ice cream	\N	\N	11192	t	2017-02-08 12:22:21.119+00	2017-03-04 21:02:08.923872+00
1095	Frank's BBQ	1480658966731030601	frank-s-bbq-1490728325251	1480658974465327178	1480658982182846539	1497996578563031143	1480658990454014028	1480659000478400589	9	Old fashion country bbq ready when you are!	streetfoodez@sumup.com	555-frankbbqnow	www.facebook.com/franksbbq	\N	https://commercecdn.com/1278235777548943678/b73963cc-0025-4b0f-a2e3-3d1ac4ec1994.jpeg	https://commercecdn.com/1278235777548943678/3800a579-f9a8-4964-949e-fb53ed5d16d4.jpeg	12:00 PM-10:00 PM	0,1,2	123 bbq lane	\N	\N	\N	\N	bbq, pulled pork, brisket	\N	\N	11229	t	2017-03-28 19:12:09.468753+00	2017-03-28 19:12:09.468753+00
1097	My Food	1482791807895995121	my-food-1490982579738	1482791815806452466	1482791823398142707	\N	1482791831199548148	1482791841316209397	10	Best tacos in Natal!	Jimmy@MyFood.com	555-9999	www.facebook.com/myfood	\N	https://commercecdn.com/1278235777548943678/386aac36-54fd-40e0-b697-375a04eb7c41.jpeg	https://commercecdn.com/1278235777548943678/056182db-e37a-49dc-a17a-915171e80a58.jpeg	11:00 AM-9:00 PM	0,1,2,3,4	123 Jackson ave	\N	\N	\N	\N	tacos, enchiladas	\N	\N	11233	t	2017-03-31 17:49:43.924178+00	2017-03-31 17:49:43.924178+00
1099	dfsdf	1483565024885605217	dfsdf-1491074754374	1483565032603124578	1483565040429695843	\N	1483565048004608868	1483565057936720741	10	\N	dfdsf@gmail.com	\N	\N	\N	\N	\N	11:00 AM-8:00 PM	0	\N	\N	\N	\N	\N	\N	\N	\N	11236	t	2017-04-01 19:25:58.634203+00	2017-04-01 19:25:58.634203+00
1098	Dummy	1483533384364852056	dummy-1491070982562	1483533392401138521	1483533400303207258	\N	1483533407953617755	1483533418179330908	10	dumb dumb dumb	Dummy@me.com	\N	www.facebook.com/dumb	\N	\N	\N	11:00 AM-9:00 PM	0,1,2,3,4	123 dumb	\N	\N	\N	\N	pizza	\N	\N	11234	t	2017-04-01 18:23:06.780152+00	2017-04-01 18:23:06.780152+00
1100	test2	1483587720071611253	test2-1491077459842	1483587733870871414	1483587742007821175	\N	1483587750002164600	1483587760915743609	10	\N	jon.kazarian@gmail.com	\N	\N	\N	https://commercecdn.com/1278235777548943678/dee5d9d7-8251-42e3-b114-2e750b9b0837.jpeg	\N	11:00 AM-8:59 AM	2,3	\N	\N	\N	\N	\N	#pizza	\N	\N	11238	t	2017-04-01 20:11:04.905197+00	2017-04-01 20:11:04.905197+00
1008	Grilla Cheez	1441733842225332401	grilla-cheez-1486088088823	1441733850261618866	1463313172281688785	1468229545193636616	1441733858146910387	1441733867391156404	8	Get your taste buds ready for a cheese avalanche	streetfoodez@sumup.com	\N	www.facebook.com/grillacheez	\N	https://commercecdn.com/1278235777548943678/b10b1939-f66f-4b49-837d-9c40a66d1ed0.jpeg	https://commercecdn.com/1278235777548943678/1d035d77-a55d-43fd-8654-e8f03de61220.jpeg	-		\N	\N	\N	\N	\N	grilled cheese, panini	\N	\N	11025	t	2017-02-03 07:14:52.001+00	2017-03-04 20:58:19.357435+00
1101	Billy's Burgers	1484399765453013923	billy-s-burgers-1491174263213	1484399773019538340	1484399780711891877	\N	1484399788169364390	1484399798227305383	10	Best bbq in Portland!	Billy@me.com	\N	www.facebook.com/billybob	\N	https://commercecdn.com/1278235777548943678/dd19bbaf-5eeb-4c10-a752-f04c72268236.jpeg	https://commercecdn.com/1278235777548943678/f6183bfc-1409-4ee5-8bc1-ca7a68e93e56.jpeg	11:00 AM-9:00 PM	0,1,2,3,4	123 1st ave	\N	\N	\N	\N	Cheeseburgers, pizza	\N	\N	11240	t	2017-04-02 23:04:27.326878+00	2017-04-02 23:04:27.326878+00
1110	Paco's Tacos	1491952453145329901	paco-s-tacos-1492074613789	1491952461559103726	1491952469477949679	\N	1491952477572956400	1491952487672840433	10	The best assortment of Mexican food you will find!	streetfoodez@sumup.com	555-Taco	www.facebook.com/pacostacos	\N	https://commercecdn.com/1278235777548943678/6aae55a7-4f5d-4b7d-aeb1-ce231b8519ff.jpeg	https://commercecdn.com/1278235777548943678/a77107fd-3ebd-4aea-921d-7bd26ad9ede9.jpeg	10:00 AM-9:00 PM	0,1,2,3,4	123 taco lane	\N	\N	\N	\N	Tacos, Enchiladas, Carne Asada	\N	\N	11293	t	2017-04-13 09:10:18.052114+00	2017-04-13 09:10:18.052114+00
1104	Den's Food Truck	1485652576048251274	den-s-food-truck-1491323609849	1485652584092926347	1485652600442323340	\N	1485652608294060429	1485652618662379918	10	Best food in Natal!!!	Gen1Living@gmail.com	\N	\N	\N	https://commercecdn.com/1278235777548943678/54a4873e-234a-4eca-abd8-04b5d1e0b0ee.jpeg	https://commercecdn.com/1278235777548943678/796e3a11-65a9-49e6-9d5e-119a7f0dc6fa.jpeg	11:00 AM-4:00 PM	0,1,2,3,4,5	\N	\N	\N	\N	\N	Food	\N	\N	11246	t	2017-04-04 16:33:35.127092+00	2017-04-04 16:33:35.127092+00
1092	Thaitanic Xpress	1477660013685113221	thaitanic-xpress-1490370822183	1477660021780119942	1477660029933846919	1479305500104327793	1477660037374542216	1477660047742861705	9	best asian fusion in town!	streetfoodez@sumup.com	555-8888	www.facebook.com/thaitanicxpress	\N	https://commercecdn.com/1278235777548943678/7c617dfe-8299-42d2-91d4-dd17368b07f5.jpeg	https://commercecdn.com/1278235777548943678/c310f106-bdf0-4391-a607-1282e82029ca.jpeg	11:00 AM-8:00 PM	0,1,2,3,4	123 Ho Chi Min Ln	\N	\N	\N	\N	asian fusion, thai	\N	\N	11223	t	2017-03-24 15:53:46.434461+00	2017-03-24 15:53:46.434461+00
1113	lupk	1505143118813463378	lupk-1493647063572	1505143126908470099	1505143135691342676	\N	1505143144163836757	1505143154683151190	10	\N	louepark@gmail.com	\N	\N	\N	\N	\N	\N	\N	\N	\N	\N	\N	\N	\N	\N	\N	11310	t	2017-05-01 13:57:48.040243+00	2017-05-01 13:57:48.040243+00
1102	Mama's got SOUL	1485515543640277206	mama-s-got-soul-1491307274362	1485515551416516823	1485515559209533656	\N	1485515567061270745	1485515576825610458	10	\N	dnick66@gmail.com	\N	\N	\N	commercecdn.com/1278235777548943678/836e86a4-85f6-4a16-9c49-0342cefca42b.jpeg	commercecdn.com/1278235777548943678/3c7ee2c9-73bc-400a-90a6-97549aea3478.jpeg	\N	\N	\N	\N	\N	\N	\N	Fried chicken, soul food, greens	\N	\N	11242	t	2017-04-04 12:01:18.527117+00	2017-04-04 12:01:18.527117+00
1111	rajanramani	1492011507074990336	rajanramani-1492081653535	1492011514700235009	1492011522610692354	\N	1492011530504372483	1492011540579090692	10	\N	rajan.rajan977@gmail.com	\N	\N	\N	\N	\N	\N	\N	\N	\N	\N	\N	\N	\N	\N	\N	11295	t	2017-04-13 11:07:37.725477+00	2017-04-13 11:07:37.725477+00
1103	Gen 1 Living	1485522640989847773	gen-1-living-1491308120431	1485522649026134238	1485522656953368799	\N	1485522664805105888	1485522675123093729	9	organic veggies for your delight	Dennis@streetfoodEZ.com	\N	\N	\N	\N	https://commercecdn.com/1278235777548943678/9b576ec5-c6f1-4a65-ae9d-389f856dc3f6.jpeg	11:00 AM-3:00 PM	1,2,3,4	\N	\N	\N	\N	\N	whole organic veggies	\N	\N	11244	t	2017-04-04 12:15:24.693776+00	2017-04-04 12:15:24.693776+00
1106	tmr007	1489911623240909662	tmr007-1491831327808	1489911631352693599	1489911639623861088	\N	1489911648012469089	1489911658498229090	10	\N	testmngr@tester.com	\N	\N	\N	\N	\N	\N	\N	\N	\N	\N	\N	\N	\N	\N	\N	11282	t	2017-04-10 13:35:32.21389+00	2017-04-10 13:35:32.21389+00
1107	sam123	1489912624018621283	sam123-1491831447107	1489912631996187492	1489912647036961637	\N	1489912655509455718	1489912665768723303	10	\N	sam@grant.vom	\N	\N	\N	\N	\N	\N	\N	\N	\N	\N	\N	\N	\N	\N	\N	11283	t	2017-04-10 13:37:32.284468+00	2017-04-10 13:37:32.284468+00
1108	sfez01	1489916589800162152	sfez01-1491831919886	1489916597660287849	1489916606468326250	\N	1489916614420726635	1489916624403170156	10	\N	test5@sfez.com	\N	\N	\N	\N	\N	\N	\N	\N	\N	\N	\N	\N	\N	\N	\N	11285	t	2017-04-10 13:45:24.387771+00	2017-04-10 13:45:24.387771+00
1109	Crazy Jack's	1491314112741769362	crazy-jack-s-1491998517618	1491314123277861011	1491314132731822228	1491334549076967599	1491314140935880853	1491314155003576470	9	Food is always tastier when it has a little "crazy" added to it!	Crazy@crazysubs.com	1-800-Crazy	www.facebook.com/crazyjacksubs	\N	https://commercecdn.com/1278235777548943678/c2e0e237-2648-47e1-aee1-5993d3a32139.jpeg	https://commercecdn.com/1278235777548943678/fe5da931-22e0-4b84-80a2-b38637592de1.jpeg	11:30 AM-10:00 PM	0,1,2,3,4	123 Crazy Lane	\N	\N	\N	\N	Subs, Sandwiches, Soup	\N	\N	11286	t	2017-04-12 12:02:02.959033+00	2017-04-12 12:02:02.959033+00
1105	Might Joe's	1488546329985548845	might-joe-s-1491668572190	1488546337803731502	1488546346544661039	\N	1488546354840994352	1488546368271155761	10	Marinated carne asada and smoked pork tacos!	streetfoodez@sumup.com	888-5555	www.facebook.com/mightyjoes	\N	https://commercecdn.com/1278235777548943678/be83a820-b60f-441a-9178-e7a1eb212cd0.jpeg	https://commercecdn.com/1278235777548943678/d9c70c24-7d63-4391-a374-e4c66589444f.jpeg	11:00 AM-9:00 PM	0,1,2,3,4	123 Mighty lane	\N	\N	\N	\N	Tacos, Enchiladas, Burritos	\N	\N	11270	t	2017-04-08 16:22:56.958871+00	2017-04-08 16:22:56.958871+00
1112	Soul Man	1500229375184863794	soul-man-1493061299752	1500229386131997235	1500229394688377396	\N	1500229411717251637	1500229422957986358	10	Todos comida do America sul com SOUL!  BBQ é a nossa especialidade!!!	streetfoodez@sumup.com	(84) 99919-0001	\N	\N	https://commercecdn.com/1278235777548943678/33e47d69-b706-4ef3-a632-6e3505fab928.jpeg	https://commercecdn.com/1278235777548943678/c3c01cd7-4cd9-4bf6-ba13-85a464973527.jpeg	6:00 PM-10:30 PM	2,3,4,5	\N	\N	\N	\N	\N	Soul food.  Todos comida do America sul!	\N	\N	11301	t	2017-04-24 19:15:05.708298+00	2017-04-24 19:15:05.708298+00
1114	Jose's Empanadas	1511779114413982166	jose-s-empanadas-1494438135941	1511779122559320535	1511779131568685528	\N	1511779140175397337	1511779150745043418	10	Stuffed bread, carne, cheddar cheese, huitlacoche and more!	Jose@empanada.com	\N	www.facebook.com/empanadaexpress	\N	https://commercecdn.com/1278235777548943678/05d67253-d79e-4036-8235-41f7e13fb189.jpeg	https://commercecdn.com/1278235777548943678/dceaf21f-1a4f-4916-a077-ee57bdee104e.jpeg	11:00 AM-9:00 PM	0,1,2	\N	\N	\N	\N	\N	Empanadas, Tacos, Burritos	\N	\N	11313	t	2017-05-10 17:42:20.474558+00	2017-05-10 17:42:20.474558+00
1115	Churros Factory	1511812077138739683	churros-factory-1494442065438	1511812085779005924	1511812094285054437	\N	1511812102849823206	1511812113478189543	10	Nutella, jam, Belgium chocolate, sprinkles and a wide assortment of other toppings	Churros@me.com	\N	www.facebook.com/churrosmadness	\N	https://commercecdn.com/1278235777548943678/69623b6f-86f2-4e60-b099-ab8f04df4dc1.jpeg	https://commercecdn.com/1278235777548943678/353ef2f4-7438-4497-9036-f0180932c2c8.jpeg	11:00 AM-8:00 PM	\N	Churro Lane	\N	\N	\N	\N	Churros, Pastries, Donuts	\N	\N	11315	t	2017-05-10 18:47:49.97301+00	2017-05-10 18:47:49.97301+00
1116	Fan Zone	1511850604689883662	fan-zone-1494446658266	1511850612977828367	1511850621542597136	\N	1511850629931205137	1511850640660234770	10	Everything a fan could ever want:  T-Shirts, Hats, Jerseys, Raffles, Food, Beer, All Access Pass	Boss@fanzone.com	\N	www.facebook.com/fanzonemania	\N	https://commercecdn.com/1278235777548943678/f04e03e7-9856-47d4-aba3-ba281867ac5e.png	https://commercecdn.com/1278235777548943678/cbcda760-2e36-434b-b932-2a685731fdde.jpeg	12:00 PM-10:00 PM	\N	Fan ave	\N	\N	\N	\N	Jerseys, Fan Merchandise, Programs	\N	\N	11317	t	2017-05-10 20:04:22.770244+00	2017-05-10 20:04:22.770244+00
1117	Fritanga Fred	1511877969553916445	fritanga-fred-1494449920416	1511877978034799134	1511877986314355231	\N	1511877994753294880	1511878005624930849	10	Served with arepas, manioc or plantain, this is a plate full of grilled meat such as chicken or beef with aji sauce!	fred@fritanga.com	\N	www.facebook.com/fritangafred	\N	https://commercecdn.com/1278235777548943678/06913d2d-cdc9-4f6d-aacc-b72c1e3395d1.png	https://commercecdn.com/1278235777548943678/cec8b925-3ce3-4eea-9b4b-1962f651bc86.jpeg	11:00 AM-9:00 PM	0,1,2,3,4	Fritanga Lane	\N	\N	\N	\N	Fritanga, Lechona, Arepa	\N	\N	11319	t	2017-05-10 20:58:44.929239+00	2017-05-10 20:58:44.929239+00
1118	Ticket Master	1511881637934137890	ticket-master-1494450357736	1511881646331134499	1511881654342255140	\N	1511881662848303653	1511881673736716838	11	Buy tickets for any sporting event, concert, festival you want!	Ron@ticketmaster.com	\N	www.facebook.com/ticketmaster	\N	https://commercecdn.com/1278235777548943678/15e77c49-f695-414a-92b7-73b6f3552e5d.jpeg	https://commercecdn.com/1278235777548943678/4091a037-93c8-4452-8193-9bb1725ffbf6.png	11:00 AM-9:00 PM	\N	123 Ticket	\N	\N	\N	\N	tickets, venues, events	\N	\N	11321	t	2017-05-10 21:06:02.215922+00	2017-05-10 21:06:02.215922+00
1120	Sabor Brasil	1512449852485665365	sabor-brasil-1494518094168	1512449860547117654	1512449869137052247	\N	1512449877206893144	1512449888422462041	10	\N	luiz@saborbrasil.com.br	(84) 9999-9999	\N	\N	https://commercecdn.com/1278235777548943678/27c6f45d-2a54-47fb-a233-10972d2a949a.png	https://commercecdn.com/1278235777548943678/6b083cf3-2b54-4961-8bf8-f091ba0ea855.png	11:00 AM-8:00 PM	\N	Rua	\N	\N	\N	\N	\N	\N	\N	11325	t	2017-05-11 15:54:58.651251+00	2017-05-11 15:54:58.651251+00
1119	sfeztom5	1511965396758954556	sfeztom5-1494460342534	1511965405013344829	1511965413569724990	\N	1511965422352597567	1511965437301097024	10	A test vendor	t@b.cd	\N	test.fakedomain	\N	https://commercecdn.com/1278235777548943678/b4ce059b-f29d-4a5c-ab83-6343f8f2c041.png	https://commercecdn.com/1278235777548943678/7d284648-1971-44c2-824e-c49249ecc20d.png	11:00 AM-8:00 PM	1,2,3	\N	\N	\N	\N	\N	test	\N	\N	11323	f	2017-05-10 23:52:27.66898+00	2017-05-10 23:52:27.66898+00
1121	Sabor Brasileiro	1512617656748868248	sabor-brasileiro-1494538098008	1512617665598849689	1512617674004234906	\N	1512617682082464411	1512617692593390236	10	Aqui nós temos a mais típica feijoada brasileira e os mais variados pratos tradicionais de todas as regiões do Brasil.	luiz@saborbrasileiro.com.br	(84) 99999-9999	facebook.com/saborbrasileiro	\N	https://commercecdn.com/1278235777548943678/80c61edd-09b7-40d6-a340-399dc6534eb1.jpeg	https://commercecdn.com/1278235777548943678/b2203621-5caa-482e-b308-b64a932066a6.jpeg	10:00 AM-10:00 PM	1,2,3,4,5,6	Rua Brasil, 123	\N	\N	\N	\N	Feijoada, caipirinha, açaí	\N	\N	11327	t	2017-05-11 21:28:22.483634+00	2017-05-11 21:28:22.483634+00
1094	Classy Cuban	1479426030098711188	classy-cuban-1490581347750	1479426037740733077	1479426045449863830	1497995126587261030	1479426053435818647	1479426063325987480	7	Manny's secret cuban recipe!	streetfoodez@sumup.com	555-7878	www.facebook.com/classycuban	\N	https://commercecdn.com/1278235777548943678/fe7ae581-d6a9-4d14-86a3-aef5e12e989e.jpeg	https://commercecdn.com/1278235777548943678/ddb53e6f-62aa-4a47-bfef-b912f1fd93a6.jpeg	11:00 AM-9:00 PM	0,1,2,3,4	123 Cuban dr	\N	\N	\N	\N	Cuban, Paninis	\N	\N	11227	t	2017-03-27 02:22:31.905003+00	2017-03-27 02:22:31.905003+00
\.
SELECT pg_catalog.setval('companies_id_seq', 1121, true);


COPY customers (id, order_sys_id, description, gcm_id, device_type, fcm_id, phone, facebook, twitter, photo, power_reviewer, city, state, country, user_id, created_at, updated_at) FROM stdin;
9001	\N	Taco expert. I love tacos.	APA91bECFEhmamkhENoB_sn2N20T0KX8HqF5XxzBG1PseAuJJ9VdoRkkl0sZXtsLosSHCi2oSo01t63XOzRHxTEOLqYtwOF0mF2m0GaCCyE-Op1uVkMuvC-rgoqh1A0rA80OIMgVxkeE	\N	\N	\N	www.facebook.com/stacytfakeaccount	\N	\N	f	\N	\N	\N	11001	2016-08-21 23:31:43.151356+00	2017-01-31 23:32:49.180085+00
9003	\N	Food bloggers. Follow us on mifood.blog.com	APA91bEYSDTsHDYPmL0cGRi6xJfj0hAqyvVJTzsJbp8ZTydmcBhkebSyq32CW_6gcNRNelck-wv0ffA2lUcSLo9yw6iUvCaXSfaGasP_MjbeFnzLJDJRLJ8VKtOiX9lUyqVr6lyg8OC-	\N	\N	\N	www.facebook.com/mifoodfakeaccount	\N	\N	t	\N	\N	\N	11003	2016-08-21 23:31:43.151356+00	2017-02-02 09:27:57.482063+00
9002	\N	Serial food eater	APA91bEYSDTsHDYPmL0cGRi6xJfj0hAqyvVJTzsJbp8ZTydmcBhkebSyq32CW_6gcNRNelck-wv0ffA2lUcSLo9yw6iUvCaXSfaGasP_MjbeFnzLJDJRLJ8VKtOiX9lUyqVr6lyg8OC-	\N	\N	\N	www.facebook.com/jonjonesfakeaccount	\N	\N	f	\N	\N	\N	11002	2016-08-21 23:31:43.151356+00	2017-02-03 09:34:40.840539+00
9006	\N	\N	\N	\N	\N	\N	\N	\N	\N	f	\N	\N	\N	11165	2017-02-06 05:44:09.344202+00	2017-02-06 05:44:09.344202+00
9005	\N	described	\N	\N	\N	\N	\N	\N	\N	f	\N	\N	\N	11068	2017-02-03 19:07:56.716851+00	2017-02-07 10:27:20.11839+00
9007	\N	\N	\N	\N	\N	\N	\N	\N	\N	f	\N	\N	\N	11190	2017-02-08 01:37:49.214166+00	2017-02-08 01:37:49.214166+00
9011	\N	\N	xxx	\N	\N	\N	\N	\N	\N	f	\N	\N	\N	11216	2017-03-06 19:38:15.621436+00	2017-04-16 14:53:09.015135+00
9012	\N	\N	xxx	\N	\N	\N	\N	\N	\N	f	\N	\N	\N	11251	2017-04-05 14:14:22.995933+00	2017-04-16 14:55:09.926567+00
9013	\N	\N	\N	\N	\N	\N	\N	\N	\N	f	\N	\N	\N	11263	2017-04-08 10:29:29.080876+00	2017-04-08 10:29:29.080876+00
9015	\N	\N	\N	\N	\N	\N	\N	\N	\N	f	\N	\N	\N	11281	2017-04-10 11:40:43.103515+00	2017-04-10 11:40:43.103515+00
9023	\N	\N	\N	\N	\N	\N	\N	\N	\N	f	\N	\N	\N	11307	2017-05-01 13:17:50.16449+00	2017-05-01 13:17:50.16449+00
9024	\N	\N	\N	\N	\N	\N	\N	\N	\N	f	\N	\N	\N	11308	2017-05-01 13:21:57.114415+00	2017-05-01 13:21:57.114415+00
9016	\N	\N	\N	\N	\N	\N	\N	\N	\N	f	\N	\N	\N	11284	2017-04-10 13:43:53.454978+00	2017-04-10 13:43:53.454978+00
9025	\N	\N	\N	\N	\N	\N	\N	\N	\N	f	\N	\N	\N	11309	2017-05-01 13:35:44.958728+00	2017-05-01 13:35:44.958728+00
9008	\N	\N	APA91bH7WifZxUseIbwBdwzzel4UctsTIGW8pov1nlfGa3HCfBDAsybdeek5WKLHRtEIS3mFohw4uHZMvMOOn6-nSy6ZX4PUXh5AQ67v2O4x3jZxUv9gZw4	\N	\N	\N	\N	\N	\N	f	\N	\N	\N	11194	2017-03-05 03:29:11.880554+00	2017-05-01 14:26:11.772262+00
9022	\N	\N	APA91bHt8QbO-9doM6KZB51Xr_LbkklYMv9ovyC3N5nG1hJ3_pbENeTx9qZExpOMySOzrcuczPTzw4wcctprKrfmWHOV-3jThRlbAjpT0n6o3gY9uk-TZpg	\N	\N	\N	\N	\N	\N	f	\N	\N	\N	11306	2017-04-30 14:24:27.61583+00	2017-05-01 14:53:58.497495+00
9014	\N	\N	APA91bHNSKh9u9ZDAs3J23dgsQTg78l8ZVGU7ubgg9AAQoBY_KTIGEKzpIBhb8uUJCFqjIxo8p5D99rqMwLV8pRs4mjxRq6VmyLHgiQ9oH-vUHcbhAL5BT98O-BYNgIzCeJq4fIwZp5i	\N	\N	\N	\N	\N	\N	f	\N	\N	\N	11273	2017-04-08 23:35:01.736191+00	2017-04-08 23:42:25.503419+00
9021	\N	\N	APA91bHt8QbO-9doM6KZB51Xr_LbkklYMv9ovyC3N5nG1hJ3_pbENeTx9qZExpOMySOzrcuczPTzw4wcctprKrfmWHOV-3jThRlbAjpT0n6o3gY9uk-TZpg	\N	\N	\N	\N	\N	\N	f	\N	\N	\N	11305	2017-04-27 15:58:32.298735+00	2017-04-27 16:05:26.709849+00
9018	\N	\N	APA91bFx-HIan2wg3LjYExbQ3ps_c6JoH0LF6k_bYXiNj8AwUTnM2oEYBpMTrAyd1k6iRK_OTb895JPyz76zW0drN-YBRKCEpU0vCp63x9WGIL2P8xCcCJ4	\N	\N	\N	\N	\N	\N	f	\N	\N	\N	11298	2017-04-16 14:54:44.290195+00	2017-04-25 22:45:10.076274+00
9019	\N	\N	APA91bFxJUtaqrIXVpO5WmQVTgR_4KTZYgy2_h-MrNNmYsYIfrM8bPApQN0X_-kLM070iXvVWHCNeK6D_J9YeTc7DwStwFr_i2l2AtEEgc_kIw_goV11Uuw	\N	\N	\N	\N	\N	\N	f	\N	\N	\N	11299	2017-04-16 19:17:03.960969+00	2017-05-01 15:08:26.096504+00
9026	\N	\N	\N	\N	\N	\N	\N	\N	\N	f	\N	\N	\N	11311	2017-05-01 15:12:37.605741+00	2017-05-01 15:12:37.605741+00
9017	\N	\N	APA91bEpCKe86Ekh1Okw2tOIc6us4w-iM2qKYrzXNMineh3QTisLX-u8lqBG6rsfADBZBHybeb3jdOkjLOpjh07-zIDqa0SBnfLvjRBzDE8YkqZK8rWxzp8	\N	\N	\N	\N	\N	\N	f	\N	\N	\N	11288	2017-04-12 13:25:25.767636+00	2017-04-12 13:28:57.277413+00
9009	\N	\N	APA91bFxJUtaqrIXVpO5WmQVTgR_4KTZYgy2_h-MrNNmYsYIfrM8bPApQN0X_-kLM070iXvVWHCNeK6D_J9YeTc7DwStwFr_i2l2AtEEgc_kIw_goV11Uuw	\N	\N	\N	\N	\N	\N	f	\N	\N	\N	11195	2017-03-05 03:29:28.329475+00	2017-05-01 15:21:05.349319+00
9027	\N	\N	\N	\N	\N	\N	\N	\N	\N	f	\N	\N	\N	11312	2017-05-01 15:32:06.531403+00	2017-05-01 15:32:06.531403+00
9020	\N	\N	APA91bG3q71WUOuK06XcUDiWTYK1bBJU7GSMv4VC8bxugs5Y-sRVOryb_KG-92mbwci8szGJOQTIUwMWm6Njn_BYK-aN1CDBl1CalcLdh-nWUt6N8YBbQBo	\N	\N	\N	\N	\N	\N	f	\N	\N	\N	11300	2017-04-24 17:00:57.101988+00	2017-04-26 20:02:20.966104+00
\.
SELECT pg_catalog.setval('customers_id_seq', 9027, true);

COPY units (id, name, number, type, customer_order_window, prep_notice, delivery, delivery_time_offset, delivery_radius, description, username, password, qr_code, phone, fcm_id, gcm_id, device_type, unit_order_sys_id, territory_id, company_id, unit_mgr_id, created_at, updated_at) FROM stdin;
2003	Pacos Tacos Truck 12	1	TRUCK	10	\N	f	\N	\N	\N	mptruck64five	mptruck64five	\N	\N	\N	\N	\N	\N	\N	1006	11009	2017-01-31 23:32:49.181663+00	2017-02-06 09:29:12.298814+00
2097	Frank Truck #1	1	TRUCK	30	25	t	15	10	\N	franktruck1	frank	\N	\N	\N	APA91bF41fPOdQzdOqqrYwNYjEMSBmrfbQAwxgRrGKm2DIbYzRA3SYAfAJcwzfcYQZLR4s_hvyvfUkxEpEGTZK9az5OzCAjiRdI7YZku8e49upnJE-aZkvo	\N	\N	1	1095	11230	2017-03-28 19:12:11.61453+00	2017-04-27 22:37:48.184656+00
2128	Truck 3	4	TRUCK	30	30	f	10	5	\N	fogo116	fogo116	\N	\N	\N	APA91bGh8hKQ32M2cdtMNY3h-l2gY2t29KlmUYTR_YGZ4xyQMiPv54erfcgcy1B9TZZTDKYUQq_UeYWSlwfeVirMRannny8R2O6Oss3rwO1YCtFiyUI3nnkf6R2gWVMHqS4HntFAJ_bd	\N	\N	3	1092	11276	2017-04-10 00:12:05.829061+00	2017-04-27 10:03:05.257257+00
2002	Thaitanic Cart 1	1	CART	20	\N	f	\N	\N	\N	mptruck64	mptruck64	\N	\N	\N	APA91bGLPDm96TAg6C77VrwxlP1Nk11Md-hSRZGLOjS8CoECWfEFjp1Ise1_GRolqix4jydowaJ9d8OKxJMoiH3_qc0VEGNdqKiQ66Jbb_mneP-0T5qm4IK3RPZMKQlu9j2T7gOJGg0B	\N	\N	\N	1001	11008	2017-01-31 23:32:49.181663+00	2017-03-28 19:07:52.733603+00
2132	Crazy Truck #1	1	TRUCK	30	25	f	\N	\N	\N	crazytruck1	crazy	\N	\N	\N	APA91bG2DPnoMR-TkhhHcixL-8uP6Rm5YN0UCqv5rv1nHdzkt3TrkqbQDvrmp5dRGkQorWx3r_zZGDS1Yi2_muJoMY61RThXVfBJJ-MpF2pZbtyqDr89NFI	\N	\N	1	1109	11287	2017-04-12 12:02:04.700899+00	2017-04-27 16:12:48.43914+00
2136	D Truck #1	1	TRUCK	30	25	t	\N	10	\N	destructodentruck1	smiley66	\N	\N	\N	APA91bG3q71WUOuK06XcUDiWTYK1bBJU7GSMv4VC8bxugs5Y-sRVOryb_KG-92mbwci8szGJOQTIUwMWm6Njn_BYK-aN1CDBl1CalcLdh-nWUt6N8YBbQBo	\N	\N	1	1112	11302	2017-04-24 19:15:07.450343+00	2017-04-26 20:54:11.879448+00
2075	Grilla Truck #1	1	CART	20	15	t	15	10	\N	grilla26	grilla26	\N	\N	\N	APA91bHCWKDYBbt3JL7ajuPyrZP3ASQP1XeNn4_-EBaxSPm3HAUG6Xjb9QpQF68IoZ3AeH9KEgvcfXWfLFgbPq25HIG2m5OCh-C-IsLLoyLXCr7EqS_vcWk	\N	\N	1	1008	11174	2017-02-06 09:51:07.210394+00	2017-05-01 15:16:15.039601+00
2094	Fogo Truck #1	1	TRUCK	30	25	t	15	10	\N	fogotruck1	fogo	\N	\N	\N	APA91bFWVXFrQz5B8wA6K8qIOqdbyC0pDtnR3Kd_4XqN3tZj0cH-FNwUzmOcq0eFT60ZnR29ocaafc2ztCQ1AiO3NRqbpLVLazbFq1QAQ6CNBlpw6xDWSgg	\N	\N	1	1092	11224	2017-03-24 15:54:11.300743+00	2017-05-01 15:00:09.925919+00
2127	Truck #2	4	TRUCK	30	30	f	10	5	\N	fogo46	fogo46	\N	\N	\N	APA91bFOPNguXOsMnovayP1TZj0uhkaTvIloVc6tZpC2HZ2QEzdsBmjGcydh1bZlpFDqoOMLCSsiN03Q7soYJ7ddiAXDPcza4GT0fUdRnZF2JzQy_cNQ-too2MbizQYtdNCXcXNzERtb	\N	\N	3	1092	11275	2017-04-09 22:25:13.74483+00	2017-04-25 18:05:43.083326+00
2125	Ponta Negra Truck2	2	TRUCK	30	20	f	15	10	\N	joe56	joe56	\N	\N	\N	\N	\N	\N	3	1105	11272	2017-04-08 16:30:09.629615+00	2017-04-11 14:25:15.751657+00
2091	Vinay Truck #1	1	TRUCK	30	25	f	\N	\N	\N	vinaybhavsartruck1	cdn123	\N	\N	\N	\N	\N	\N	1	1089	11218	2017-03-22 11:49:39.947588+00	2017-03-22 11:49:39.947588+00
2095	nuvo Truck #1	1	TRUCK	30	25	f	\N	\N	\N	nuvotruck1	nuvo	\N	\N	\N	\N	\N	\N	1	1093	11226	2017-03-25 13:04:06.78761+00	2017-03-25 14:22:23.705259+00
2089	Chunky Truck #1	1	CART	60	30	t	30	15	\N	chunkytruck1	chunkymonkey	\N	\N	\N	APA91bGex9UmnMoD0h_KHfRAdBK2-QF1m-vPIQgYofG3YFPzFzvJwM5mgWog8yTCoO5sYzVX-I8wv8BCjS3mdffeSNbTHHcSwj2tsog8e6GMK0vZSHIkRqU	\N	\N	1	1088	11193	2017-02-08 07:22:22.776055+00	2017-04-25 11:40:48.716315+00
2099	Dummy Truck #1	1	TRUCK	30	25	f	\N	\N	\N	dummytruck1	dummy	\N	\N	\N	\N	\N	\N	1	1098	11235	2017-04-01 18:23:08.972411+00	2017-04-01 18:23:08.972411+00
2098	Bob Truck #1	1	TRUCK	40	25	f	15	10	\N	bobtruck1	bob	\N	\N	\N	\N	\N	\N	3	1096	11232	2017-03-28 19:16:50.676091+00	2017-03-28 19:36:01.583526+00
2102	Billy Truck #1	1	RESTAURANT	30	25	f	15	10	\N	billytruck1	billy	\N	\N	\N	\N	\N	\N	4	1101	11241	2017-04-02 23:04:30.650284+00	2017-04-02 23:08:42.608407+00
2100	dsfdsf Truck #1	1	TRUCK	30	25	f	\N	\N	\N	dfdsftruck1	idontknow	\N	\N	\N	\N	\N	\N	1	1099	11237	2017-04-01 19:25:59.782045+00	2017-04-01 19:25:59.782045+00
2135	cart 2	2	TRUCK	30	30	f	15	10	\N	classy56	classy56	\N	\N	\N	\N	\N	\N	3	1094	11297	2017-04-16 14:33:07.035234+00	2017-04-26 20:15:05.095226+00
2103	Dennis Truck #1	1	TRUCK	30	25	f	\N	\N	\N	dnick66truck1	smiley66	\N	\N	\N	APA91bEBbLnE4vXEcmy83D8LHr59wq8G2C8exP-UDGxy1Vyf461iBDoIO55OFAe8Eyl49z4I_hcZj73gVDMVWITfJJbdBFaQmjebDjjIOkNMGT0oJ5Ld2nU	\N	\N	1	1102	11243	2017-04-04 12:01:20.479621+00	2017-04-24 20:52:17.450486+00
2137	D Truck #2	2	TRUCK	40	30	f	30	5	\N	manager2	smiley66	\N	\N	\N	\N	\N	\N	1	1112	11303	2017-04-24 19:29:23.374981+00	2017-04-25 11:39:48.997138+00
2106	Here	1	TRUCK	30	30	f	\N	\N	\N	Gen1Living	smiley66	\N	\N	\N	\N	\N	\N	1	1104	11248	2017-04-04 17:07:04.576686+00	2017-04-04 17:07:04.576686+00
2107	Here2	2	TRUCK	20	10	f	\N	\N	\N	gen1	smiley66	\N	\N	\N	\N	\N	\N	1	1104	11249	2017-04-04 17:07:42.24167+00	2017-04-04 17:07:42.24167+00
2101	j Truck #1	1	TRUCK	30	25	f	\N	\N	\N	jon.kazariantruck1	test1234	\N	\N	\N	\N	\N	\N	1	1100	11239	2017-04-01 20:11:06.020718+00	2017-04-01 20:11:06.020718+00
2007	Moe Truck #1	4	TRUCK	20	15	f	\N	\N	\N	moe56	moe56	\N	\N	\N	\N	\N	\N	2	1005	11021	2017-02-02 07:47:24.083754+00	2017-04-01 20:12:44.583302+00
2118	Sao Paolo Truck #3	4	TRUCK	30	30	f	25	10	\N	sfsdf	sdffs	\N	\N	\N	\N	\N	\N	2	1088	11262	2017-04-08 04:54:57.556556+00	2017-04-15 14:16:22.04093+00
2070	Crazy Truck 5	5	TRUCK	20	15	f	\N	\N	\N	Jack	jack	\N	\N	cNXGElYdnDQ:APA91bH6L7mau4dFV_woD7vmapgsm0gIV3lE34Oqua2H7sZ9t3XoXAMVBagVA3PNPzWClL-TTvYnLa-XEzPMtNfP_uGtrMf9Avd6M2tfN8Jhzw--dhkYhETx6P_385NBUdsSCtLGHaLV	\N	\N	\N	1	1005	11169	2017-02-06 07:11:55.248113+00	2017-04-07 11:45:54.971128+00
2115	test 2	4	TRUCK	30	30	f	20	10	\N	asdasd	asd	\N	\N	\N	\N	\N	\N	3	1005	11259	2017-04-08 04:52:48.711481+00	2017-04-08 04:52:48.711481+00
2006	jack	5	TRUCK	20	15	t	15	5	Crazy Jacks Truck	crazy56	crazy56	\N	\N	\N	APA91bGg0iBMwhOiySq6IEeuGoQjALsuIXbPUe6oTLE74L97UFquAXwNtPkAsQmWHCtg5zl--EtPen7jDYhH8gi5A0V-KB72vv8OI9YVgOcc5rQIrycMVtYmPz6zajSARiP3HEUFMzfV	\N	\N	4	1005	11018	2017-02-01 11:46:50.747716+00	2017-04-07 11:54:08.076457+00
2008	Grilla Truck 1	1	TRUCK	20	15	f	\N	\N	\N	grilla56	grilla56	\N	\N	\N	APA91bFpsAYejc4VbU7ec8kPQ71TTztyXhkFd3txsOfn2V5rO9U65NB7szEVaI5jqk2wQ9DSxJcicKUEyL3MEIPft96au_6MjW5qrKBgxDx-LGcnUbKv388	\N	\N	1	1005	11026	2017-02-02 21:25:02.490854+00	2017-04-12 11:20:13.308447+00
2131	qwerty	4	TRUCK	30	30	f	10	5	\N	qwerty	qwerty	\N	\N	\N	\N	\N	\N	3	1104	11280	2017-04-10 04:02:41.873633+00	2017-04-10 04:02:41.873633+00
2111	sdasdasd	4	TRUCK	30	30	f	25	15	\N	asd	asdasd	\N	\N	\N	\N	\N	\N	1	1005	11255	2017-04-08 04:34:02.28844+00	2017-04-12 12:14:41.997895+00
2001	Thaitanic Truck 1	1	TRUCK	15	\N	f	\N	\N	\N	mptruck61	mptruck61	\N	\N	cNXGElYdnDQ:APA91bH6L7mau4dFV_woD7vmapgsm0gIV3lE34Oqua2H7sZ9t3XoXAMVBagVA3PNPzWClL-TTvYnLa-XEzPMtNfP_uGtrMf9Avd6M2tfN8Jhzw--dhkYhETx6P_385NBUdsSCtLGHaLV	c9k1cdeqqlc:APA91bE3N9DPEPRVrylvqniUc0YkeqiDcL0bLF7wEpm0BUFDspsRMjJGenLnF07ssEmBZe90pG983xq9cQLzLzu6uWXYyhv1OZpDrUeCirxjBSzmIX-TJlO5T58PxakjRLd8LIghjnuy	\N	\N	\N	1005	11007	2017-01-31 23:32:49.181663+00	2017-04-11 06:11:29.633649+00
2121	Ponta Negra Truck#2	2	TRUCK	30	30	f	15	10	\N	fogo76	fogo76	\N	\N	\N	\N	\N	\N	3	1088	11266	2017-04-08 15:46:18.677079+00	2017-04-12 04:04:26.299748+00
2124	Mighty Truck #1	1	TRUCK	30	25	f	15	10	\N	joetruck1	joe	\N	\N	\N	\N	\N	\N	1	1105	11271	2017-04-08 16:22:59.321931+00	2017-04-11 14:24:57.73502+00
2129	asdasdasdatests	4	TRUCK	30	30	f	30	15	\N	yogesh	123	\N	\N	\N	\N	\N	\N	2	1088	11277	2017-04-10 03:50:44.732805+00	2017-04-12 04:04:23.638533+00
2130	tester	4	TRUCK	25	15	f	25	15	\N	testera	tester11a	\N	\N	\N	\N	\N	\N	2	1088	11278	2017-04-10 03:54:54.954704+00	2017-04-12 04:09:23.833171+00
2116	Ponta Negra Truck #2	4	TRUCK	30	30	f	20	10	\N	chunky56	chunky56	\N	\N	fXS-t9CJhBM:APA91bE6zYJ007cPVdVRrMxE4ajL-Ca2ptJ14H2kr0oNX6RvJ5gPqeL91rvN9df-GNGPJviNjkEYudWMvmM2zjmxquZK1IHUgqoPp8buvc2aTsuYjSwP_Kmj4rRGeEywiTVRgu3cRXlI	\N	\N	\N	3	1088	11260	2017-04-08 04:53:07.845841+00	2017-04-12 04:10:09.082879+00
2133	Paco Truck #1	1	TRUCK	30	25	t	15	10	\N	tacostruck1	tacos	\N	\N	\N	APA91bGex9UmnMoD0h_KHfRAdBK2-QF1m-vPIQgYofG3YFPzFzvJwM5mgWog8yTCoO5sYzVX-I8wv8BCjS3mdffeSNbTHHcSwj2tsog8e6GMK0vZSHIkRqU	\N	\N	1	1110	11294	2017-04-13 09:10:19.81029+00	2017-04-15 13:54:31.653443+00
2134	rajan Truck #1	1	TRUCK	30	25	f	\N	\N	\N	rajan.rajan977truck1	123456	\N	\N	\N	\N	\N	\N	1	1111	11296	2017-04-13 11:07:39.781341+00	2017-04-13 11:07:39.781341+00
2138	D Truck #3	3	TRUCK	30	30	t	15	10	\N	destructodentruck3	smiley66	\N	\N	\N	\N	\N	\N	3	1112	11304	2017-04-25 12:14:38.303248+00	2017-04-25 13:57:36.515451+00
2139	Jose Truck #1	1	TRUCK	30	25	f	\N	\N	\N	josetruck1	jose	\N	\N	\N	\N	\N	\N	1	1114	11314	2017-05-10 17:42:22.201211+00	2017-05-10 17:42:22.201211+00
2140	Churros Truck #1	1	TRUCK	30	30	f	\N	\N	\N	churrostruck1	churros	\N	\N	\N	\N	\N	\N	1	1115	11316	2017-05-10 18:59:29.544017+00	2017-05-10 18:59:29.544017+00
2141	Boss Truck #1	1	TRUCK	30	25	f	\N	\N	\N	bosstruck1	boss	\N	\N	\N	\N	\N	\N	1	1116	11318	2017-05-10 20:04:24.475976+00	2017-05-10 20:04:24.475976+00
2142	Fred Truck #1	1	TRUCK	30	25	f	\N	\N	\N	fredtruck1	fred	\N	\N	\N	\N	\N	\N	1	1117	11320	2017-05-10 20:58:46.675951+00	2017-05-10 20:58:46.675951+00
2143	Ron Truck #1	1	TRUCK	30	25	f	\N	\N	\N	rontruck1	ron	\N	\N	\N	\N	\N	\N	1	1118	11322	2017-05-10 21:06:03.952129+00	2017-05-10 21:06:03.952129+00
2144	t Truck #1	1	TRUCK	30	25	f	\N	\N	\N	ttruck1	pass	\N	\N	\N	\N	\N	\N	1	1119	11324	2017-05-10 23:52:30.429381+00	2017-05-10 23:52:30.429381+00
2096	Natal Cart #1	1	CART	30	15	t	15	10	\N	mannytruck1	manny	\N	\N	\N	APA91bG2DPnoMR-TkhhHcixL-8uP6Rm5YN0UCqv5rv1nHdzkt3TrkqbQDvrmp5dRGkQorWx3r_zZGDS1Yi2_muJoMY61RThXVfBJJ-MpF2pZbtyqDr89NFI	\N	\N	1	1094	11228	2017-03-27 02:22:34.955715+00	2017-05-11 11:15:45.138951+00
2145	Sabor Brasil	1	RESTAURANT	30	20	f	15	10	\N	luiztruck1	oioioi	\N	\N	\N	\N	\N	\N	1	1120	11326	2017-05-11 15:55:00.266151+00	2017-05-11 16:14:15.334751+00
\.
SELECT pg_catalog.setval('units_id_seq', 2146, true);


COPY checkins (id, check_in, check_out, latitude, longitude, display_address, food_park_name, note, food_park_id, unit_id, company_id, created_at, updated_at) FROM stdin;
18	2017-02-07 21:55:47.541+00	2017-02-07 12:51:41.99+00	-5.88766820000000024	-35.1715465999999992	Praia Shopping	\N	\N	\N	2006	1005	2017-02-07 16:55:48.037+00	2017-02-07 12:51:43.188544+00
20	2017-02-08 08:25:51.148+00	2017-02-08 16:30:55.402+00	-5.78410400000000013	-35.1892759999999996	\N	Bar 54 Food Park - Rua Porto Mirim	\N	3007	2001	\N	2017-02-08 03:26:51.333344+00	2017-02-08 03:26:51.333344+00
21	2017-02-08 08:41:22.967+00	2017-02-08 16:10:14.668+00	-5.78410400000000013	-35.1892759999999996	\N	Truck Garden Food Park - Av. Roberto Freire	\N	3004	2001	\N	2017-02-08 03:43:16.979797+00	2017-02-08 03:43:16.979797+00
22	2017-02-08 11:07:11.68+00	2017-02-08 12:55:21.608+00	-5.86576900000000023	\N	\N	Neide Artesanato/Praia Shopping Food Park - Av. Roberto Freire	\N	3005	2001	\N	2017-02-08 06:07:23.383044+00	2017-02-08 06:07:23.383044+00
23	2017-02-08 11:26:06.759+00	2017-02-08 12:30:09.256+00	-5.80574800000000035	\N	\N	Bar Trove Food Park - Rua Presidente José Bento	\N	3008	2001	\N	2017-02-08 06:26:12.150683+00	2017-02-08 06:26:12.150683+00
19	2017-02-07 23:31:49.792+00	2017-02-08 08:01:59.452+00	-5.88765149999999959	-35.1716704999999976	Ponta Negra	\N	\N	\N	2006	1005	2017-02-07 18:31:50.094+00	2017-02-08 08:02:00.427033+00
24	2017-02-08 18:02:11.986+00	2017-02-08 08:02:29.192+00	30.7313316999999984	76.7278691000000066	\N	\N	\N	\N	2006	1005	2017-02-08 13:02:12.872+00	2017-02-08 08:02:30.124958+00
26	2017-02-08 13:06:14.163+00	2017-02-08 16:00:23.012+00	-5.84256300000000017	\N	\N	Natal Shopping Food Park - Av. das Brancas Dunas	\N	3006	2001	\N	2017-02-08 08:06:24.771952+00	2017-02-08 08:06:24.771952+00
33	2017-03-02 03:58:20+00	2017-04-07 11:29:17.198+00	-5.87741700000000034	-35.2058779999999985	null	Neide Artesanato/Praia Shopping Food Park	\N	\N	2006	1005	2017-03-22 12:45:26.85+00	2017-04-07 11:29:17.229711+00
29	2017-02-22 20:32:00+00	2017-03-22 20:32:00+00	22.7455603999999987	75.8933786000000055	palasia, indore	\N	\N	\N	\N	\N	2017-03-22 12:01:58.199798+00	2017-03-22 12:02:11.638634+00
30	2017-02-22 20:32:00+00	2017-03-22 21:30:00+00	30.2560785999999986	-97.7635090999999932	\N	Alamo Drafthouse	\N	3002	\N	\N	2017-03-22 12:02:25.881442+00	2017-03-22 12:02:25.881442+00
58	2017-04-07 11:50:12.844+00	2017-04-07 13:47:07.766+00	-5.84256300000000017	-35.2106240000000028	\N	Natal Shopping Food Park - Av. das Brancas Dunas	\N	\N	2089	1088	2017-04-07 11:50:12.586+00	2017-04-07 13:47:08.222363+00
59	2017-04-07 14:58:37.62+00	2017-04-08 02:57:00+00	-5.84256300000000017	-35.2106240000000028	\N	Natal Shopping Food Park - Av. das Brancas Dunas	\N	\N	2089	1088	2017-04-07 14:58:37.99078+00	2017-04-07 14:58:37.99078+00
50	2017-03-30 03:44:33.811+00	2017-03-30 14:40:00+00	30.2544286999999983	-97.7371196999999938	\N	Austin Food Park	\N	\N	2089	1088	2017-03-30 03:46:28.896355+00	2017-03-30 03:46:28.896355+00
61	2017-03-08 15:51:00+00	2017-04-09 01:00:00+00	-5.86576900000000023	-35.1858780000000024	\N	Neide Artesanato/Praia Shopping Food Park - Av. Roberto Freire	\N	3005	2089	1088	2017-04-08 15:51:25.082559+00	2017-04-08 15:51:25.082559+00
62	\N	\N	\N	\N	\N	\N	\N	\N	\N	\N	2017-04-10 13:14:36.822971+00	2017-04-10 13:14:36.822971+00
63	2017-03-10 22:09:00+00	2017-04-11 00:34:00+00	30.2560785999999986	-97.7635090999999932	\N	Alamo Drafthouse	\N	3002	\N	\N	2017-04-10 13:38:39.09565+00	2017-04-10 13:38:39.09565+00
13	2016-09-06 12:00:00+00	2017-03-25 09:39:09.277+00	-5.88741700000000012	-35.1734379999999973	\N	\N	\N	\N	2070	1005	2017-02-06 09:55:18.766+00	2017-03-25 09:39:09.580503+00
41	2017-03-02 03:58:20+00	2017-03-27 02:35:00+00	-5.87741700000000034	-35.1834380000000024	Corner of 1st and Jackson	\N	\N	\N	2075	1008	2017-03-24 10:57:20.195738+00	2017-03-27 02:35:33.944179+00
64	2017-03-10 22:17:00+00	2017-04-10 22:17:00+00	30.2635748000000007	-97.7627071000000001	\N	The Picnic	\N	3001	\N	\N	2017-04-10 13:46:19.758491+00	2017-04-10 13:46:32.729587+00
65	2017-03-10 22:18:00+00	2017-04-11 00:32:00+00	-5.84256300000000017	-35.2106240000000028	\N	Natal Shopping Food Park - Av. das Brancas Dunas	\N	3006	\N	\N	2017-04-10 13:47:03.900462+00	2017-04-10 13:47:03.900462+00
90	2017-03-24 17:13:00+00	2017-04-25 01:00:00+00	-5.84996160000000032	-35.1991627000000022	here	\N	\N	\N	\N	\N	2017-04-24 17:13:52.40711+00	2017-04-24 17:13:52.40711+00
68	2017-03-11 19:06:00+00	2017-04-12 02:54:00+00	-5.84256300000000017	-35.2106240000000028	\N	Natal Shopping Food Park - Av. das Brancas Dunas	\N	3006	2075	1008	2017-04-11 10:39:32.053836+00	2017-04-11 10:39:32.053836+00
36	2017-02-23 15:00:00+00	2017-04-13 11:35:01.479+00	-5.88020000000000032	-35.1876999999999995	\N	Neide Artesanato/Praia Shopping Food Park - Av. Roberto Freire	\N	3005	2075	1008	2017-03-23 06:30:47.437+00	2017-04-13 11:13:45.44292+00
70	2017-04-13 11:35:31.173+00	2017-04-13 18:25:00+00	-5.84256300000000017	-35.2106240000000028	\N	Natal Shopping Food Park - Av. das Brancas Dunas	\N	\N	2075	1008	2017-04-13 11:14:15.135138+00	2017-04-13 11:14:15.135138+00
71	2017-03-01 16:30:00+00	2018-03-12 02:55:34+00	-5.87437400000000043	-35.1786949999999976	\N	Truck Garden Food Park - Av. Roberto Freire	\N	3004	2133	1110	2017-04-13 13:06:18.824972+00	2017-04-13 13:06:18.824972+00
12	2016-09-06 12:00:00+00	2017-04-03 10:47:37.089+00	-5.87337400000000009	-35.1766950000000023	\N	\N	\N	\N	2003	1001	2017-02-06 09:23:36.192+00	2017-04-03 10:26:42.41617+00
46	2017-03-28 16:55:40.829+00	2017-04-03 10:51:45.946+00	-5.87437400000000043	-35.1786949999999976	\N	Truck Garden Food Park - Av. Roberto Freire	\N	\N	2089	1088	2017-03-28 16:55:41.178+00	2017-04-03 10:30:51.239231+00
54	2017-04-03 10:52:06.84+00	2017-04-03 14:51:00+00	-5.84256300000000017	-35.2106240000000028	\N	Natal Shopping Food Park - Av. das Brancas Dunas	\N	\N	2089	1088	2017-04-03 10:31:12.143954+00	2017-04-03 10:31:12.143954+00
55	2017-03-03 19:49:00+00	2017-04-04 01:40:00+00	-5.84256300000000017	-35.2106240000000028	\N	Natal Shopping Food Park - Av. das Brancas Dunas	\N	3006	2089	1088	2017-04-03 11:19:15.005878+00	2017-04-03 11:19:15.005878+00
73	2017-02-23 15:00:00+00	2018-03-12 02:50:34+00	-5.88020000000000032	-35.1876999999999995	\N	Neide Artesanato/Praia Shopping Food Park - Av. Roberto Freire	\N	3005	2097	1095	2017-04-14 13:07:43.183511+00	2017-04-14 13:07:43.183511+00
57	2017-04-04 14:02:48.355+00	2017-04-04 14:03:25.499+00	-5.87437400000000043	-35.1786949999999976	\N	Truck Garden Food Park - Av. Roberto Freire	\N	\N	2103	1102	2017-04-04 12:02:55.463+00	2017-04-04 12:03:32.589245+00
91	2017-03-24 17:15:00+00	2017-04-24 17:19:00+00	-5.84996100000000041	-35.1991603000000026	here	\N	\N	\N	\N	\N	2017-04-24 17:15:49.212905+00	2017-04-24 17:20:09.416697+00
80	\N	2018-03-12 02:52:34+00	\N	\N	\N	\N	\N	\N	\N	\N	2017-04-17 12:16:57.979292+00	2017-04-17 12:16:57.979292+00
74	2017-03-15 13:53:00+00	2017-04-15 13:58:00+00	-5.87437400000000043	-35.1786949999999976	\N	Truck Garden Food Park - Av. Roberto Freire	\N	3004	2089	1088	2017-04-15 13:53:19.717478+00	2017-04-15 13:58:12.130579+00
75	2017-03-15 14:34:00+00	2017-04-15 14:36:00+00	-5.87437400000000043	-35.1786949999999976	\N	Truck Garden Food Park - Av. Roberto Freire	\N	3004	2089	1088	2017-04-15 14:34:35.821761+00	2017-04-15 14:36:05.53101+00
84	2017-03-21 14:17:00+00	2017-04-22 15:43:00+00	-5.87437400000000043	-35.1786949999999976	\N	Truck Garden Food Park - Av. Roberto Freire	\N	3004	2096	1094	2017-04-21 14:17:01.55118+00	2017-04-22 07:13:29.932857+00
85	2017-03-22 15:45:00+00	2017-04-23 03:30:00+00	-5.84256300000000017	-35.2106240000000028	\N	Natal Shopping Food Park - Av. das Brancas Dunas	\N	3006	2096	1094	2017-04-22 07:15:00.213699+00	2017-04-23 03:30:34.425112+00
86	2017-03-23 03:31:00+00	2017-04-24 02:14:00+00	-5.87437400000000043	-35.1786949999999976	\N	Truck Garden Food Park - Av. Roberto Freire	\N	3004	2096	1094	2017-04-23 03:31:02.572963+00	2017-04-23 03:31:02.572963+00
87	2017-04-24 07:46:13.957+00	2017-04-24 16:06:00+00	-5.84256300000000017	-35.2106240000000028	\N	Natal Shopping Food Park - Av. das Brancas Dunas	\N	\N	2096	1094	2017-04-24 07:24:30.248205+00	2017-04-24 07:36:05.30444+00
88	2017-03-24 16:07:00+00	2017-04-24 19:19:00+00	22.7461646000000002	75.8935146000000032	\N	\N	\N	\N	2096	1094	2017-04-24 07:37:08.155947+00	2017-04-24 10:49:08.325108+00
92	2017-03-24 17:20:00+00	2017-04-24 17:37:00+00	-5.84993150000000028	-35.1991711000000009	here	\N	\N	\N	\N	\N	2017-04-24 17:21:12.241468+00	2017-04-24 17:37:35.196097+00
93	2017-03-24 17:37:00+00	2017-04-24 17:39:00+00	-5.84993029999999958	-35.1991701999999975	there	\N	\N	\N	\N	\N	2017-04-24 17:38:07.348037+00	2017-04-24 17:40:01.29428+00
94	2017-03-24 17:40:00+00	2017-04-25 01:00:00+00	-5.84993150000000028	-35.1991711000000009	in front of house	\N	\N	\N	\N	\N	2017-04-24 17:40:49.49971+00	2017-04-24 17:40:49.49971+00
95	2017-03-24 17:45:00+00	2017-04-24 17:45:00+00	-5.84993029999999958	-35.1991701999999975	here	\N	\N	\N	2103	1102	2017-04-24 17:45:18.811531+00	2017-04-24 17:45:34.894376+00
96	2017-03-24 17:45:00+00	2017-04-24 20:51:00+00	-5.84993129999999972	-35.1991701999999975	here	\N	\N	\N	2103	1102	2017-04-24 17:45:58.802514+00	2017-04-24 20:51:51.431628+00
97	2017-03-24 20:32:00+00	2017-04-25 11:15:00+00	-5.84993150000000028	-35.1991711000000009	proximo na igreja catolico	\N	\N	\N	2136	1112	2017-04-24 20:33:11.089569+00	2017-04-25 11:15:24.352315+00
98	2017-03-25 11:15:00+00	2017-04-25 11:22:00+00	-5.84989999999999988	-35.1992107000000019	in front of Dennis' house	\N	\N	\N	2136	1112	2017-04-25 11:15:57.901901+00	2017-04-25 11:23:02.422456+00
89	2017-03-24 19:19:00+00	2017-04-25 21:09:00+00	-5.84256300000000017	-35.2106240000000028	\N	Natal Shopping Food Park - Av. das Brancas Dunas	\N	3006	2096	1094	2017-04-24 10:49:39.439212+00	2017-04-25 21:09:21.316504+00
100	2017-03-25 21:09:00+00	2017-04-26 01:58:00+00	-5.87437400000000043	-35.1786949999999976	\N	Truck Garden Food Park - Av. Roberto Freire	\N	3004	2096	1094	2017-04-25 21:09:41.731598+00	2017-04-26 01:58:29.563265+00
101	2017-03-26 01:59:00+00	2017-04-26 02:59:00+00	-5.88771799999999956	-35.172463399999998	Home	\N	\N	\N	2096	1094	2017-04-26 01:59:49.529756+00	2017-04-26 01:59:49.529756+00
102	2017-04-26 07:32:31.884+00	2017-04-26 18:29:00+00	-5.84256300000000017	-35.2106240000000028	rua da campina 140 natal-rn	Natal Shopping Food Park - Av. das Brancas Dunas	\N	\N	2096	1094	2017-04-26 07:10:43.251839+00	2017-04-26 07:10:43.251839+00
69	2017-03-01 16:30:00+00	2017-05-01 07:08:47.162+00	-5.87437400000000043	-35.1886950000000027	\N	Truck Garden Food Park - Av. Roberto Freire	\N	3004	2132	1109	2017-04-12 12:10:55.875+00	2017-05-01 06:46:47.825541+00
99	2017-03-25 11:23:00+00	2017-04-26 19:59:00+00	-5.84989890000000035	-35.1992152999999988	Dennis' house	\N	\N	\N	2136	1112	2017-04-25 11:23:37.860805+00	2017-04-26 19:59:41.074747+00
106	2017-03-26 20:01:00+00	2017-04-27 01:00:00+00	-5.85206729999999986	-35.2027020000000022	proximo Fiat pnta negra	\N	\N	\N	2136	1112	2017-04-26 20:01:44.882136+00	2017-04-26 20:01:44.882136+00
111	2017-03-27 14:07:00+00	2017-04-28 02:30:00+00	-5.87437400000000043	-35.1786949999999976	\N	Truck Garden Food Park - Av. Roberto Freire	\N	3004	2094	1092	2017-04-27 14:07:13.184144+00	2017-04-27 14:07:13.184144+00
110	2017-03-28 10:22:00+00	2017-04-27 15:12:00+00	-5.84256300000000017	-35.2106240000000028	\N	Natal Shopping Food Park - Av. das Brancas Dunas	\N	3006	2096	1094	2017-04-27 13:52:21.085512+00	2017-04-27 15:12:09.809015+00
112	2017-03-27 15:12:00+00	2017-04-28 02:00:00+00	-5.87437400000000043	-35.1786949999999976	\N	Truck Garden Food Park - Av. Roberto Freire	\N	3004	2096	1094	2017-04-27 15:12:22.654494+00	2017-04-27 15:12:22.654494+00
113	2017-04-28 06:22:26.784+00	2017-04-28 18:22:00+00	-5.84256300000000017	-35.2106240000000028	\N	Natal Shopping Food Park - Av. das Brancas Dunas	\N	\N	2096	1094	2017-04-28 06:00:34.889965+00	2017-04-28 06:00:34.889965+00
114	2017-04-28 06:22:55.773+00	2017-04-28 18:22:00+00	-5.84256300000000017	-35.2106240000000028	\N	Natal Shopping Food Park - Av. das Brancas Dunas	\N	\N	2094	1092	2017-04-28 06:01:03.835591+00	2017-04-28 06:01:03.835591+00
115	2017-03-28 19:36:00+00	2017-04-29 02:58:00+00	-5.84256300000000017	-35.2106240000000028	\N	Natal Shopping Food Park - Av. das Brancas Dunas	\N	3006	2094	1092	2017-04-28 11:06:36.526835+00	2017-04-28 11:06:36.526835+00
116	2017-05-01 07:09:19.883+00	2017-05-01 18:09:00+00	-5.84256300000000017	-35.2106240000000028	\N	Natal Shopping Food Park - Av. das Brancas Dunas	\N	\N	2094	1092	2017-05-01 06:47:20.604072+00	2017-05-01 06:47:20.604072+00
117	2017-05-01 13:59:09.16+00	2017-05-01 15:15:15.204+00	-5.84256300000000017	-35.2106240000000028	\N	Natal Shopping Food Park - Av. das Brancas Dunas	\N	\N	2096	1094	2017-05-01 13:37:08.846+00	2017-05-01 14:53:14.523601+00
119	2017-05-01 15:36:27.098+00	2017-05-01 15:36:32.03+00	-5.84256300000000017	-35.2106240000000028	\N	Natal Shopping Food Park - Av. das Brancas Dunas	\N	\N	2075	1008	2017-05-01 15:14:26.864+00	2017-05-01 15:14:32.130085+00
118	2017-05-01 15:15:32.021+00	2017-05-01 15:38:29.06+00	-5.84256300000000017	-35.2106240000000028	\N	Natal Shopping Food Park - Av. das Brancas Dunas	\N	\N	2096	1094	2017-05-01 14:53:31.412+00	2017-05-01 15:16:29.306648+00
120	2017-05-01 15:38:41.543+00	2017-05-01 17:38:00+00	-5.84256300000000017	-35.2106240000000028	\N	Natal Shopping Food Park - Av. das Brancas Dunas	\N	\N	2096	1094	2017-05-01 15:16:40.806176+00	2017-05-01 15:16:40.806176+00
\.
SELECT pg_catalog.setval('checkins_id_seq', 120, true);



COPY reviews (id, comment, rating, answers, customer_id, company_id, unit_id, status, created_at, updated_at) FROM stdin;
13	Best tacos in Austin	\N	{"answers":[{"answer":4},{"answer":5},{"answer":4},{"answer":5}]}	9008	1092	2094	New	2017-04-04 02:19:50.787784+00	2017-04-04 02:19:50.787784+00
\.
SELECT pg_catalog.setval('reviews_id_seq', 13, true);

COPY review_approvals (id, review_id, reviewer_id, status, created_at, updated_at) FROM stdin;
2	13	\N	\N	2017-04-04 02:19:50.787784+00	2017-04-04 02:19:50.787784+00
\.
SELECT pg_catalog.setval('review_approvals_id_seq', 2, true);


COPY delivery_addresses (id, nickname, address1, address2, city, state, phone, customer_id, created_at, updated_at) FROM stdin;
1	Verano Condominium	Rua da Campina 140	Apt 2203	Natal	RN	Mary / 555-9988	9008	2017-03-23 03:49:22.506958+00	2017-03-23 03:49:22.506958+00
3	Tango	123 Drummond St	Apt 2000	Natal	RN	Cliff / 444-3636	9008	2017-03-24 11:05:21.741028+00	2017-03-24 11:05:21.741028+00
4	Fvb	Fhh	Fhb	\N	\N	4558	9008	2017-03-24 12:41:00.186294+00	2017-03-24 12:41:00.186294+00
5	Test Location	304 Princess Park	AB Road,  Indore	\N	\N	9893479705	9008	2017-03-24 13:07:06.615521+00	2017-03-24 13:07:06.615521+00
7	Oak Pine Estate	123 Prudente	Apt 2000	Natal	RN	Bob / 444-3636	9009	2017-03-30 21:19:11.040794+00	2017-03-30 21:19:11.040794+00
8	Nordestao	Av. Engenheiro Roberto Freire, 2895	null	Natal	RN	Jim / 444-3636	9009	2017-03-30 21:20:25.962401+00	2017-03-30 21:20:25.962401+00
9	Natal Shopping	Av. Sen. Salgado Filho, 2234 - 400 - Candelária, Natal - RN, 59064-900	null	Natal	RN	999-5555	9008	2017-04-01 18:53:50.554505+00	2017-04-01 18:53:50.554505+00
10	Car Dealership	Avenida Mal Rondon, 3490 Candelária	Apt 760	Natal	RN	Stacy / 555-9988	9008	2017-04-04 14:37:15.967597+00	2017-04-04 14:37:15.967597+00
11	Subway	Av. Prudente de Morais, 5950 - Candelária, Natal - RN	\N	Natal	RN	Bob / 555-9988	9009	2017-04-05 18:16:53.224377+00	2017-04-05 18:16:53.224377+00
12	Ashley	17 Gyaneshwar	Ind	\N	\N	546538497	9008	2017-04-07 11:31:39.366317+00	2017-04-07 11:31:39.366317+00
13	Sam	345 Baker Streets	Gsj	\N	\N	564846345	9008	2017-04-07 11:45:04.385616+00	2017-04-07 11:45:04.385616+00
2	Camarões	Av. Engenheiro Roberto Freire, 2610 - Ponta Negra, Natal - RN, 59090-000	Apt 67	Natal	RN	Bob / 555-9988	9008	2017-03-24 02:57:01.059108+00	2017-04-08 23:23:46.122426+00
14	Home	Av. Engenheiro Roberto Freire, 2610 - Ponta Negra, Natal - RN, 59090-000	\N	Natal	RN	Marcy / 555-9988	9018	2017-04-16 15:04:11.34083+00	2017-04-16 15:04:11.34083+00
15	Test Locations	304, Princess Business Park	Indore	\N	\N	465329458	9019	2017-04-20 05:54:04.182109+00	2017-04-20 05:54:04.182109+00
16	New Field Test	This Is Address 1	This Is Address 2	This Is City	\N	123487978	9008	2017-04-20 07:54:44.990482+00	2017-04-20 07:54:44.990482+00
6	Ponta Negra Fiat	Av. Engenheiro Roberto Freire, 701	Apt 2009	Natal-RN, 59078-600	\N	Bob / 444-3636	9009	2017-03-28 19:06:58.528723+00	2017-04-20 20:14:53.525733+00
17	Teste	Testando	100	Natal	\N	84999999999	9022	2017-05-01 14:57:09.642253+00	2017-05-01 14:57:09.642253+00
\.
SELECT pg_catalog.setval('delivery_addresses_id_seq', 17, true);

COPY drivers (id, name, phone, available, unit_id, company_id, created_at, updated_at) FROM stdin;
5	Steve	558491239871	t	2096	1094	2017-03-28 18:31:22.861602+00	2017-04-16 19:11:28.890387+00
1	Bobby	5584 5934 9812	t	2089	1088	2017-03-22 12:29:14.606154+00	2017-04-19 08:59:26.738372+00
4	Yogi	1234567890	t	2089	1088	2017-03-28 09:20:29.217635+00	2017-04-19 08:59:27.635895+00
3	Tom	5584 8153 8041	t	2089	1088	2017-03-25 13:03:55.984311+00	2017-04-19 08:59:28.203884+00
7	yogi 2	2322323	f	2089	1088	2017-03-29 13:01:51.068468+00	2017-04-19 08:59:28.656081+00
23	Shelly	444-7777	t	2094	1092	2017-04-07 12:20:40.585595+00	2017-04-07 12:20:43.909736+00
26	Cliff	558491239871	t	2097	1095	2017-04-24 18:55:16.178006+00	2017-04-24 18:55:16.178006+00
27	Larry	558490458822	t	2097	1095	2017-04-24 18:55:37.865066+00	2017-04-24 18:55:37.865066+00
33	Herbert	333-7777	t	2136	1112	2017-04-25 11:46:04.178782+00	2017-04-25 11:46:14.488655+00
34	Betsy	555-8888	t	2136	1112	2017-04-25 11:47:21.19242+00	2017-04-25 11:57:19.584371+00
36	Dennis	555-9999	f	2138	1112	2017-04-25 12:15:18.749654+00	2017-04-25 12:15:18.749654+00
37	steve	1356-4658	f	2138	1112	2017-04-25 13:07:33.772298+00	2017-04-25 13:07:33.772298+00
38	Pepe	1325-4658	f	2136	1112	2017-04-25 13:12:36.848771+00	2017-04-25 13:12:36.848771+00
24	Clff	555-9999	t	2133	1110	2017-04-15 11:16:08.561746+00	2017-04-15 11:21:21.429029+00
25	Larry	666-9999	t	2133	1110	2017-04-15 11:16:24.142581+00	2017-04-15 11:21:22.304931+00
35	Cliff	777-9999	t	2136	1112	2017-04-25 11:55:24.352582+00	2017-04-25 18:07:04.62942+00
21	Cindy	558420449053	f	2096	1094	2017-03-30 11:12:58.537968+00	2017-04-25 23:12:01.604019+00
6	Jimmy	558491238833	t	2096	1094	2017-03-28 18:31:53.27384+00	2017-04-25 23:58:23.96664+00
9	John	558490236588	f	2096	1094	2017-03-30 00:29:59.452628+00	2017-04-25 23:58:25.432057+00
22	Jim	666-8888	t	2094	1092	2017-04-07 12:20:28.289077+00	2017-04-27 17:05:37.725807+00
\.
SELECT pg_catalog.setval('drivers_id_seq', 38, true);

COPY order_history (id, order_sys_order_id, amount, initiation_time, payment_time, actual_pickup_time, desired_pickup_time, prep_notice_time, status, messages, qr_code, manual_pickup, for_delivery, desired_delivery_time, delivery_address_id, delivery_address_details, driver_id, contact, order_detail, checkin_id, customer_name, customer_id, unit_id, company_name, company_id, created_at, updated_at) FROM stdin;
716	1441827869947855089	R$11.60	\N	\N	\N	2017-02-06 20:11:56+00	\N	{"order_requested": "2017-03-14T01:28:30.250Z"}	\N	\N	f	f	\N	\N	\N	\N	\N	{"Submariner Gargonzola": {"title": "Submariner Gargonzola", "options": [], "quantity": 1, "selections": {"Cheese": "Gargonzola"}}}	\N	Marco and Inez P	9003	2006	\N	1005	2017-02-04 14:13:35.376951+00	2017-02-04 14:13:35.376951+00
717	1442308288698909145	R$25.58	\N	\N	\N	2017-02-06 20:11:56+00	\N	{"order_requested": "2017-03-14T01:32:47.250Z"}	\N	\N	f	f	\N	\N	\N	\N	\N	{"Thai Noodles": {"title": "Thai Noodles", "options": ["extra beef", "extra curry pork", "Extra bbq"], "quantity": 2, "selections": {}}}	\N	Marco and Inez P	9003	2006	\N	1005	2017-02-04 14:15:48.542129+00	2017-02-04 14:15:48.542129+00
718	1441814057349808367	R$25.60	\N	\N	\N	2017-02-06 20:11:56+00	\N	{"order_requested": "2017-03-14T01:45:12.580Z"}	\N	\N	f	f	\N	\N	\N	\N	\N	{"Turkey Sub": {"title": "Turkey Sub", "options": ["Potato Salad", "Potato Chips"], "quantity": 3, "selections": {}}}	\N	Marco and Inez P	9003	2006	\N	1005	2017-02-04 14:16:18.178361+00	2017-02-04 14:16:18.178361+00
719	1441813386487660781	R$9.60	\N	\N	\N	2016-02-28 20:11:56+00	\N	{"order_requested": "2017-03-14T01:58:30.250Z"}	\N	\N	f	f	\N	\N	\N	\N	\N	{"Turkey Sub": {"title": "Turkey Sub", "options": ["Potato Salad", "Potato Chips"], "quantity": 1, "selections": {}}}	\N	mg2 s	9005	2008	\N	1008	2017-02-04 14:31:46.803123+00	2017-02-04 14:31:46.803123+00
720	1441813321006186731	R$9.60	\N	\N	\N	2016-02-28 20:11:56+00	2016-02-28 19:56:56+00	{"order_requested": "2017-03-14T01:58:30.250Z"}	\N	\N	f	f	\N	\N	\N	\N	\N	{"Turkey Sub": {"title": "Turkey Sub", "options": ["Potato Salad", "Potato Chips"], "quantity": 1, "selections": {}}}	\N	mg2 s	9005	2006	\N	1005	2017-02-06 16:02:47.579754+00	2017-02-06 16:02:47.579754+00
722	1476088289428504584	R$17.60	\N	\N	\N	2017-03-11 12:32:00+00	\N	{"order_paid": "2017-03-22T11:54:16.683Z", "order_ready": "2017-03-22T18:00:13.124Z", "order_cooking": "2017-03-22T17:55:56.046Z", "order_accepted": "2017-03-22T11:55:09.896Z", "order_picked_up": "2017-03-28T18:38:03.502Z", "order_requested": "2017-03-22T11:52:07.924Z"}	\N	\N	f	f	\N	\N	\N	\N	\N	{"1476088291894755337": {"title": "Grasshopper Pie", "options": [], "quantity": 2, "selections": {}}}	\N	Stacy B	9008	2089	Chunky Monkey	1088	2017-03-22 11:52:05.750215+00	2017-03-28 18:38:03.388722+00
724	1476089217619591178	R$34.60	\N	\N	\N	2017-03-11 12:29:00+00	\N	{"no_show": "2017-04-03T10:22:25.149Z", "order_paid": "2017-03-22T17:55:13.426Z", "order_ready": "2017-03-22T18:07:07.828Z", "order_cooking": "2017-03-22T18:00:21.991Z", "order_accepted": "2017-03-22T17:55:06.050Z", "order_picked_up": "2017-04-03T10:22:28.631Z", "order_requested": "2017-03-22T11:56:23.506Z"}	\N	\N	f	f	\N	\N	\N	\N	\N	{"1476089220085841931": {"title": "Grasshopper Pie", "options": ["Nuts & Whip Cream"], "quantity": 3, "selections": {}}}	\N	Stacy B	9008	2089	Chunky Monkey	1088	2017-03-22 11:56:19.839669+00	2017-04-03 10:22:28.538698+00
725	1476362853836390469	R$9.60	\N	\N	\N	2017-03-22 21:30:00+00	\N	{"order_accepted": "2017-04-05T08:30:00.877Z", "order_requested": "2017-03-22T21:07:46.996Z"}	\N	\N	f	f	\N	\N	\N	\N	\N	{"1476362856210366534": {"title": "Philly Cheesesteak", "options": [], "quantity": 1, "selections": {}}}	\N	Stacy B	9008	2075	Grilla Cheez	1008	2017-03-22 21:07:44.782026+00	2017-04-05 08:30:07.597959+00
723	1476089217619591178	R$34.60	\N	\N	\N	2017-03-11 12:45:00+00	\N	{"order_paid": "2017-03-22T11:54:25.917Z", "order_ready": "2017-03-22T17:54:13.524Z", "order_cooking": "2017-03-22T11:58:09.373Z", "order_accepted": "2017-03-22T11:55:05.716Z", "order_picked_up": "2017-03-22T17:59:36.935Z", "order_requested": "2017-03-22T11:53:10.338Z"}	\N	\N	f	f	\N	\N	\N	\N	\N	{"1476089220085841931": {"title": "Grasshopper Pie", "options": ["Nuts & Whip Cream"], "quantity": 3, "selections": {}}}	\N	Stacy B	9008	2089	Chunky Monkey	1088	2017-03-22 11:53:08.160838+00	2017-03-22 17:59:36.833456+00
860	1491916381426287293	R$9.60	\N	\N	\N	2017-04-13 19:30:00+00	\N	{"order_accepted": "2017-04-13T08:43:27.880Z", "order_requested": "2017-04-13T07:58:59.617Z"}	\N	\N	f	f	\N	\N	\N	\N	\N	{"1491916383766708927": {"title": "Green Curry Regular", "options": [], "quantity": 1, "selections": {"Sauce": "Regular"}}}	\N	Stacy B	9008	2094	Thaitanic Xpress	1092	2017-04-13 07:58:57.287281+00	2017-04-13 08:43:27.772431+00
728	1476565900663455850	R$34.60	\N	\N	\N	2017-03-11 18:30:51+00	\N	{"order_paid": "2017-03-24T03:04:24.049Z", "order_ready": "2017-03-24T10:14:34.149Z", "order_accepted": "2017-03-24T03:01:09.367Z", "order_picked_up": "2017-03-24T10:14:33.286Z", "order_requested": "2017-03-23T03:49:36.747Z"}	\N	\N	f	t	\N	1	{"city": "Natal", "phone": "Mary / 555-9988", "state": "RN", "address1": "Rua da Campina 140", "address2": "Apt 2203"}	\N	\N	{"1476565903012266091": {"title": "Grasshopper Pie", "options": ["Nuts & Whip Cream"], "quantity": 3, "selections": {}}}	\N	Stacy B	9008	2089	Chunky Monkey	1088	2017-03-23 03:49:35.754644+00	2017-03-24 10:14:34.066027+00
721	1475992618981655114	R$9.60	\N	\N	\N	2017-03-22 17:40:00+00	\N	{"order_paid": "2017-03-22T08:43:32.727Z", "order_ready": "2017-03-22T08:57:21.950Z", "order_cooking": "2017-03-22T08:57:14.264Z", "order_accepted": "2017-03-22T08:43:26.736Z", "order_picked_up": "2017-03-22T08:57:30.840Z", "order_requested": "2017-03-22T08:41:05.370Z"}	\N	\N	f	f	\N	\N	\N	\N	\N	{"1475992621238190667": {"title": "BBQ Rib Wednesday", "options": [], "quantity": 1, "selections": {}}}	\N	Stacy B	9008	2075	Grilla Cheez	1008	2017-03-22 08:41:03.284365+00	2017-03-22 08:57:30.755053+00
727	1476519805077946463	R$17.60	\N	\N	\N	2017-03-11 12:31:00+00	\N	{"no_show": "2017-03-24T10:16:32.335Z", "order_paid": "2017-03-23T03:21:03.545Z", "order_cooking": "2017-03-23T03:59:47.676Z", "order_accepted": "2017-03-23T02:09:48.538Z", "order_requested": "2017-03-23T02:08:48.685Z"}	\N	\N	f	f	\N	\N	\N	\N	\N	{"1476519811436511328": {"title": "Grasshopper Pie", "options": [], "quantity": 2, "selections": {}}}	\N	Stacy B	9008	2089	Chunky Monkey	1088	2017-03-23 02:08:45.756954+00	2017-03-24 10:16:32.252532+00
940	1495617581606765308	R$11.60	\N	\N	\N	2017-04-19 07:35:00+00	\N	{"order_declined": "2017-04-19T12:02:30.712Z", "order_requested": "2017-04-18T10:32:16.364Z"}	\N	\N	f	f	\N	\N	\N	\N	\N	{"1495617584282731261": {"title": "Cuban Sausage Melt", "options": [], "quantity": 1, "selections": {}}}	\N	Stacy B	9008	2096	Classy Cuban	1094	2017-04-18 10:32:14.161304+00	2017-04-19 12:02:30.624649+00
726	1476519119359574109	R$12.60	\N	\N	\N	2017-03-11 12:29:00+00	\N	{"order_accepted": "2017-03-24T10:16:06.364Z", "order_requested": "2017-03-23T02:07:43.890Z"}	\N	\N	f	f	\N	\N	\N	\N	\N	{"1476519121792270430": {"title": "Grasshopper Pie", "options": ["Nuts & Whip Cream"], "quantity": 1, "selections": {}}}	\N	Stacy B	9008	2089	Chunky Monkey	1088	2017-03-23 02:07:40.127963+00	2017-03-24 10:16:06.292362+00
892	1492802192191520981	R$12.60	\N	\N	\N	2017-04-14 22:20:00+00	\N	{"order_paid": "2017-04-14T13:18:59.995Z", "order_ready": "2017-04-14T13:44:24.907Z", "order_accepted": "2017-04-14T13:18:52.305Z", "order_picked_up": "2017-04-14T13:44:56.540Z", "order_requested": "2017-04-14T13:18:37.559Z"}	\N	1492175939	f	f	\N	\N	\N	\N	\N	{"1492802194649383126": {"title": "Mongolian Beef with Cashews Pork Fried Rice", "options": [], "quantity": 1, "selections": {"Rice": "Pork Fried Rice"}}}	\N	Stacy B	9008	2094	Thaitanic Xpress	1092	2017-04-14 13:18:35.432905+00	2017-04-14 13:44:56.444587+00
737	1477432545397179163	R$16.60	\N	\N	\N	2017-03-24 19:30:00+00	\N	{"order_accepted": "2017-04-06T12:26:15.436Z", "order_requested": "2017-03-24T08:25:26.721Z"}	\N	\N	f	f	\N	\N	\N	\N	\N	{"1477432547838264092": {"title": "BBQ Rib Wednesday", "options": [], "quantity": 1, "selections": {}}, "1477432549482431261": {"title": "Pork Slider \\"Tuesday\\" Avalanche", "options": [], "quantity": 1, "selections": {}}}	\N	Stacy B	9008	2075	Grilla Cheez	1008	2017-03-24 08:25:12.378422+00	2017-04-06 12:26:15.33408+00
741	1479650724341088502	R$17.60	\N	\N	\N	2017-03-27 18:40:00+00	\N	{"order_accepted": "2017-04-06T12:26:01.598Z", "order_requested": "2017-03-27T09:48:59.517Z"}	\N	\N	f	f	\N	\N	\N	\N	\N	{"1479650726639567095": {"title": "BBQ Rib Wednesday", "options": [], "quantity": 2, "selections": {}}}	\N	Stacy B	9008	2075	Grilla Cheez	1008	2017-03-27 09:48:56.751934+00	2017-04-06 12:26:01.477393+00
731	1476573335813881966	R$12.60	\N	\N	\N	2017-03-11 17:25:51+00	\N	{"order_paid": "2017-03-23T03:56:39.593Z", "order_accepted": "2017-03-23T03:57:27.533Z", "order_delivered": "2017-03-24T02:50:59.992Z", "order_requested": "2017-03-23T03:55:36.476Z"}	\N	\N	f	t	\N	1	{"city": "Natal", "phone": "Mary / 555-9988", "state": "RN", "address1": "Rua da Campina 140", "address2": "Apt 2203"}	\N	\N	{"1476573338204635247": {"title": "Hot Fudge Sundae Mint Chocolate Chip", "options": [], "quantity": 1, "selections": {"Ice Cream": "Mint Chocolate Chip"}}}	\N	Bob S	9009	2089	Chunky Monkey	1088	2017-03-23 03:55:32.888143+00	2017-03-24 02:50:59.875364+00
742	1479654645990162680	R$17.60	\N	\N	\N	2017-03-27 18:50:00+00	\N	{"order_accepted": "2017-04-06T12:26:41.466Z", "order_requested": "2017-03-27T09:56:51.173Z"}	\N	\N	f	f	\N	\N	\N	\N	\N	{"1479654648255086841": {"title": "BBQ Rib Wednesday", "options": [], "quantity": 2, "selections": {}}}	\N	Stacy B	9008	2075	Grilla Cheez	1008	2017-03-27 09:56:49.196046+00	2017-04-06 12:26:41.376721+00
730	1476571135918211180	R$12.60	\N	\N	\N	2017-03-11 17:25:51+00	\N	{"no_show": "2017-03-24T02:52:05.442Z", "order_paid": "2017-03-23T03:51:58.025Z", "order_cooking": "2017-03-23T04:00:10.351Z", "order_accepted": "2017-03-23T03:52:33.960Z", "order_requested": "2017-03-23T03:51:04.753Z"}	\N	\N	f	t	\N	1	{"city": "Natal", "phone": "Mary / 555-9988", "state": "RN", "address1": "Rua da Campina 140", "address2": "Apt 2203"}	\N	\N	{"1476571138267021421": {"title": "Grasshopper Pie", "options": ["Nuts & Whip Cream"], "quantity": 1, "selections": {}}}	\N	Stacy B	9008	2089	Chunky Monkey	1088	2017-03-23 03:51:03.368255+00	2017-03-24 02:52:05.339223+00
937	1495566326951838439	R$13.60	\N	\N	\N	2017-04-19 05:50:00+00	\N	{"no_show": "2017-04-18T09:37:26.328Z", "order_paid": "2017-04-18T09:36:35.984Z", "order_accepted": "2017-04-18T09:36:30.153Z", "order_requested": "2017-04-18T08:50:28.423Z"}	\N	1492551420	f	f	\N	\N	\N	\N	\N	{"1495566329392923368": {"title": "Pork Plate", "options": [], "quantity": 1, "selections": {}}}	\N	Stacy B	9008	2096	Classy Cuban	1094	2017-04-18 08:50:26.367364+00	2017-04-18 09:37:26.233299+00
733	1477263768953028943	R$23.60	\N	\N	\N	2017-03-11 17:10:51+00	\N	{"order_accepted": "2017-03-24T02:59:55.140Z", "order_requested": "2017-03-24T02:48:45.026Z"}	\N	\N	f	t	2017-03-11 17:25:51+00	1	{"city": "Natal", "phone": "Mary / 555-9988", "state": "RN", "address1": "Rua da Campina 140", "address2": "Apt 2203"}	\N	\N	{"1477263771394113872": {"title": "Hot Fudge Sundae Mint Chocolate Chip", "options": [], "quantity": 2, "selections": {"Ice Cream": "Mint Chocolate Chip"}}}	\N	Stacy B	9008	2089	Chunky Monkey	1088	2017-03-24 02:48:42.456895+00	2017-03-24 02:59:55.039665+00
740	1479649206036594932	R$17.60	\N	\N	\N	2017-03-27 18:35:00+00	\N	{"order_accepted": "2017-04-06T12:26:27.133Z", "order_requested": "2017-03-27T09:46:10.189Z"}	\N	\N	f	f	\N	\N	\N	\N	\N	{"1479649209224265973": {"title": "BBQ Rib Wednesday", "options": [], "quantity": 2, "selections": {}}}	\N	Stacy B	9008	2075	Grilla Cheez	1008	2017-03-27 09:46:08.123449+00	2017-04-06 12:26:27.04045+00
739	1477576228796891223	R$16.60	\N	\N	\N	2017-03-24 21:55:00+00	\N	{"order_accepted": "2017-04-06T12:25:43.056Z", "order_requested": "2017-03-24T13:07:31.689Z"}	\N	\N	f	t	2017-03-24 22:10:00+00	5	{"city": null, "phone": "9893479705", "state": null, "address1": "304 Princess Park", "address2": "AB Road,  Indore"}	\N	\N	{"1477576231103758424": {"title": "BBQ Rib Wednesday", "options": [], "quantity": 1, "selections": {}}, "1477576233578397785": {"title": "Pork Slider \\"Tuesday\\" Avalanche", "options": [], "quantity": 1, "selections": {}}}	\N	Stacy B	9008	2075	Grilla Cheez	1008	2017-03-24 13:07:28.396917+00	2017-04-06 12:25:42.95495+00
743	1479670877543989502	R$98.60	\N	\N	\N	2017-03-27 19:20:00+00	\N	{"order_accepted": "2017-04-06T12:26:51.078Z", "order_requested": "2017-03-27T10:29:04.089Z"}	\N	\N	f	f	\N	\N	\N	\N	\N	{"1479670879951519999": {"title": "Pork Sliders", "options": [], "quantity": 1, "selections": {}}, "1479670881654407424": {"title": "Philly Cheesesteak", "options": [], "quantity": 2, "selections": {}}, "1479670883340517633": {"title": "Grilled Cheez Melt Gargonzola", "options": [], "quantity": 6, "selections": {"Cheese Selection": "Gargonzola"}}}	\N	Stacy B	9008	2075	Grilla Cheez	1008	2017-03-27 10:29:00.887885+00	2017-04-06 12:26:51.000622+00
736	1477267531369546065	R$12.60	\N	\N	\N	2017-03-11 16:05:51+00	\N	{"order_accepted": "2017-03-24T15:01:45.961Z", "order_requested": "2017-03-24T02:59:04.524Z"}	\N	\N	f	t	2017-03-11 16:20:51+00	2	{"city": "Natal", "phone": "Doug / 444-3636", "state": "RN", "address1": "Rua da Prudente 390", "address2": "Apt 67"}	\N	\N	{"1477267533735133522": {"title": "Hot Fudge Sundae Mint Chocolate Chip", "options": [], "quantity": 1, "selections": {"Ice Cream": "Mint Chocolate Chip"}}}	\N	Stacy B	9008	2089	Chunky Monkey	1088	2017-03-24 02:59:03.368886+00	2017-03-24 15:01:45.435111+00
732	1476693753040208247	R$18.60	\N	\N	\N	2017-03-23 16:45:00+00	\N	{"order_accepted": "2017-04-05T08:31:51.131Z", "order_requested": "2017-03-23T07:54:07.440Z"}	\N	\N	f	f	\N	\N	\N	\N	\N	{"1476693755321909624": {"title": "BBQ Rib Wednesday", "options": [], "quantity": 1, "selections": {}}, "1476693756991242617": {"title": "BBQ Wings Fire Chipotle", "options": [], "quantity": 1, "selections": {"Sauce": "Fire Chipotle"}}}	\N	Stacy B	9008	2075	Grilla Cheez	1008	2017-03-23 07:54:04.546+00	2017-04-05 08:32:12.764912+00
935	1495562485439136480	R$35.60	\N	\N	\N	2017-04-19 05:45:00+00	\N	{"order_paid": "2017-04-18T09:34:39.872Z", "order_ready": "2017-04-20T07:09:51.618Z", "order_cooking": "2017-04-20T07:09:42.498Z", "order_accepted": "2017-04-18T09:34:31.741Z", "order_picked_up": "2017-04-20T07:11:47.643Z", "order_requested": "2017-04-18T08:47:14.823Z"}	\N	1492551304	f	f	\N	\N	\N	\N	\N	{"1495562487871832801": {"title": "Pork Plate", "options": [], "quantity": 1, "selections": {}}, "1495562489650217698": {"title": "Cuban Reuben", "options": [], "quantity": 1, "selections": {}}, "1495562491453768419": {"title": "Cuban Sausage Melt", "options": [], "quantity": 1, "selections": {}}}	\N	Stacy B	9008	2096	Classy Cuban	1094	2017-04-18 08:47:11.687951+00	2017-04-20 07:11:47.420627+00
951	1496391335777665247	R$13.60	\N	\N	\N	2017-04-20 09:10:00+00	\N	{"order_declined": "2017-04-19T12:15:06.026Z", "order_requested": "2017-04-19T12:10:11.353Z"}	\N	\N	f	f	\N	\N	\N	\N	\N	{"1496391338889838816": {"title": "Cuban Reuben", "options": [], "quantity": 1, "selections": {}}}	\N	Stacy B	9008	2096	Classy Cuban	1094	2017-04-19 12:10:09.120027+00	2017-04-19 12:15:05.919524+00
735	1477267531369546065	R$12.60	\N	\N	\N	2017-03-11 16:05:51+00	\N	{"order_declined": "2017-03-24T03:00:48.621Z", "order_requested": "2017-03-24T02:57:37.051Z"}	\N	\N	f	t	2017-03-11 16:20:51+00	2	{"city": "Natal", "phone": "Doug / 444-3636", "state": "RN", "address1": "Rua da Prudente 390", "address2": "Apt 67"}	1	\N	{"1477267533735133522": {"title": "Hot Fudge Sundae Mint Chocolate Chip", "options": [], "quantity": 1, "selections": {"Ice Cream": "Mint Chocolate Chip"}}}	\N	Stacy B	9008	2089	Chunky Monkey	1088	2017-03-24 02:57:35.912986+00	2017-03-27 11:44:54.574409+00
738	1477521256512225342	R$16.60	\N	\N	\N	2017-03-24 22:35:00+00	\N	{"order_accepted": "2017-03-27T12:06:39.810Z", "order_requested": "2017-03-24T11:18:16.092Z"}	\N	\N	f	t	2017-03-24 22:50:00+00	2	{"city": "Natal", "phone": "Doug / 444-3636", "state": "RN", "address1": "Rua da Prudente 390", "address2": "Apt 67"}	\N	\N	{"1477521259548901439": {"title": "Delivery Charge", "options": [], "quantity": 1, "selections": {}}, "1477521262208090176": {"title": "Pork Slider \\"Tuesday\\" Avalanche", "options": [], "quantity": 1, "selections": {}}}	\N	Stacy B	9008	2075	Grilla Cheez	1008	2017-03-24 11:18:13.612098+00	2017-03-27 12:06:39.720297+00
734	1477267531369546065	R$12.60	\N	\N	\N	2017-03-11 16:05:51+00	\N	{"order_paid": "2017-03-24T03:06:15.480Z", "order_cooking": "2017-03-24T14:50:13.513Z", "order_accepted": "2017-03-24T03:05:01.613Z", "order_delivered": "2017-03-28T18:38:59.412Z", "order_requested": "2017-03-24T02:54:40.420Z"}	\N	\N	f	t	2017-03-11 16:20:51+00	1	{"city": "Natal", "phone": "Mary / 555-9988", "state": "RN", "address1": "Rua da Campina 140", "address2": "Apt 2203"}	4	\N	{"1477267533735133522": {"title": "Hot Fudge Sundae Mint Chocolate Chip", "options": [], "quantity": 1, "selections": {"Ice Cream": "Mint Chocolate Chip"}}}	\N	Stacy B	9008	2089	Chunky Monkey	1088	2017-03-24 02:54:37.275528+00	2017-03-28 18:38:59.328328+00
744	1479913913813304049	R$12.60	\N	\N	\N	2017-03-11 17:14:51+00	\N	{"order_paid": "2017-03-27T18:34:06.030Z", "order_ready": "2017-03-27T18:36:46.763Z", "order_cooking": "2017-03-27T18:36:19.030Z", "order_accepted": "2017-03-27T18:33:30.305Z", "order_delivered": "2017-03-27T18:37:36.761Z", "order_requested": "2017-03-27T18:33:14.649Z", "order_dispatched": "2017-03-27T18:37:09.422Z"}	\N	\N	f	t	2017-03-11 17:29:51+00	2	{"city": "Natal", "phone": "Doug / 444-3636", "state": "RN", "address1": "Rua da Prudente 390", "address2": "Apt 67"}	3	\N	{"1479913916271166194": {"title": "Hot Fudge Sundae Mint Chocolate Chip", "options": [], "quantity": 1, "selections": {"Ice Cream": "Mint Chocolate Chip"}}}	\N	Stacy B	9008	2089	Chunky Monkey	1088	2017-03-27 18:33:12.134818+00	2017-03-27 18:37:36.66017+00
745	1480166395915273003	R$23.60	\N	\N	\N	2017-03-11 15:03:51+00	\N	{"order_paid": "2017-03-28T15:46:53.712Z", "order_ready": "2017-04-03T10:21:23.528Z", "order_cooking": "2017-04-03T10:21:28.515Z", "order_accepted": "2017-03-28T15:46:47.802Z", "order_delivered": "2017-04-03T10:21:37.704Z", "order_requested": "2017-03-28T02:54:43.181Z"}	\N	\N	f	t	2017-03-11 15:18:51+00	3	{"city": "Natal", "phone": "Cliff / 444-3636", "state": "RN", "address1": "123 Drummond St", "address2": "Apt 2000"}	4	\N	{"1480166398322803500": {"title": "Hot Fudge Sundae Mint Chocolate Chip", "options": [], "quantity": 2, "selections": {"Ice Cream": "Mint Chocolate Chip"}}}	\N	Stacy B	9008	2089	Chunky Monkey	1088	2017-03-28 02:54:40.551588+00	2017-04-03 10:21:43.239765+00
746	1480168004934173485	R$12.60	\N	\N	\N	2017-03-11 12:31:00+00	\N	{"order_accepted": "2017-04-03T10:50:55.409Z", "order_requested": "2017-03-28T02:57:28.421Z"}	\N	\N	f	f	\N	\N	\N	\N	\N	{"1480168007291372334": {"title": "Hot Fudge Sundae Mint Chocolate Chip", "options": [], "quantity": 1, "selections": {"Ice Cream": "Mint Chocolate Chip"}}}	\N	Bob S	9009	2089	Chunky Monkey	1088	2017-03-28 02:57:26.176212+00	2017-04-03 10:51:06.728749+00
750	1480653838825291845	R$11.60	\N	\N	\N	2017-03-11 12:31:00+00	\N	{"order_paid": "2017-03-28T20:12:46.838Z", "order_ready": "2017-04-01T16:19:09.299Z", "order_cooking": "2017-04-01T16:17:54.614Z", "order_accepted": "2017-03-28T20:12:41.686Z", "order_picked_up": "2017-04-02T23:16:44.015Z", "order_requested": "2017-03-28T19:03:17.345Z"}	\N	\N	f	f	\N	\N	\N	\N	\N	{"1480653841207656518": {"title": "Cuban Sausage Melt", "options": [], "quantity": 1, "selections": {}}}	\N	Bob S	9009	2096	Classy Cuban	1094	2017-03-28 19:03:15.25989+00	2017-04-02 23:16:43.91422+00
748	1441827869947855089	R$11.60	\N	\N	\N	2017-02-06 19:56:56+00	\N	{"order_requested": "2017-03-28T03:11:09.147Z"}	\N	\N	f	t	2017-02-06 20:11:56+00	1	{"city": "Natal", "phone": "Mary / 555-9988", "state": "RN", "address1": "Rua da Campina 140", "address2": "Apt 2203", "nickname": "Verano Condominium"}	\N	\N	{"1441827872137281778": {"title": "Submariner Gargonzola", "options": [], "quantity": 1, "selections": {"Cheese": "Gargonzola"}}}	\N	Stacy T	9001	2006	Crazy Jacks	1005	2017-03-28 03:11:02.918162+00	2017-03-28 03:11:02.918162+00
861	1491943838942495441	R$10.60	\N	\N	\N	2017-04-13 20:25:00+00	\N	{"order_accepted": "2017-04-13T08:54:03.031Z", "order_requested": "2017-04-13T08:53:31.525Z"}	\N	\N	f	f	\N	\N	\N	\N	\N	{"1491943841685570258": {"title": "Mongolian Beef with Cashews White", "options": [], "quantity": 1, "selections": {"Rice": "White"}}}	\N	Stacy B	9008	2094	Thaitanic Xpress	1092	2017-04-13 08:53:28.52637+00	2017-04-13 08:54:02.89833+00
747	1480169296377152303	R$23.60	\N	\N	\N	2017-03-11 15:00:51+00	\N	{"order_paid": "2017-03-28T03:01:49.897Z", "order_cooking": "2017-03-29T04:18:04.369Z", "order_accepted": "2017-03-28T03:01:03.266Z", "order_delivered": "2017-03-29T04:31:38.908Z", "order_requested": "2017-03-28T03:00:16.191Z"}	\N	\N	f	t	2017-03-11 15:15:51+00	3	{"city": "Natal", "phone": "Cliff / 444-3636", "state": "RN", "address1": "123 Drummond St", "address2": "Apt 2000"}	1	\N	{"1480169298793071408": {"title": "Grasshopper Pie", "options": ["Nuts & Whip Cream"], "quantity": 2, "selections": {}}}	\N	Stacy B	9008	2089	Chunky Monkey	1088	2017-03-28 03:00:13.898333+00	2017-03-29 04:31:38.811898+00
752	1480679164645212258	R$21.60	\N	\N	\N	2017-03-11 12:45:00+00	\N	{"order_paid": "2017-03-28T19:53:59.075Z", "order_accepted": "2017-03-28T19:53:30.986Z", "order_picked_up": "2017-03-28T19:55:44.706Z", "order_requested": "2017-03-28T19:53:13.365Z"}	\N	\N	f	f	\N	\N	\N	\N	\N	{"1480679167044354147": {"title": "Cuban BLT Pomegranite Basil", "options": [], "quantity": 2, "selections": {"Bread": "Pomegranite Basil"}}}	\N	Bob S	9009	2096	Classy Cuban	1094	2017-03-28 19:53:11.238247+00	2017-03-28 19:55:44.60692+00
753	1480681489002659940	R$11.60	\N	\N	\N	2017-03-11 23:55:00+00	\N	{"order_paid": "2017-03-28T19:58:02.043Z", "order_ready": "2017-03-31T18:11:53.865Z", "order_cooking": "2017-04-01T16:19:24.237Z", "order_accepted": "2017-03-28T19:58:40.371Z", "order_picked_up": "2017-04-03T15:25:28.427Z", "order_requested": "2017-03-28T19:57:48.358Z"}	\N	\N	f	f	\N	\N	\N	\N	\N	{"1480681491510853733": {"title": "Cuban BLT Pomegranite Basil", "options": [], "quantity": 1, "selections": {"Bread": "Pomegranite Basil"}}}	\N	Stacy B	9008	2096	Classy Cuban	1094	2017-03-28 19:57:45.152941+00	2017-04-03 15:25:28.296648+00
856	1491884596411761277	R$10.60	\N	\N	\N	2017-04-13 18:15:00+00	\N	{"order_accepted": "2017-04-13T06:57:02.633Z", "order_requested": "2017-04-13T06:55:52.175Z"}	\N	\N	f	f	\N	\N	\N	\N	\N	{"1491884598760571518": {"title": "sdsdsd", "options": [], "quantity": 1, "selections": {}}, "1491884600513790591": {"title": "BBQ Rib Wednesday", "options": [], "quantity": 1, "selections": {}}}	\N	Stacy B	9008	2075	Grilla Cheez	1008	2017-04-13 06:55:49.391253+00	2017-04-13 06:57:02.529974+00
939	1495617266740364026	R$25.60	\N	\N	\N	2017-04-19 07:35:00+00	\N	{"order_declined": "2017-04-19T12:02:18.131Z", "order_requested": "2017-04-18T10:31:39.887Z"}	\N	\N	f	f	\N	\N	\N	\N	\N	{"1495617269147894523": {"title": "Cuban Reuben", "options": [], "quantity": 2, "selections": {}}}	\N	Stacy B	9008	2096	Classy Cuban	1094	2017-04-18 10:31:36.865797+00	2017-04-19 12:02:18.027467+00
759	1482720792633410260	R$31.60	\N	\N	\N	2017-03-11 14:51:34+00	\N	{"order_accepted": "2017-03-31T17:57:47.531Z", "order_requested": "2017-03-31T15:29:18.390Z"}	\N	12345	f	f	\N	\N	\N	\N	\N	{"1482720795057717973": {"title": "Cuban BLT Pomegranite Basil", "options": [], "quantity": 3, "selections": {"Bread": "Pomegranite Basil"}}}	\N	Bob S	9009	2096	Classy Cuban	1094	2017-03-31 15:29:16.108648+00	2017-04-05 14:08:48.268765+00
754	1480786485727723646	R$11.60	\N	\N	\N	2017-03-11 15:19:34+00	\N	{"no_show": "2017-03-30T12:09:28.913Z", "order_paid": "2017-03-28T23:27:32.213Z", "order_accepted": "2017-03-28T23:28:11.686Z", "order_requested": "2017-03-28T23:27:06.441Z"}	\N	\N	f	t	2017-03-11 15:34:34+00	6	{"city": "Natal", "phone": "Bob / 444-3636", "state": "RN", "address1": "123 Prudente", "address2": "Apt 2000", "nickname": "Oak Pine Estate"}	9	\N	{"1480786488210751615": {"title": "Cuban BLT Pomegranite Basil", "options": [], "quantity": 1, "selections": {"Bread": "Pomegranite Basil"}}}	\N	Bob S	9009	2096	Classy Cuban	1094	2017-03-28 23:27:04.030165+00	2017-03-30 12:09:28.802614+00
751	1480654842413187143	R$21.60	\N	\N	\N	2017-03-11 14:57:51+00	\N	{"order_paid": "2017-03-28T19:48:25.840Z", "order_ready": "2017-03-28T20:12:21.728Z", "order_cooking": "2017-03-28T19:56:09.441Z", "order_accepted": "2017-03-28T19:36:48.119Z", "order_picked_up": "2017-03-28T22:17:40.839Z", "order_requested": "2017-03-28T19:07:27.184Z"}	\N	\N	f	t	2017-03-11 15:12:51+00	6	{"city": "Natal", "phone": "Bob / 444-3636", "state": "RN", "address1": "123 Prudente", "address2": "Apt 2000", "nickname": "Oak Pine Estate"}	6	\N	{"1480654844812329032": {"title": "Cuban Sausage Melt", "options": [], "quantity": 2, "selections": {}}}	\N	Bob S	9009	2096	Classy Cuban	1094	2017-03-28 19:07:24.822054+00	2017-03-29 00:11:47.501981+00
749	1480181880211899185	R$34.60	\N	\N	\N	2017-03-11 14:57:51+00	\N	{"no_show": "2017-04-03T10:21:47.990Z", "order_paid": "2017-03-28T03:25:48.710Z", "order_ready": "2017-04-01T13:41:39.762Z", "order_cooking": "2017-04-01T13:14:12.151Z", "order_accepted": "2017-03-28T03:26:26.999Z", "order_requested": "2017-03-28T03:25:08.455Z", "order_dispatched": "2017-04-03T10:21:33.041Z"}	\N	\N	f	t	2017-03-11 15:12:51+00	3	{"city": "Natal", "phone": "Cliff / 444-3636", "state": "RN", "address1": "123 Drummond St", "address2": "Apt 2000", "nickname": "Tango"}	7	\N	{"1480181882644595506": {"title": "Grasshopper Pie", "options": ["Nuts & Whip Cream"], "quantity": 3, "selections": {}}}	\N	Stacy B	9008	2089	Chunky Monkey	1088	2017-03-28 03:25:06.224695+00	2017-04-03 10:22:04.151426+00
757	1482689861260411599	R$21.60	\N	\N	\N	2017-03-11 15:35:34+00	\N	{"order_accepted": "2017-03-31T14:33:05.021Z", "order_requested": "2017-03-31T14:31:06.366Z"}	\N	\N	f	t	2017-03-11 15:50:34+00	6	{"city": "Natal", "phone": "Bob / 444-3636", "state": "RN", "address1": "Av. Engenheiro Roberto Freire, 2895", "address2": "Apt 2000", "nickname": "Oak Pine Estate"}	\N	\N	{"1482689863718273744": {"title": "Cuban BLT Pomegranite Basil", "options": [], "quantity": 2, "selections": {"Bread": "Pomegranite Basil"}}}	\N	Bob S	9009	2096	Classy Cuban	1094	2017-03-31 14:31:04.042608+00	2017-03-31 14:33:04.886887+00
857	1491901734086247062	R$10.60	\N	\N	\N	2017-04-13 18:50:00+00	\N	{"order_accepted": "2017-04-13T07:37:56.415Z", "order_requested": "2017-04-13T07:29:50.390Z"}	\N	\N	f	f	\N	\N	\N	\N	\N	{"1491901736443445911": {"title": "sdsdsd", "options": [], "quantity": 1, "selections": {}}, "1491901738196664984": {"title": "BBQ Rib Wednesday", "options": [], "quantity": 1, "selections": {}}}	\N	Stacy B	9008	2075	Grilla Cheez	1008	2017-04-13 07:29:47.797994+00	2017-04-13 07:37:56.335203+00
756	1482176588668732001	R$11.60	\N	\N	\N	2017-03-11 15:19:34+00	\N	{"order_paid": "2017-03-30T21:29:14.245Z", "order_ready": "2017-04-03T15:42:18.161Z", "order_cooking": "2017-04-03T12:24:01.458Z", "order_accepted": "2017-03-30T21:29:48.187Z", "order_delivered": "2017-04-04T07:29:09.751Z", "order_requested": "2017-03-30T21:28:45.554Z", "order_dispatched": "2017-04-04T07:29:04.290Z"}	\N	\N	f	t	2017-03-11 15:34:34+00	8	{"city": "Natal", "phone": "Jim / 444-3636", "state": "RN", "address1": "Av. Engenheiro Roberto Freire, 2895", "address2": "null", "nickname": "Nordestao"}	6	\N	{"1482176591051096674": {"title": "Cuban BLT Pomegranite Basil", "options": [], "quantity": 1, "selections": {"Bread": "Pomegranite Basil"}}}	\N	Bob S	9009	2096	Classy Cuban	1094	2017-03-30 21:28:43.303051+00	2017-04-04 07:29:09.655713+00
758	1482694724790780625	R$21.60	\N	\N	\N	2017-03-11 15:55:34+00	\N	{"order_accepted": "2017-03-31T14:39:01.768Z", "order_requested": "2017-03-31T14:38:24.552Z"}	\N	\N	f	f	\N	\N	\N	\N	\N	{"1482694727315751634": {"title": "Cuban BLT Pomegranite Basil", "options": [], "quantity": 2, "selections": {"Bread": "Pomegranite Basil"}}}	\N	Bob S	9009	2096	Classy Cuban	1094	2017-03-31 14:38:22.09875+00	2017-03-31 14:39:01.612345+00
755	1481841526047769087	R$21.60	\N	\N	\N	2017-03-11 15:19:34+00	\N	{"order_paid": "2017-03-30T14:40:18.128Z", "order_ready": "2017-04-03T13:56:24.658Z", "order_cooking": "2017-04-01T16:19:43.499Z", "order_accepted": "2017-03-30T14:17:13.738Z", "order_delivered": "2017-04-03T14:27:12.383Z", "order_requested": "2017-03-30T10:22:47.213Z", "order_dispatched": "2017-04-03T14:26:22.066Z"}	\N	\N	f	t	2017-03-11 15:34:34+00	6	{"city": "Natal", "phone": "Bob / 444-3636", "state": "RN", "address1": "123 Prudente", "address2": "Apt 2000", "nickname": "Oak Pine Estate"}	6	\N	{"1481841528430133760": {"title": "Cuban BLT Pomegranite Basil", "options": [], "quantity": 2, "selections": {"Bread": "Pomegranite Basil"}}}	\N	Bob S	9009	2096	Classy Cuban	1094	2017-03-30 10:22:44.910357+00	2017-04-03 14:27:12.284374+00
762	1484775885864173591	R$9.60	\N	\N	\N	2017-04-03 21:20:00+00	\N	{"order_accepted": "2017-04-03T11:33:42.460Z", "order_requested": "2017-04-03T11:31:45.565Z"}	\N	\N	f	f	\N	\N	\N	\N	\N	{"1484775888196206616": {"title": "2 for 1 Hot Fudge Sundae", "options": [], "quantity": 1, "selections": {}}}	\N	Stacy B	9008	2089	Chunky Monkey	1088	2017-04-03 11:31:43.496241+00	2017-04-03 11:33:59.999746+00
761	1484773141111635988	R$17.60	\N	\N	\N	2017-04-03 20:25:00+00	\N	{"order_accepted": "2017-04-03T11:28:44.395Z", "order_requested": "2017-04-03T11:27:30.021Z"}	\N	\N	f	t	2017-04-03 20:40:00+00	1	{"city": "Natal", "phone": "Mary / 555-9988", "state": "RN", "address1": "Rua da Campina 140", "address2": "Apt 2203", "nickname": "Verano Condominium"}	\N	\N	{"1484773143418503189": {"title": "fgdgdfg", "options": [], "quantity": 2, "selections": {}}, "1484773145087836182": {"title": "asdsad", "options": [], "quantity": 2, "selections": {}}}	\N	Stacy B	9008	2089	Chunky Monkey	1088	2017-04-03 11:27:27.496+00	2017-04-03 11:28:44.307972+00
858	1491905274481476249	R$10.60	\N	\N	\N	2017-04-13 19:00:00+00	\N	{"order_accepted": "2017-04-13T07:37:43.291Z", "order_requested": "2017-04-13T07:36:55.902Z"}	\N	\N	f	f	\N	\N	\N	\N	\N	{"1491905276905783962": {"title": "sdsdsd", "options": [], "quantity": 1, "selections": {}}, "1491905278877106843": {"title": "BBQ Rib Wednesday", "options": [], "quantity": 1, "selections": {}}}	\N	Stacy B	9008	2075	Grilla Cheez	1008	2017-04-13 07:36:52.87422+00	2017-04-13 07:37:43.192797+00
975	1497231851381588835	R$25.60	\N	\N	\N	2017-04-20 17:00:00+00	\N	{"order_accepted": "2017-04-20T16:01:06.496Z", "order_requested": "2017-04-20T16:00:11.019Z"}	\N	\N	f	f	\N	\N	\N	\N	\N	{"1497231853914948452": {"title": "Pork Plate", "options": ["item"], "quantity": 1, "selections": {}}}	\N	Stacy B	9008	2096	Classy Cuban	1094	2017-04-20 16:00:08.675129+00	2017-04-20 16:01:06.386325+00
763	1484784748696961053	R$9.60	\N	\N	\N	2017-04-03 21:10:00+00	\N	{"order_accepted": "2017-04-03T11:50:38.335Z", "order_requested": "2017-04-03T11:49:32.641Z"}	\N	\N	f	t	2017-04-03 21:25:00+00	9	{"city": "Natal", "phone": "999-5555", "state": "RN", "address1": "Av. Sen. Salgado Filho, 2234 - 400 - Candelária, Natal - RN, 59064-900", "address2": "null", "nickname": "Natal Shopping"}	\N	\N	{"1484784750995439646": {"title": "2 for 1 Hot Fudge Sundae", "options": [], "quantity": 1, "selections": {}}}	\N	Stacy B	9008	2089	Chunky Monkey	1088	2017-04-03 11:49:30.470918+00	2017-04-03 11:50:38.239986+00
764	1484787116985548833	R$17.60	\N	\N	\N	2017-04-03 21:10:00+00	\N	{"order_accepted": "2017-04-03T11:54:37.928Z", "order_requested": "2017-04-03T11:54:08.003Z"}	\N	\N	f	t	2017-04-03 21:25:00+00	9	{"city": "Natal", "phone": "999-5555", "state": "RN", "address1": "Av. Sen. Salgado Filho, 2234 - 400 - Candelária, Natal - RN, 59064-900", "address2": "null", "nickname": "Natal Shopping"}	\N	\N	{"1484787119275638818": {"title": "2 for 1 Hot Fudge Sundae", "options": [], "quantity": 2, "selections": {}}}	\N	Stacy B	9008	2089	Chunky Monkey	1088	2017-04-03 11:54:05.827002+00	2017-04-03 11:54:37.832641+00
760	1483549651897418589	R$11.60	\N	\N	\N	2017-03-11 14:34:34+00	\N	{"order_paid": "2017-04-01T18:59:34.430Z", "order_ready": "2017-04-03T12:23:11.830Z", "order_cooking": "2017-04-01T19:42:16.964Z", "order_accepted": "2017-04-01T18:57:05.411Z", "order_delivered": "2017-04-03T13:56:54.006Z", "order_requested": "2017-04-01T18:56:33.834Z", "order_dispatched": "2017-04-03T12:24:22.220Z"}	\N	\N	f	t	2017-03-11 14:49:34+00	9	{"city": "Natal", "phone": "999-5555", "state": "RN", "address1": "Av. Sen. Salgado Filho, 2234 - 400 - Candelária, Natal - RN, 59064-900", "address2": "null", "nickname": "Natal Shopping"}	21	\N	{"1483549654372057950": {"title": "Cuban BLT Pomegranite Basil", "options": [], "quantity": 1, "selections": {"Bread": "Pomegranite Basil"}}}	\N	Stacy B	9008	2096	Classy Cuban	1094	2017-04-01 18:56:31.595542+00	2017-04-03 13:56:53.914433+00
765	1484787063021633567	R$17.60	\N	\N	\N	2017-04-03 21:10:00+00	\N	{"order_accepted": "2017-04-03T11:57:23.119Z", "order_requested": "2017-04-03T11:54:46.488Z"}	\N	\N	f	t	2017-04-03 21:25:00+00	9	{"city": "Natal", "phone": "999-5555", "state": "RN", "address1": "Av. Sen. Salgado Filho, 2234 - 400 - Candelária, Natal - RN, 59064-900", "address2": "null", "nickname": "Natal Shopping"}	\N	\N	{"1484787065320112160": {"title": "2 for 1 Hot Fudge Sundae", "options": [], "quantity": 2, "selections": {}}}	\N	Stacy B	9008	2089	Chunky Monkey	1088	2017-04-03 11:54:44.315612+00	2017-04-03 11:57:23.034935+00
767	1484795411716637677	R$31.60	\N	\N	\N	2017-03-11 14:37:34+00	\N	{"no_show": "2017-04-03T13:57:32.060Z", "order_paid": "2017-04-03T12:11:40.774Z", "order_accepted": "2017-04-03T12:12:08.153Z", "order_requested": "2017-04-03T12:10:56.000Z"}	\N	\N	f	t	2017-03-11 14:52:34+00	9	{"city": "Natal", "phone": "999-5555", "state": "RN", "address1": "Av. Sen. Salgado Filho, 2234 - 400 - Candelária, Natal - RN, 59064-900", "address2": "null", "nickname": "Natal Shopping"}	\N	\N	{"1484795414099002350": {"title": "Cuban BLT Pomegranite Basil", "options": [], "quantity": 3, "selections": {"Bread": "Pomegranite Basil"}}}	\N	Stacy B	9008	2096	Classy Cuban	1094	2017-04-03 12:10:53.844916+00	2017-04-03 13:57:31.942694+00
772	1485610857571287368	R$11.60	\N	\N	\N	2017-03-11 14:30:34+00	\N	{"order_paid": "2017-04-04T15:16:41.832Z", "order_ready": "2017-04-04T17:17:38.815Z", "order_cooking": "2017-04-04T17:17:19.552Z", "order_accepted": "2017-04-04T15:12:30.764Z", "order_picked_up": "2017-04-05T17:32:04.329Z", "order_requested": "2017-04-04T15:11:26.525Z"}	\N	12345	f	f	\N	\N	\N	\N	\N	{"1485610859987206473": {"title": "Cuban BLT Pomegranite Basil", "options": [], "quantity": 1, "selections": {"Bread": "Pomegranite Basil"}}}	\N	Stacy B	9008	2096	Classy Cuban	1094	2017-04-04 15:11:24.139705+00	2017-04-05 17:32:04.23125+00
941	1495626381407552258	R$12.60	\N	\N	\N	2017-04-19 07:50:00+00	\N	{"order_paid": "2017-04-18T10:50:27.021Z", "order_ready": "2017-04-19T22:34:45.613Z", "order_cooking": "2017-04-19T22:34:34.259Z", "order_accepted": "2017-04-18T10:50:10.706Z", "order_picked_up": "2017-04-19T22:35:18.004Z", "order_requested": "2017-04-18T10:49:52.982Z"}	\N	1492555851	f	f	\N	\N	\N	\N	\N	{"1495626383840248579": {"title": "Mongolian Beef with Cashews Pork Fried Rice", "options": [], "quantity": 1, "selections": {"Rice": "Pork Fried Rice"}}}	\N	Stacy B	9008	2094	Thaitanic Xpress	1092	2017-04-18 10:49:50.809572+00	2017-04-19 22:35:17.894834+00
952	1496394399012094177	R$13.60	\N	\N	\N	2017-04-20 09:15:00+00	\N	{"order_declined": "2017-04-19T12:19:11.874Z", "order_requested": "2017-04-19T12:15:44.742Z"}	\N	\N	f	f	\N	\N	\N	\N	\N	{"1496394401511899362": {"title": "Pork Plate", "options": [], "quantity": 1, "selections": {}}}	\N	Stacy B	9008	2096	Classy Cuban	1094	2017-04-19 12:15:42.548001+00	2017-04-19 12:19:11.762434+00
770	1485591752885666104	R$21.60	\N	\N	\N	2017-03-11 14:15:34+00	\N	{"order_declined": "2017-04-04T15:17:27.026Z", "order_requested": "2017-04-04T14:37:48.333Z"}	\N	\N	f	t	2017-03-11 14:30:34+00	10	{"city": "Natal", "phone": "Stacy / 555-9988", "state": "RN", "address1": "Avenida Mal Rondon, 3490 Candelária", "address2": "Apt 760", "nickname": "Car Dealership"}	\N	\N	{"1485591755268030777": {"title": "Cuban BLT Pomegranite Basil", "options": [], "quantity": 2, "selections": {"Bread": "Pomegranite Basil"}}}	\N	Stacy B	9008	2096	Classy Cuban	1094	2017-04-04 14:37:46.10815+00	2017-04-04 15:17:26.918176+00
768	1485590514341249334	R$11.60	\N	\N	\N	2017-03-11 14:51:34+00	\N	{"order_accepted": "2017-04-04T15:08:00.486Z", "order_requested": "2017-04-04T14:32:05.941Z"}	\N	\N	f	f	\N	\N	\N	\N	\N	{"1485590516723614007": {"title": "Cuban BLT Pomegranite Basil", "options": [], "quantity": 1, "selections": {"Bread": "Pomegranite Basil"}}}	\N	Bob S	9009	2096	Classy Cuban	1094	2017-04-04 14:32:04.121631+00	2017-04-04 15:07:58.955937+00
769	1485590514341249334	R$11.60	\N	\N	\N	2017-03-11 14:51:34+00	\N	{"order_accepted": "2017-04-05T17:47:39.551Z", "order_requested": "2017-04-04T14:33:43.105Z"}	\N	\N	f	f	\N	\N	\N	\N	\N	{"1485590516723614007": {"title": "Cuban BLT Pomegranite Basil", "options": [], "quantity": 1, "selections": {"Bread": "Pomegranite Basil"}}}	\N	Bob S	9009	2096	Classy Cuban	1094	2017-04-04 14:31:33.339154+00	2017-04-05 17:47:39.447054+00
773	1485937011373114007	R$28.60	\N	\N	\N	2017-03-11 15:30:34+00	\N	{"order_accepted": "2017-04-05T06:48:08.587Z", "order_requested": "2017-04-05T02:00:28.579Z"}	\N	\N	f	f	\N	\N	\N	\N	\N	{"1485937013847753368": {"title": "Cuban BLT Pomegranite Basil", "options": [], "quantity": 2, "selections": {"Bread": "Pomegranite Basil"}}, "1485937015810687641": {"title": "Chicken Pesto Panini", "options": [], "quantity": 1, "selections": {}}}	\N	Bob S	9009	2096	Classy Cuban	1094	2017-04-05 02:00:25.359786+00	2017-04-05 06:48:08.472503+00
1072	1501723604566409405	R$13.60	\N	\N	\N	2017-04-26 21:15:00+00	\N	{"order_accepted": "2017-04-26T20:44:37.651Z", "order_requested": "2017-04-26T20:43:55.906Z"}	\N	\N	f	f	\N	\N	\N	\N	\N	{"1501723607133323454": {"title": "Volcano Burger", "options": [], "quantity": 2, "selections": {}}}	\N	d n	9020	2094	Thaitanic Xpress	1092	2017-04-26 20:43:52.784049+00	2017-04-26 20:44:37.545849+00
774	1485940194866627226	R$28.60	\N	\N	\N	2017-03-11 14:10:34+00	\N	{"no_show": "2017-04-05T17:32:37.441Z", "order_paid": "2017-04-05T02:09:06.659Z", "order_ready": "2017-04-05T07:05:40.442Z", "order_cooking": "2017-04-05T07:05:06.368Z", "order_accepted": "2017-04-05T02:07:50.187Z", "order_requested": "2017-04-05T02:06:19.134Z"}	\N	\N	f	t	2017-03-11 14:25:34+00	10	{"city": "Natal", "phone": "Stacy / 555-9988", "state": "RN", "address1": "Avenida Mal Rondon, 3490 Candelária", "address2": "Apt 760", "nickname": "Car Dealership"}	21	\N	{"1485940197316100763": {"title": "Cuban BLT Pomegranite Basil", "options": [], "quantity": 2, "selections": {"Bread": "Pomegranite Basil"}}, "1485940199144817308": {"title": "Chicken Pesto Panini", "options": [], "quantity": 1, "selections": {}}}	\N	Stacy B	9008	2096	Classy Cuban	1094	2017-04-05 02:06:16.282721+00	2017-04-05 17:32:37.361955+00
766	1484794325467399147	R$21.60	\N	\N	\N	2017-03-11 14:30:34+00	\N	{"order_paid": "2017-04-03T12:11:35.144Z", "order_ready": "2017-04-04T07:28:46.266Z", "order_cooking": "2017-04-04T03:22:02.703Z", "order_accepted": "2017-04-03T12:12:12.999Z", "order_delivered": "2017-04-05T06:19:49.222Z", "order_requested": "2017-04-03T12:10:02.644Z", "order_dispatched": "2017-04-05T06:19:41.254Z"}	\N	\N	f	t	2017-03-11 14:45:34+00	9	{"city": "Natal", "phone": "999-5555", "state": "RN", "address1": "Av. Sen. Salgado Filho, 2234 - 400 - Candelária, Natal - RN, 59064-900", "address2": "null", "nickname": "Natal Shopping"}	21	\N	{"1484794328009147372": {"title": "Cuban BLT Pomegranite Basil", "options": [], "quantity": 2, "selections": {"Bread": "Pomegranite Basil"}}}	\N	Stacy B	9008	2096	Classy Cuban	1094	2017-04-03 12:10:00.129084+00	2017-04-05 06:19:49.128145+00
776	1486129550428471581	R$16.60	\N	\N	\N	2017-04-05 17:25:00+00	\N	{"order_declined": "2017-04-10T06:46:39.288Z", "order_requested": "2017-04-05T08:21:29.084Z"}	\N	\N	f	f	\N	\N	\N	\N	\N	{"1486129552802447646": {"title": "BBQ Rib Wednesday", "options": [], "quantity": 1, "selections": {}}, "1486129554589221151": {"title": "Pork Slider \\"Tuesday\\" Avalanche", "options": [], "quantity": 1, "selections": {}}}	\N	Stacy B	9008	2075	Grilla Cheez	1008	2017-04-05 08:21:26.460325+00	2017-04-10 06:46:39.210605+00
778	1486232224910016838	R$10.60	\N	\N	\N	2017-04-05 20:45:00+00	\N	{"order_accepted": "2017-04-05T11:45:45.319Z", "order_requested": "2017-04-05T11:45:20.665Z"}	\N	\N	f	f	\N	\N	\N	\N	\N	{"1486232227208495431": {"title": "Mongolian Beef with Cashews", "options": [], "quantity": 1, "selections": {}}}	\N	Stacy B	9008	2094	Thaitanic Xpress	1092	2017-04-05 11:45:17.195451+00	2017-04-05 11:45:45.22068+00
777	1486129938242208032	R$23.60	\N	\N	\N	2017-04-05 17:25:00+00	\N	{"order_declined": "2017-04-10T06:46:48.124Z", "order_requested": "2017-04-05T08:26:17.365Z"}	\N	\N	f	f	\N	\N	\N	\N	\N	{"1486129940549075233": {"title": "BBQ Rib Wednesday", "options": [], "quantity": 1, "selections": {}}, "1486129942243574050": {"title": "Pork Slider \\"Tuesday\\" Avalanche", "options": [], "quantity": 2, "selections": {}}}	\N	Stacy B	9008	2075	Grilla Cheez	1008	2017-04-05 08:26:14.760665+00	2017-04-10 06:46:48.049409+00
781	1486300803038708064	R$10.60	\N	\N	\N	2017-04-05 23:05:00+00	\N	{"order_accepted": "2017-04-05T14:02:53.513Z", "order_requested": "2017-04-05T14:01:33.039Z"}	\N	\N	f	f	\N	\N	\N	\N	\N	{"1486300805353963873": {"title": "Mongolian Beef with Cashews", "options": [], "quantity": 1, "selections": {}}}	\N	Stacy B	9008	2094	Thaitanic Xpress	1092	2017-04-05 14:01:30.576543+00	2017-04-05 14:02:53.414639+00
779	1486285166740504922	R$10.60	\N	\N	\N	2017-04-05 22:30:00+00	\N	{"order_accepted": "2017-04-05T13:31:51.421Z", "order_requested": "2017-04-05T13:30:26.717Z"}	\N	\N	f	f	\N	\N	\N	\N	\N	{"1486285169055760731": {"title": "Mongolian Beef with Cashews", "options": [], "quantity": 1, "selections": {}}}	\N	Stacy B	9008	2094	Thaitanic Xpress	1092	2017-04-05 13:30:24.601567+00	2017-04-05 13:31:51.275429+00
1054	1501326196384727181	R$13.60	\N	\N	\N	2017-04-26 16:35:00+00	\N	{"order_declined": "2017-04-26T07:39:27.898Z", "order_requested": "2017-04-26T07:34:48.658Z"}	\N	\N	f	f	\N	\N	\N	\N	\N	{"1501326198834200718": {"title": "Pork Plate", "options": [], "quantity": 1, "selections": {}}}	\N	Stacy B	9008	2096	Classy Cuban	1094	2017-04-26 07:34:45.238115+00	2017-04-26 07:39:27.808701+00
786	1486430601706734534	R$6.60	\N	\N	\N	2017-04-05 18:50:00+00	\N	{"order_accepted": "2017-04-06T13:20:54.739Z", "order_requested": "2017-04-05T18:20:53.252Z"}	\N	\N	f	t	2017-04-05 19:05:00+00	11	{"city": "Natal", "phone": "Bob / 555-9988", "state": "RN", "address1": "Av. Prudente de Morais, 5950 - Candelária, Natal - RN", "address2": null, "nickname": "Subway"}	\N	\N	{"1486430604240094151": {"title": "Delivery Charge", "options": [], "quantity": 1, "selections": {}}}	\N	Bob S	9009	2096	Classy Cuban	1094	2017-04-05 18:20:51.020586+00	2017-04-06 13:20:54.639136+00
780	1486289424688873820	R$10.60	\N	\N	\N	2017-04-05 22:40:00+00	\N	{"order_accepted": "2017-04-05T13:44:11.930Z", "order_requested": "2017-04-05T13:38:58.969Z"}	\N	\N	f	f	\N	\N	\N	\N	\N	{"1486289426995741021": {"title": "Mongolian Beef with Cashews", "options": [], "quantity": 1, "selections": {}}}	\N	Stacy B	9008	2094	Thaitanic Xpress	1092	2017-04-05 13:38:56.291725+00	2017-04-05 13:44:11.821505+00
782	1486321291718820198	R$19.60	\N	\N	\N	2017-04-05 23:40:00+00	\N	{"order_accepted": "2017-04-05T14:43:18.940Z", "order_requested": "2017-04-05T14:42:12.006Z"}	\N	\N	f	f	\N	\N	\N	\N	\N	{"1486321294017298791": {"title": "Mongolian Beef with Cashews", "options": [], "quantity": 2, "selections": {}}}	\N	Matt G	9012	2094	Thaitanic Xpress	1092	2017-04-05 14:42:09.922588+00	2017-04-05 14:43:18.838736+00
775	1486128086918365467	R$9.60	\N	\N	\N	2017-04-05 17:10:00+00	\N	{"order_declined": "2017-04-10T06:46:29.268Z", "order_requested": "2017-04-05T08:19:59.741Z"}	\N	\N	f	f	\N	\N	\N	\N	\N	{"1486128089250398492": {"title": "BBQ Rib Wednesday", "options": [], "quantity": 1, "selections": {}}}	\N	Stacy B	9008	2075	Grilla Cheez	1008	2017-04-05 08:19:57.619976+00	2017-04-10 06:46:29.188008+00
953	1496414892775702758	R$13.60	\N	\N	\N	2017-04-20 10:00:00+00	\N	{"order_declined": "2017-04-19T13:00:44.902Z", "order_requested": "2017-04-19T12:56:48.331Z"}	\N	\N	f	f	\N	\N	\N	\N	\N	{"1496414895309062375": {"title": "Cuban Reuben", "options": [], "quantity": 1, "selections": {}}}	\N	Stacy B	9008	2096	Classy Cuban	1094	2017-04-19 12:56:46.033337+00	2017-04-19 13:00:44.811696+00
771	1485591752885666104	R$21.60	\N	\N	\N	2017-03-11 14:15:34+00	\N	{"order_paid": "2017-04-05T17:49:52.852Z", "order_ready": "2017-04-06T06:21:13.334Z", "order_cooking": "2017-04-05T17:50:28.964Z", "order_accepted": "2017-04-05T17:48:28.727Z", "order_delivered": "2017-04-06T10:09:52.277Z", "order_requested": "2017-04-04T14:38:52.424Z"}	\N	\N	f	t	2017-03-11 14:30:34+00	10	{"city": "Natal", "phone": "Stacy / 555-9988", "state": "RN", "address1": "Avenida Mal Rondon, 3490 Candelária", "address2": "Apt 760", "nickname": "Car Dealership"}	21	\N	{"1485591755268030777": {"title": "Cuban BLT Pomegranite Basil", "options": [], "quantity": 2, "selections": {"Bread": "Pomegranite Basil"}}}	\N	Stacy B	9008	2096	Classy Cuban	1094	2017-04-04 14:38:51.332635+00	2017-04-06 10:09:52.151215+00
784	1486422672819618744	R$11.60	\N	\N	\N	2017-04-05 18:35:00+00	\N	{"order_accepted": "2017-04-06T13:20:22.333Z", "order_requested": "2017-04-05T18:05:00.344Z"}	\N	\N	f	f	\N	\N	\N	\N	\N	{"1486422675227149241": {"title": "Cuban Sausage Melt", "options": [], "quantity": 1, "selections": {}}}	\N	Stacy B	9008	2096	Classy Cuban	1094	2017-04-05 18:04:58.212363+00	2017-04-06 13:20:22.249305+00
794	1487726847289459343	R$12.60	\N	\N	\N	2017-04-08 00:45:00+00	\N	{"order_declined": "2017-04-08T13:46:43.607Z", "order_requested": "2017-04-07T13:15:32.116Z"}	\N	\N	f	t	2017-04-08 01:00:00+00	7	{"city": "Natal", "phone": "Bob / 444-3636", "state": "RN", "address1": "123 Prudente", "address2": "Apt 2000", "nickname": "Oak Pine Estate"}	\N	\N	{"1487726849663435408": {"title": "Mongolian Beef with Cashews Pork Fried Rice", "options": [], "quantity": 1, "selections": {"Rice": "Pork Fried Rice"}}}	\N	Bob S	9009	2094	Thaitanic Xpress	1092	2017-04-07 13:15:28.386678+00	2017-04-08 13:46:43.528115+00
789	1487013067999936645	R$25.60	\N	\N	\N	2017-03-11 14:15:34+00	\N	{"order_paid": "2017-04-06T13:39:00.725Z", "order_ready": "2017-04-06T13:46:34.167Z", "order_cooking": "2017-04-06T13:54:38.464Z", "order_accepted": "2017-04-06T13:38:29.164Z", "order_picked_up": "2017-04-06T14:06:23.311Z", "order_requested": "2017-04-06T13:38:08.023Z"}	\N	12345	f	f	\N	\N	\N	\N	\N	{"1487013070441021574": {"title": "Cuban Reuben", "options": [], "quantity": 2, "selections": {}}}	\N	Stacy B	9008	2096	Classy Cuban	1094	2017-04-06 13:38:05.894098+00	2017-04-06 14:06:23.187598+00
793	1487693678163001964	R$14.60	\N	\N	\N	2017-04-08 00:10:00+00	\N	{"order_declined": "2017-04-08T13:57:02.589Z", "order_requested": "2017-04-07T12:10:29.526Z"}	\N	\N	f	t	2017-04-08 00:40:00+00	1	{"city": "Natal", "phone": "Mary / 555-9988", "state": "RN", "address1": "Rua da Campina 140", "address2": "Apt 2203", "nickname": "Verano Condominium"}	\N	\N	{"1487693680453091949": {"title": "fdsfs", "options": [], "quantity": 1, "selections": {}}, "1487693682164367982": {"title": "Delivery Charge", "options": [], "quantity": 1, "selections": {}}}	\N	Stacy B	9008	2089	Chunky Monkey	1088	2017-04-07 12:10:25.477826+00	2017-04-08 13:57:02.493501+00
796	1487799857891508650	R$8.60	\N	\N	\N	2017-04-07 16:10:00+00	\N	{"order_accepted": "2017-04-08T12:21:55.270Z", "order_requested": "2017-04-07T15:42:09.527Z"}	\N	\N	f	t	2017-04-07 16:25:00+00	10	{"city": "Natal", "phone": "Stacy / 555-9988", "state": "RN", "address1": "Avenida Mal Rondon, 3490 Candelária", "address2": "Apt 760", "nickname": "Car Dealership"}	\N	\N	{"1487799860366148011": {"title": "Chicken Pesto Panini", "options": [], "quantity": 1, "selections": {}}}	\N	Stacy B	9008	2096	Classy Cuban	1094	2017-04-07 15:42:06.188498+00	2017-04-08 12:21:55.146635+00
785	1486430614700688328	R$6.60	\N	\N	\N	2017-04-05 18:50:00+00	\N	{"order_accepted": "2017-04-06T13:20:38.516Z", "order_requested": "2017-04-05T18:19:29.816Z"}	\N	\N	f	t	2017-04-05 19:05:00+00	11	{"city": "Natal", "phone": "Bob / 555-9988", "state": "RN", "address1": "Av. Prudente de Morais, 5950 - Candelária, Natal - RN", "address2": null, "nickname": "Subway"}	\N	\N	{"1486430617217270729": {"title": "Delivery Charge", "options": [], "quantity": 1, "selections": {}}}	\N	Bob S	9009	2096	Classy Cuban	1094	2017-04-05 18:19:27.72742+00	2017-04-06 13:20:38.423188+00
783	1486417227614782389	R$21.60	\N	\N	\N	2017-03-11 14:10:34+00	\N	{"order_paid": "2017-04-05T17:55:00.442Z", "order_ready": "2017-04-06T11:14:25.917Z", "order_cooking": "2017-04-05T17:55:09.301Z", "order_accepted": "2017-04-05T17:54:23.909Z", "order_delivered": "2017-04-07T15:15:59.287Z", "order_requested": "2017-04-05T17:53:59.616Z", "order_dispatched": "2017-04-06T17:11:42.564Z"}	\N	12345	f	t	2017-03-11 14:25:34+00	9	{"city": "Natal", "phone": "999-5555", "state": "RN", "address1": "Av. Sen. Salgado Filho, 2234 - 400 - Candelária, Natal - RN, 59064-900", "address2": "null", "nickname": "Natal Shopping"}	21	\N	{"1486417230961836982": {"title": "Cuban BLT Pomegranite Basil", "options": [], "quantity": 2, "selections": {"Bread": "Pomegranite Basil"}}}	\N	Stacy B	9008	2096	Classy Cuban	1094	2017-04-05 17:53:57.292919+00	2017-04-07 15:15:59.179827+00
805	1488449883902837672	R$19.60	\N	\N	\N	2017-04-08 22:10:00+00	\N	{"order_accepted": "2017-04-08T15:28:18.547Z", "order_requested": "2017-04-08T13:45:51.426Z"}	\N	\N	f	t	2017-04-08 22:25:00+00	5	{"city": null, "phone": "9893479705", "state": null, "address1": "304 Princess Park", "address2": "AB Road,  Indore", "nickname": "Test Location"}	\N	\N	{"1488449886377477033": {"title": "New", "options": [], "quantity": 1, "selections": {}}, "1488449888499794858": {"title": "Cuban Reuben", "options": [], "quantity": 1, "selections": {}}}	\N	Stacy B	9008	2096	Classy Cuban	1094	2017-04-08 13:45:48.821399+00	2017-04-08 15:28:18.445044+00
788	1486992821096284283	R$21.60	\N	\N	\N	2017-03-11 15:22:34+00	\N	{"order_paid": "2017-04-06T13:18:47.564Z", "order_ready": "2017-04-06T13:34:20.044Z", "order_accepted": "2017-04-07T16:49:59.166Z", "order_picked_up": "2017-04-07T20:43:46.734Z", "order_requested": "2017-04-06T12:57:59.167Z"}	\N	\N	f	f	\N	\N	\N	\N	\N	{"1486992823612866684": {"title": "Cuban BLT Pomegranite Basil", "options": [], "quantity": 2, "selections": {"Bread": "Pomegranite Basil"}}}	\N	Bob S	9009	2096	Classy Cuban	1094	2017-04-06 12:57:56.06353+00	2017-04-07 20:43:41.67122+00
791	1487521579905581631	R$19.60	\N	\N	\N	2017-04-07 15:30:00+00	\N	{"order_accepted": "2017-04-07T06:28:05.684Z", "order_requested": "2017-04-07T06:27:39.242Z"}	\N	\N	f	f	\N	\N	\N	\N	\N	{"1487521582204060224": {"title": "Mongolian Beef with Cashews", "options": [], "quantity": 2, "selections": {}}}	\N	Stacy B	9008	2094	Thaitanic Xpress	1092	2017-04-07 06:27:37.113165+00	2017-04-07 06:28:05.608491+00
790	1487363676229861652	R$32.60	\N	\N	\N	2017-03-11 14:25:34+00	\N	{"order_accepted": "2017-04-08T12:22:18.659Z", "order_requested": "2017-04-07T01:15:20.327Z"}	\N	\N	f	f	\N	\N	\N	\N	\N	{"1487363678696112405": {"title": "Cuban Reuben", "options": [], "quantity": 2, "selections": {}}, "1487363680499663126": {"title": "Chicken Pesto Panini", "options": [], "quantity": 1, "selections": {}}}	\N	Stacy B	9008	2096	Classy Cuban	1094	2017-04-07 01:15:16.871739+00	2017-04-08 12:22:18.548842+00
787	1486992429356679289	R$31.60	\N	\N	\N	2017-03-11 15:30:34+00	\N	{"order_paid": "2017-04-06T13:18:39.972Z", "order_ready": "2017-04-06T17:40:57.936Z", "order_cooking": "2017-04-06T13:34:13.079Z", "order_accepted": "2017-04-07T14:00:40.509Z", "order_picked_up": "2017-04-07T13:58:26.656Z", "order_requested": "2017-04-06T12:57:21.547Z"}	\N	\N	f	f	\N	\N	\N	\N	\N	{"1486992431780987002": {"title": "Cuban BLT Pomegranite Basil", "options": [], "quantity": 3, "selections": {"Bread": "Pomegranite Basil"}}}	\N	Bob S	9009	2096	Classy Cuban	1094	2017-04-06 12:57:19.096113+00	2017-04-07 14:00:40.40982+00
792	1487686573976715876	R$4.60	\N	\N	\N	2017-04-07 23:55:00+00	\N	{"order_declined": "2017-04-08T13:56:47.933Z", "order_requested": "2017-04-07T12:01:59.688Z"}	\N	\N	f	t	2017-04-08 00:25:00+00	13	{"city": null, "phone": "564846345", "state": null, "address1": "345 Baker Streets", "address2": "Gsj", "nickname": "Sam"}	\N	\N	{"1487686576317137509": {"title": "fdsfs", "options": [], "quantity": 1, "selections": {}}}	\N	Stacy B	9008	2089	Chunky Monkey	1088	2017-04-07 12:01:57.254936+00	2017-04-08 13:56:47.849483+00
943	1495638632717878028	R$16.60	\N	\N	\N	2017-04-19 08:15:00+00	\N	{"no_show": "2017-04-18T21:12:09.865Z", "order_paid": "2017-04-18T11:15:23.618Z", "order_ready": "2017-04-18T11:16:39.907Z", "order_cooking": "2017-04-18T11:16:29.112Z", "order_accepted": "2017-04-18T11:15:17.168Z", "order_requested": "2017-04-18T11:14:12.301Z"}	\N	1492557348	f	f	\N	\N	\N	\N	\N	{"1495638635158962957": {"title": "Cuban Reuben", "options": ["Onion Rings"], "quantity": 1, "selections": {}}}	\N	Stacy B	9008	2096	Classy Cuban	1094	2017-04-18 11:14:10.040129+00	2017-04-18 21:12:09.721283+00
802	1488393920319587195	R$12.60	\N	\N	\N	2017-04-08 20:20:00+00	\N	{"order_declined": "2017-04-08T13:47:35.514Z", "order_requested": "2017-04-08T11:20:16.582Z"}	\N	\N	f	t	2017-04-08 20:35:00+00	1	{"city": "Natal", "phone": "Mary / 555-9988", "state": "RN", "address1": "Rua da Campina 140", "address2": "Apt 2203", "nickname": "Verano Condominium"}	\N	\N	{"1488393922727117692": {"title": "Mongolian Beef with Cashews Pork Fried Rice", "options": [], "quantity": 1, "selections": {"Rice": "Pork Fried Rice"}}}	\N	Stacy B	9008	2094	Thaitanic Xpress	1092	2017-04-08 11:20:14.391371+00	2017-04-08 13:47:35.426383+00
800	1488381791768150898	R$20.60	\N	\N	\N	2017-04-08 22:25:00+00	\N	{"order_accepted": "2017-04-08T10:57:09.444Z", "order_requested": "2017-04-08T10:56:05.296Z"}	\N	\N	f	t	2017-04-08 22:40:00+00	1	{"city": "Natal", "phone": "Mary / 555-9988", "state": "RN", "address1": "Rua da Campina 140", "address2": "Apt 2203", "nickname": "Verano Condominium"}	\N	\N	{"1488381794075018099": {"title": "Delivery Charge", "options": [], "quantity": 1, "selections": {}}, "1488381795786294132": {"title": "Mongolian Beef with Cashews Pork Fried Rice", "options": [], "quantity": 1, "selections": {"Rice": "Pork Fried Rice"}}}	\N	Stacy B	9008	2094	Thaitanic Xpress	1092	2017-04-08 10:56:02.629045+00	2017-04-08 10:57:09.341016+00
954	1496416778828382443	R$49.60	\N	\N	\N	2017-04-20 10:00:00+00	\N	{"order_declined": "2017-04-19T13:00:33.200Z", "order_requested": "2017-04-19T13:00:10.140Z"}	\N	\N	f	f	\N	\N	\N	\N	\N	{"1496416782376763628": {"title": "Cuban Reuben", "options": [], "quantity": 2, "selections": {}}, "1496416784532635885": {"title": "Pork Plate", "options": [], "quantity": 2, "selections": {}}}	\N	Stacy B	9008	2096	Classy Cuban	1094	2017-04-19 13:00:07.295251+00	2017-04-19 13:00:33.096208+00
801	1488390412816089974	R$12.60	\N	\N	\N	2017-04-08 20:15:00+00	\N	{"order_declined": "2017-04-08T13:47:09.232Z", "order_requested": "2017-04-08T11:16:19.791Z"}	\N	\N	f	t	2017-04-08 20:30:00+00	1	{"city": "Natal", "phone": "Mary / 555-9988", "state": "RN", "address1": "Rua da Campina 140", "address2": "Apt 2203", "nickname": "Verano Condominium"}	\N	\N	{"1488390415190066040": {"title": "Mongolian Beef with Cashews Pork Fried Rice", "options": [], "quantity": 1, "selections": {"Rice": "Pork Fried Rice"}}}	\N	Stacy B	9008	2094	Thaitanic Xpress	1092	2017-04-08 11:16:17.572965+00	2017-04-08 13:47:09.172819+00
799	1488348333394101049	R$6.60	\N	\N	\N	2017-04-08 21:20:00+00	\N	{"order_accepted": "2017-04-08T12:22:07.000Z", "order_requested": "2017-04-08T09:51:59.656Z"}	\N	\N	f	t	2017-04-08 21:35:00+00	2	{"city": "Natal", "phone": "Doug / 444-3636", "state": "RN", "address1": "Rua da Prudente 390", "address2": "Apt 67", "nickname": "Big Party"}	\N	\N	{"1488348335717745466": {"title": "Delivery Charge", "options": [], "quantity": 1, "selections": {}}}	\N	Stacy B	9008	2096	Classy Cuban	1094	2017-04-08 09:51:57.550555+00	2017-04-08 12:22:06.927188+00
806	1488468633414796213	R$12.60	\N	\N	\N	2017-04-08 22:50:00+00	\N	{"order_paid": "2017-04-08T18:50:00.943Z", "order_ready": "2017-04-11T07:33:17.290Z", "order_cooking": "2017-04-10T16:02:19.333Z", "order_accepted": "2017-04-08T18:49:06.255Z", "order_delivered": "2017-04-11T07:47:26.089Z", "order_requested": "2017-04-08T13:53:01.891Z", "order_dispatched": "2017-04-11T07:33:42.642Z"}	\N	\N	f	t	2017-04-08 23:05:00+00	1	{"city": "Natal", "phone": "Mary / 555-9988", "state": "RN", "address1": "Rua da Campina 140", "address2": "Apt 2203", "nickname": "Verano Condominium"}	5	\N	{"1488468635805549494": {"title": "New", "options": [], "quantity": 1, "selections": {}}, "1488468637541991351": {"title": "Delivery Charge", "options": [], "quantity": 1, "selections": {}}}	\N	Stacy B	9008	2096	Classy Cuban	1094	2017-04-08 13:52:59.210712+00	2017-04-11 07:47:25.987725+00
908	1494390188619596672	R$16.60	\N	\N	\N	2017-04-16 18:25:00+00	\N	{"order_paid": "2017-04-16T17:54:45.648Z", "order_ready": "2017-04-17T11:07:24.782Z", "order_cooking": "2017-04-16T19:46:56.379Z", "order_accepted": "2017-04-16T17:54:33.792Z", "order_picked_up": "2017-04-20T18:12:30.704Z", "order_requested": "2017-04-16T17:53:42.994Z"}	\N	1492365290	f	f	\N	\N	\N	\N	\N	{"1494390191899542401": {"title": "Panang Curry", "options": ["Bamboo Shoots", "Miso Soup"], "quantity": 1, "selections": {}}, "1494390194617451394": {"title": "Pad Thai", "options": [], "quantity": 1, "selections": {}}}	\N	Stacy B	9008	2094	Thaitanic Xpress	1092	2017-04-16 17:53:39.621588+00	2017-04-20 18:12:30.46056+00
803	1488398956185518973	R$9.60	\N	\N	\N	2017-04-08 20:50:00+00	\N	{"order_declined": "2017-04-08T13:46:52.975Z", "order_requested": "2017-04-08T11:47:22.218Z"}	\N	\N	f	t	2017-04-08 21:05:00+00	1	{"city": "Natal", "phone": "Mary / 555-9988", "state": "RN", "address1": "Rua da Campina 140", "address2": "Apt 2203", "nickname": "Verano Condominium"}	\N	\N	{"1488398958643381118": {"title": "Delivery Charge", "options": [], "quantity": 1, "selections": {}}}	\N	Stacy B	9008	2094	Thaitanic Xpress	1092	2017-04-08 11:47:20.208022+00	2017-04-08 13:46:52.901663+00
798	1487953959304823266	R$11.60	\N	\N	\N	2017-03-11 15:21:34+00	\N	{"order_paid": "2017-04-07T20:50:51.028Z", "order_ready": "2017-04-07T20:52:46.616Z", "order_cooking": "2017-04-07T20:52:12.477Z", "order_accepted": "2017-04-07T20:50:27.907Z", "order_picked_up": "2017-04-13T13:55:06.140Z", "order_requested": "2017-04-07T20:47:18.510Z"}	\N	\N	f	f	\N	\N	\N	\N	\N	{"1487953961829794275": {"title": "Cuban BLT Pomegranite Basil", "options": [], "quantity": 1, "selections": {"Bread": "Pomegranite Basil"}}}	\N	Bob S	9009	2096	Classy Cuban	1094	2017-04-07 20:47:15.860778+00	2017-04-13 13:55:06.048967+00
807	1488482842408125382	R$21.60	\N	\N	\N	2017-04-08 23:10:00+00	\N	{"order_declined": "2017-04-10T06:46:56.800Z", "order_requested": "2017-04-08T14:18:29.894Z"}	\N	\N	f	t	2017-04-08 23:25:00+00	2	{"city": "Natal", "phone": "Doug / 444-3636", "state": "RN", "address1": "Rua da Prudente 390", "address2": "Apt 67", "nickname": "Big Party"}	\N	\N	{"1488482844689826759": {"title": "Delivery Charge", "options": [], "quantity": 2, "selections": {}}}	\N	Stacy B	9008	2075	Grilla Cheez	1008	2017-04-08 14:18:27.777504+00	2017-04-10 06:46:56.724926+00
804	1488425615005582233	R$7.60	\N	\N	\N	2017-04-08 21:25:00+00	\N	{"order_accepted": "2017-04-08T15:27:52.769Z", "order_requested": "2017-04-08T12:23:16.678Z"}	\N	\N	f	f	\N	\N	\N	\N	\N	{"1488425617471832986": {"title": "New", "options": [], "quantity": 1, "selections": {}}}	\N	Stacy B	9008	2096	Classy Cuban	1094	2017-04-08 12:23:14.579963+00	2017-04-08 15:27:52.681371+00
811	1489335544981750544	R$11.60	\N	\N	\N	2017-04-09 19:00:00+00	\N	{"order_accepted": "2017-04-10T07:41:31.670Z", "order_requested": "2017-04-09T18:31:07.965Z"}	\N	\N	f	t	2017-04-09 19:15:00+00	11	{"city": "Natal", "phone": "Bob / 555-9988", "state": "RN", "address1": "Av. Prudente de Morais, 5950 - Candelária, Natal - RN", "address2": null, "nickname": "Subway"}	\N	\N	{"1489335547456389905": {"title": "Cuban Sausage Melt", "options": [], "quantity": 1, "selections": {}}}	\N	Bob S	9009	2096	Classy Cuban	1094	2017-04-09 18:31:04.763183+00	2017-04-10 07:41:31.543365+00
812	1489344654229897288	R$8.60	\N	\N	\N	2017-04-10 03:50:00+00	\N	{"order_accepted": "2017-04-09T18:53:20.444Z", "order_requested": "2017-04-09T18:49:37.431Z"}	\N	\N	f	f	\N	\N	\N	\N	\N	{"1489344656587096137": {"title": "Chicken Pesto Panini", "options": [], "quantity": 1, "selections": {}}}	\N	Stacy B	9008	2096	Classy Cuban	1094	2017-04-09 18:49:34.000997+00	2017-04-09 18:53:20.350253+00
795	1487756683605180829	R$25.60	\N	\N	\N	2017-03-11 14:10:34+00	\N	{"order_paid": "2017-04-07T14:21:51.337Z", "order_ready": "2017-04-07T16:39:13.844Z", "order_cooking": "2017-04-07T14:44:34.117Z", "order_accepted": "2017-04-07T14:34:00.579Z", "order_delivered": "2017-04-09T20:43:07.722Z", "order_requested": "2017-04-07T14:15:13.848Z", "order_dispatched": "2017-04-07T16:52:05.579Z"}	\N	\N	f	t	2017-03-11 14:25:34+00	9	{"city": "Natal", "phone": "999-5555", "state": "RN", "address1": "Av. Sen. Salgado Filho, 2234 - 400 - Candelária, Natal - RN, 59064-900", "address2": "null", "nickname": "Natal Shopping"}	9	\N	{"1487756686138540446": {"title": "Cuban Reuben", "options": [], "quantity": 2, "selections": {}}}	\N	Stacy B	9008	2096	Classy Cuban	1094	2017-04-07 14:15:11.712086+00	2017-04-09 20:43:07.633193+00
810	1489331038017553164	R$11.60	\N	\N	\N	2017-04-09 18:55:00+00	\N	{"order_accepted": "2017-04-09T18:23:42.405Z", "order_requested": "2017-04-09T18:22:38.006Z"}	\N	\N	f	f	\N	\N	\N	\N	\N	{"1489331040576078605": {"title": "Cuban Sausage Melt", "options": [], "quantity": 1, "selections": {}}}	\N	Stacy B	9008	2096	Classy Cuban	1094	2017-04-09 18:22:35.864685+00	2017-04-09 18:23:42.307756+00
813	1489707694309769343	R$18.60	\N	\N	\N	2017-04-10 15:40:00+00	\N	{"order_declined": "2017-04-10T07:08:00.843Z", "order_requested": "2017-04-10T07:00:39.747Z"}	\N	\N	f	t	2017-04-10 15:55:00+00	1	{"city": "Natal", "phone": "Mary / 555-9988", "state": "RN", "address1": "Rua da Campina 140", "address2": "Apt 2203", "nickname": "Verano Condominium"}	\N	\N	{"1489707696641802368": {"title": "Delivery Charge", "options": [], "quantity": 1, "selections": {}}, "1489707698403410049": {"title": "Pork Slider \\"Tuesday\\" Avalanche", "options": [], "quantity": 1, "selections": {}}}	\N	Stacy B	9008	2075	Grilla Cheez	1008	2017-04-10 07:00:36.145744+00	2017-04-10 07:08:00.758179+00
814	1489760594834751880	R$2.60	\N	\N	\N	2017-04-10 17:30:00+00	\N	{"order_accepted": "2017-04-10T08:43:16.858Z", "order_requested": "2017-04-10T08:35:45.874Z"}	\N	\N	f	f	\N	\N	\N	\N	\N	{"1489760597225505161": {"title": "sdsdsd", "options": [], "quantity": 1, "selections": {}}}	\N	Stacy B	9008	2075	Grilla Cheez	1008	2017-04-10 08:35:43.778812+00	2017-04-10 08:43:16.741838+00
808	1488610936175460935	R$20.60	\N	\N	\N	2017-04-08 19:00:00+00	\N	{"order_paid": "2017-04-08T18:36:25.701Z", "order_ready": "2017-04-08T18:37:39.842Z", "order_accepted": "2017-04-08T18:33:30.453Z", "order_delivered": "2017-04-18T19:33:02.325Z", "order_requested": "2017-04-08T18:31:41.222Z", "order_dispatched": "2017-04-14T14:53:11.256Z"}	\N	\N	f	t	2017-04-08 19:15:00+00	11	{"city": "Natal", "phone": "Bob / 555-9988", "state": "RN", "address1": "Av. Prudente de Morais, 5950 - Candelária, Natal - RN", "address2": null, "nickname": "Subway"}	22	\N	{"1488610938658488904": {"title": "Mongolian Beef with Cashews Pork Fried Rice", "options": [], "quantity": 1, "selections": {"Rice": "Pork Fried Rice"}}, "1488610940487205449": {"title": "Pad Thai", "options": [], "quantity": 1, "selections": {}}}	\N	Bob S	9009	2094	Thaitanic Xpress	1092	2017-04-08 18:31:38.574378+00	2017-04-18 19:33:02.204436+00
809	1488615647536480852	R$12.60	\N	\N	\N	2017-04-08 19:10:00+00	\N	{"order_paid": "2017-04-08T18:43:15.871Z", "order_cooking": "2017-04-08T18:43:32.205Z", "order_accepted": "2017-04-08T18:42:08.521Z", "order_delivered": "2017-04-14T14:52:55.275Z", "order_requested": "2017-04-08T18:40:55.566Z"}	\N	\N	f	t	2017-04-08 19:25:00+00	8	{"city": "Natal", "phone": "Jim / 444-3636", "state": "RN", "address1": "Av. Engenheiro Roberto Freire, 2895", "address2": "null", "nickname": "Nordestao"}	23	\N	{"1488615649985954389": {"title": "Mongolian Beef with Cashews Pork Fried Rice", "options": [], "quantity": 1, "selections": {"Rice": "Pork Fried Rice"}}}	\N	Bob S	9009	2094	Thaitanic Xpress	1092	2017-04-08 18:40:53.343784+00	2017-04-14 14:52:55.1625+00
815	1489761134138360206	R$9.60	\N	\N	\N	2017-04-10 17:30:00+00	\N	{"order_declined": "2017-04-10T08:51:03.400Z", "order_requested": "2017-04-10T08:36:33.580Z"}	\N	\N	f	f	\N	\N	\N	\N	\N	{"1489761136487170447": {"title": "BBQ Rib Wednesday", "options": [], "quantity": 1, "selections": {}}}	\N	Stacy B	9008	2075	Grilla Cheez	1008	2017-04-10 08:36:31.508649+00	2017-04-10 08:51:03.301695+00
816	1489761323603460496	R$24.60	\N	\N	\N	2017-04-10 17:30:00+00	\N	{"order_accepted": "2017-04-10T08:59:42.786Z", "order_requested": "2017-04-10T08:37:02.194Z"}	\N	\N	f	f	\N	\N	\N	\N	\N	{"1489761325943882129": {"title": "BBQ Rib Wednesday", "options": [], "quantity": 2, "selections": {}}, "1489761327680323986": {"title": "Pork Slider \\"Tuesday\\" Avalanche", "options": [], "quantity": 1, "selections": {}}}	\N	Stacy B	9008	2075	Grilla Cheez	1008	2017-04-10 08:36:59.593495+00	2017-04-10 08:59:42.69086+00
956	1496426438117556470	R$18.60	\N	\N	\N	2017-04-20 10:20:00+00	\N	{"order_declined": "2017-04-19T13:23:02.777Z", "order_requested": "2017-04-19T13:19:47.317Z"}	\N	\N	f	t	2017-04-20 10:35:00+00	5	{"city": null, "phone": "9893479705", "state": null, "address1": "304 Princess Park", "address2": "AB Road,  Indore", "nickname": "Test Location"}	\N	\N	{"1496426440516698359": {"title": "Cuban Reuben", "options": [], "quantity": 1, "selections": {}}, "1496426442437689592": {"title": "Delivery Charge", "options": [], "quantity": 1, "selections": {}}}	\N	Stacy B	9008	2096	Classy Cuban	1094	2017-04-19 13:19:44.531582+00	2017-04-19 13:23:02.677253+00
988	1498896606852808977	R$9.60	\N	\N	\N	2017-04-22 23:40:00+00	\N	{"order_paid": "2017-04-22T23:12:35.792Z", "order_ready": "2017-04-22T23:13:19.958Z", "order_cooking": "2017-04-22T23:12:45.623Z", "order_accepted": "2017-04-22T23:12:16.872Z", "order_picked_up": "2017-04-22T23:13:47.793Z", "order_requested": "2017-04-22T23:09:48.395Z"}	\N	1492902755	f	f	\N	\N	\N	\N	\N	{"1498896609503609106": {"title": "Buffalo Wings", "options": [], "quantity": 1, "selections": {}}}	\N	Bob S	9009	2096	Classy Cuban	1094	2017-04-22 23:09:45.878795+00	2017-04-22 23:13:47.666198+00
989	1498902050900017427	R$13.60	\N	\N	\N	2017-04-22 23:50:00+00	\N	{"order_paid": "2017-04-22T23:19:37.970Z", "order_ready": "2017-04-23T01:15:19.705Z", "order_cooking": "2017-04-23T01:15:00.599Z", "order_accepted": "2017-04-22T23:19:02.860Z", "order_picked_up": "2017-04-23T01:15:50.312Z", "order_requested": "2017-04-22T23:18:00.946Z"}	\N	1492903177	f	f	\N	\N	\N	\N	\N	{"1498902053424988436": {"title": "Pork Plate", "options": [], "quantity": 1, "selections": {}}}	\N	Marcy J	9018	2096	Classy Cuban	1094	2017-04-22 23:17:58.477601+00	2017-04-23 01:15:50.213868+00
825	1489816225289601488	R$20.60	\N	\N	\N	2017-04-10 19:30:00+00	\N	{"order_accepted": "2017-04-11T10:52:47.433Z", "order_requested": "2017-04-10T10:26:09.389Z"}	\N	\N	f	t	2017-04-10 19:45:00+00	1	{"city": "Natal", "phone": "Mary / 555-9988", "state": "RN", "address1": "Rua da Campina 140", "address2": "Apt 2203", "nickname": "Verano Condominium"}	\N	\N	{"1489816227596468689": {"title": "Mongolian Beef with Cashews Pork Fried Rice", "options": [], "quantity": 1, "selections": {"Rice": "Pork Fried Rice"}}, "1489816229324521938": {"title": "Delivery Charge", "options": [], "quantity": 1, "selections": {}}}	\N	Stacy B	9008	2094	Thaitanic Xpress	1092	2017-04-10 10:26:06.808617+00	2017-04-11 10:52:47.349646+00
819	1489786282002350505	R$43.60	\N	\N	\N	2017-04-10 18:20:00+00	\N	{"order_declined": "2017-04-10T09:27:21.053Z", "order_requested": "2017-04-10T09:26:34.943Z"}	\N	\N	f	f	\N	\N	\N	\N	\N	{"1489786289543709098": {"title": "sdsdsd", "options": [], "quantity": 2, "selections": {}}, "1489786294912418219": {"title": "BBQ Rib Wednesday", "options": [], "quantity": 2, "selections": {}}, "1489786299945583020": {"title": "Pork Slider \\"Tuesday\\" Avalanche", "options": [], "quantity": 2, "selections": {}}, "1489786305918271917": {"title": "Delivery Charge", "options": [], "quantity": 1, "selections": {}}}	\N	Stacy B	9008	2075	Grilla Cheez	1008	2017-04-10 09:26:31.648448+00	2017-04-10 09:27:20.971078+00
823	1489807553473806784	R$24.60	\N	\N	\N	2017-04-10 19:10:00+00	\N	{"order_declined": "2017-04-11T10:44:26.056Z", "order_requested": "2017-04-10T10:08:50.306Z"}	\N	\N	f	t	2017-04-10 19:25:00+00	3	{"city": "Natal", "phone": "Cliff / 444-3636", "state": "RN", "address1": "123 Drummond St", "address2": "Apt 2000", "nickname": "Tango"}	\N	\N	{"1489807555931668929": {"title": "New", "options": [], "quantity": 1, "selections": {}}, "1489807557693276610": {"title": "Cuban Reuben", "options": [], "quantity": 1, "selections": {}}, "1489807560243413443": {"title": "Delivery Charge", "options": [], "quantity": 1, "selections": {}}}	\N	Stacy B	9008	2096	Classy Cuban	1094	2017-04-10 10:08:47.378001+00	2017-04-11 10:44:25.948794+00
824	1489814224665313732	R$20.60	\N	\N	\N	2017-04-10 19:25:00+00	\N	{"order_declined": "2017-04-11T10:52:37.886Z", "order_requested": "2017-04-10T10:22:27.291Z"}	\N	\N	f	t	2017-04-10 19:40:00+00	1	{"city": "Natal", "phone": "Mary / 555-9988", "state": "RN", "address1": "Rua da Campina 140", "address2": "Apt 2203", "nickname": "Verano Condominium"}	\N	\N	{"1489814226997346757": {"title": "Mongolian Beef with Cashews Pork Fried Rice", "options": [], "quantity": 1, "selections": {"Rice": "Pork Fried Rice"}}, "1489814228725400006": {"title": "Delivery Charge", "options": [], "quantity": 1, "selections": {}}}	\N	Stacy B	9008	2094	Thaitanic Xpress	1092	2017-04-10 10:22:24.651597+00	2017-04-11 10:52:37.79011+00
826	1489816756850524627	R$12.60	\N	\N	\N	2017-04-10 19:30:00+00	\N	{"order_declined": "2017-04-11T10:53:07.350Z", "order_requested": "2017-04-10T10:27:06.316Z"}	\N	\N	f	f	\N	\N	\N	\N	\N	{"1489816759190946260": {"title": "Mongolian Beef with Cashews Pork Fried Rice", "options": [], "quantity": 1, "selections": {"Rice": "Pork Fried Rice"}}}	\N	Stacy B	9008	2094	Thaitanic Xpress	1092	2017-04-10 10:27:04.167369+00	2017-04-11 10:53:07.248101+00
842	1490581883212268526	R$12.60	\N	\N	\N	2017-04-11 20:50:00+00	\N	{"order_declined": "2017-04-11T11:49:26.630Z", "order_requested": "2017-04-11T11:47:14.445Z"}	\N	\N	f	f	\N	\N	\N	\N	\N	{"1490581886282499055": {"title": "Mongolian Beef with Cashews Pork Fried Rice", "options": [], "quantity": 1, "selections": {"Rice": "Pork Fried Rice"}}}	\N	Stacy B	9008	2094	Thaitanic Xpress	1092	2017-04-11 11:47:12.331494+00	2017-04-11 11:49:26.529536+00
817	1489781890759000480	R$20.60	\N	\N	\N	2017-04-10 18:10:00+00	\N	{"order_declined": "2017-04-10T10:34:09.733Z", "order_requested": "2017-04-10T09:18:27.211Z"}	\N	\N	f	t	2017-04-10 18:25:00+00	5	{"city": null, "phone": "9893479705", "state": null, "address1": "304 Princess Park", "address2": "AB Road,  Indore", "nickname": "Test Location"}	\N	\N	{"1489781893057479073": {"title": "sdsdsd", "options": [], "quantity": 1, "selections": {}}, "1489781895053967778": {"title": "BBQ Rib Wednesday", "options": [], "quantity": 1, "selections": {}}, "1489781896798798243": {"title": "Delivery Charge", "options": [], "quantity": 1, "selections": {}}}	\N	Stacy B	9008	2075	Grilla Cheez	1008	2017-04-10 09:18:24.089787+00	2017-04-10 10:34:09.648382+00
820	1489787026759745966	R$17.60	\N	\N	\N	2017-04-10 18:20:00+00	\N	{"order_declined": "2017-04-11T09:39:33.027Z", "order_requested": "2017-04-10T09:28:02.412Z"}	\N	\N	f	f	\N	\N	\N	\N	\N	{"1489787034653426095": {"title": "sdsdsd", "options": [], "quantity": 1, "selections": {}}, "1489787039250383280": {"title": "BBQ Rib Wednesday", "options": [], "quantity": 1, "selections": {}}}	\N	Stacy B	9008	2075	Grilla Cheez	1008	2017-04-10 09:27:59.831967+00	2017-04-11 09:39:32.90509+00
821	1489794724624597428	R$34.60	\N	\N	\N	2017-04-10 18:45:00+00	\N	{"order_declined": "2017-04-10T10:47:40.283Z", "order_requested": "2017-04-10T09:44:26.883Z"}	\N	\N	f	t	2017-04-10 19:00:00+00	3	{"city": "Natal", "phone": "Cliff / 444-3636", "state": "RN", "address1": "123 Drummond St", "address2": "Apt 2000", "nickname": "Tango"}	\N	\N	{"1489794726956630453": {"title": "Cuban Reuben", "options": [], "quantity": 1, "selections": {}}, "1489794728701460918": {"title": "Cuban Sausage Melt", "options": [], "quantity": 1, "selections": {}}, "1489794730454679991": {"title": "New", "options": [], "quantity": 1, "selections": {}}, "1489794732258230712": {"title": "Delivery Charge", "options": [], "quantity": 1, "selections": {}}}	\N	Stacy B	9008	2096	Classy Cuban	1094	2017-04-10 09:44:23.556948+00	2017-04-10 10:47:40.211963+00
840	1490578529128023018	R$12.60	\N	\N	\N	2017-04-11 20:40:00+00	\N	{"order_declined": "2017-04-11T11:48:58.460Z", "order_requested": "2017-04-11T11:40:35.803Z"}	\N	\N	f	f	\N	\N	\N	\N	\N	{"1490578531543942123": {"title": "Mongolian Beef with Cashews Pork Fried Rice", "options": [], "quantity": 1, "selections": {"Rice": "Pork Fried Rice"}}}	\N	Stacy B	9008	2094	Thaitanic Xpress	1092	2017-04-11 11:40:33.655677+00	2017-04-11 11:48:58.355429+00
822	1489801128638939577	R$13.60	\N	\N	\N	2017-04-10 19:00:00+00	\N	{"order_declined": "2017-04-11T10:43:58.279Z", "order_requested": "2017-04-10T10:02:11.122Z"}	\N	\N	f	f	\N	\N	\N	\N	\N	{"1489801131432346042": {"title": "Cuban Reuben", "options": [], "quantity": 1, "selections": {}}}	\N	Stacy B	9008	2096	Classy Cuban	1094	2017-04-10 10:02:08.984862+00	2017-04-11 10:43:58.157574+00
818	1489785594136494500	R$27.60	\N	\N	\N	2017-04-10 18:15:00+00	\N	{"order_declined": "2017-04-10T10:39:05.262Z", "order_requested": "2017-04-10T09:25:16.925Z"}	\N	\N	f	t	2017-04-10 18:30:00+00	9	{"city": "Natal", "phone": "999-5555", "state": "RN", "address1": "Av. Sen. Salgado Filho, 2234 - 400 - Candelária, Natal - RN, 59064-900", "address2": "null", "nickname": "Natal Shopping"}	\N	\N	{"1489785603020030373": {"title": "sdsdsd", "options": [], "quantity": 1, "selections": {}}, "1489785609160491430": {"title": "BBQ Rib Wednesday", "options": [], "quantity": 1, "selections": {}}, "1489785614797636007": {"title": "Pork Slider \\"Tuesday\\" Avalanche", "options": [], "quantity": 1, "selections": {}}, "1489785620468335016": {"title": "Delivery Charge", "options": [], "quantity": 1, "selections": {}}}	\N	Stacy B	9008	2075	Grilla Cheez	1008	2017-04-10 09:25:12.462948+00	2017-04-10 10:39:05.170801+00
831	1490529219355083688	R$2.60	\N	\N	\N	2017-04-11 18:55:00+00	\N	{"order_declined": "2017-04-11T10:05:34.847Z", "order_requested": "2017-04-11T10:02:41.430Z"}	\N	\N	f	f	\N	\N	\N	\N	\N	{"1490529221880054697": {"title": "sdsdsd", "options": [], "quantity": 1, "selections": {}}}	\N	Stacy B	9008	2075	Grilla Cheez	1008	2017-04-11 10:02:39.332339+00	2017-04-11 10:05:34.762506+00
837	1490555589523145693	R$12.60	\N	\N	\N	2017-04-11 19:55:00+00	\N	{"order_declined": "2017-04-11T10:55:20.872Z", "order_requested": "2017-04-11T10:55:00.030Z"}	\N	\N	f	f	\N	\N	\N	\N	\N	{"1490555591863567326": {"title": "Mongolian Beef with Cashews Pork Fried Rice", "options": [], "quantity": 1, "selections": {"Rice": "Pork Fried Rice"}}}	\N	Stacy B	9008	2094	Thaitanic Xpress	1092	2017-04-11 10:54:57.851779+00	2017-04-11 10:55:20.763076+00
829	1490507580638757770	R$9.60	\N	\N	\N	2017-04-11 18:10:00+00	\N	{"order_declined": "2017-04-11T09:25:47.826Z", "order_requested": "2017-04-11T09:20:00.187Z"}	\N	\N	f	f	\N	\N	\N	\N	\N	{"1490507582962402187": {"title": "BBQ Rib Wednesday", "options": [], "quantity": 1, "selections": {}}}	\N	Stacy B	9008	2075	Grilla Cheez	1008	2017-04-11 09:19:57.349958+00	2017-04-11 09:25:47.71993+00
834	1490548335935751122	R$8.60	\N	\N	\N	2017-04-11 19:30:00+00	\N	{"order_declined": "2017-04-11T10:41:07.731Z", "order_requested": "2017-04-11T10:40:37.997Z"}	\N	\N	f	f	\N	\N	\N	\N	\N	{"1490548338351670227": {"title": "Pork Slider \\"Tuesday\\" Avalanche", "options": [], "quantity": 1, "selections": {}}}	\N	Stacy B	9008	2075	Grilla Cheez	1008	2017-04-11 10:40:34.981938+00	2017-04-11 10:41:07.643968+00
832	1490534758587827115	R$9.60	\N	\N	\N	2017-04-11 19:05:00+00	\N	{"order_declined": "2017-04-11T10:17:51.546Z", "order_requested": "2017-04-11T10:13:53.370Z"}	\N	\N	f	f	\N	\N	\N	\N	\N	{"1490534760936637356": {"title": "BBQ Rib Wednesday", "options": [], "quantity": 1, "selections": {}}}	\N	Stacy B	9008	2075	Grilla Cheez	1008	2017-04-11 10:13:50.609254+00	2017-04-11 10:17:51.462261+00
830	1490511277758350221	R$2.60	\N	\N	\N	2017-04-11 18:20:00+00	\N	{"order_declined": "2017-04-11T09:37:52.197Z", "order_requested": "2017-04-11T09:26:58.221Z"}	\N	\N	f	f	\N	\N	\N	\N	\N	{"1490511280123937678": {"title": "sdsdsd", "options": [], "quantity": 1, "selections": {}}}	\N	Stacy B	9008	2075	Grilla Cheez	1008	2017-04-11 09:26:56.054816+00	2017-04-11 09:37:52.09338+00
827	1489824600509383127	R$20.60	\N	\N	\N	2017-04-10 19:35:00+00	\N	{"order_declined": "2017-04-11T09:39:38.703Z", "order_requested": "2017-04-10T10:42:57.992Z"}	\N	\N	f	t	2017-04-10 19:50:00+00	5	{"city": null, "phone": "9893479705", "state": null, "address1": "304 Princess Park", "address2": "AB Road,  Indore", "nickname": "Test Location"}	\N	\N	{"1489824602916913624": {"title": "sdsdsd", "options": [], "quantity": 1, "selections": {}}, "1489824604644966873": {"title": "BBQ Rib Wednesday", "options": [], "quantity": 1, "selections": {}}, "1489824606448517594": {"title": "Delivery Charge", "options": [], "quantity": 1, "selections": {}}}	\N	Stacy B	9008	2075	Grilla Cheez	1008	2017-04-10 10:42:55.094453+00	2017-04-11 09:39:38.618709+00
836	1490553046835397593	R$8.60	\N	\N	\N	2017-04-11 19:40:00+00	\N	{"order_declined": "2017-04-11T10:50:18.287Z", "order_requested": "2017-04-11T10:49:58.919Z"}	\N	\N	f	f	\N	\N	\N	\N	\N	{"1490553049184207834": {"title": "Pork Slider \\"Tuesday\\" Avalanche", "options": [], "quantity": 1, "selections": {}}}	\N	Stacy B	9008	2075	Grilla Cheez	1008	2017-04-11 10:49:56.858427+00	2017-04-11 10:50:18.196414+00
835	1490549895478641620	R$13.60	\N	\N	\N	2017-04-11 19:45:00+00	\N	{"order_declined": "2017-04-11T10:44:36.370Z", "order_requested": "2017-04-11T10:43:45.409Z"}	\N	\N	f	f	\N	\N	\N	\N	\N	{"1490549897835840469": {"title": "Cuban Reuben", "options": [], "quantity": 1, "selections": {}}}	\N	Stacy B	9008	2096	Classy Cuban	1094	2017-04-11 10:43:43.311892+00	2017-04-11 10:44:36.274295+00
833	1490541481964864462	R$8.60	\N	\N	\N	2017-04-11 19:20:00+00	\N	{"order_declined": "2017-04-11T10:27:50.176Z", "order_requested": "2017-04-11T10:27:16.605Z"}	\N	\N	f	f	\N	\N	\N	\N	\N	{"1490541484330451919": {"title": "Pork Slider \\"Tuesday\\" Avalanche", "options": [], "quantity": 1, "selections": {}}}	\N	Stacy B	9008	2075	Grilla Cheez	1008	2017-04-11 10:27:14.346416+00	2017-04-11 10:27:50.059166+00
838	1490558462050960358	R$12.60	\N	\N	\N	2017-04-11 20:00:00+00	\N	{"order_declined": "2017-04-11T11:06:19.956Z", "order_requested": "2017-04-11T11:01:04.958Z"}	\N	\N	f	f	\N	\N	\N	\N	\N	{"1490558465314128871": {"title": "Mongolian Beef with Cashews Pork Fried Rice", "options": [], "quantity": 1, "selections": {"Rice": "Pork Fried Rice"}}}	\N	Stacy B	9008	2094	Thaitanic Xpress	1092	2017-04-11 11:01:02.781165+00	2017-04-11 11:06:19.877422+00
957	1496427604419281145	R$16.60	\N	\N	\N	2017-04-20 10:25:00+00	\N	{"order_declined": "2017-04-19T13:22:50.404Z", "order_requested": "2017-04-19T13:21:44.181Z"}	\N	\N	f	t	2017-04-20 10:40:00+00	9	{"city": "Natal", "phone": "999-5555", "state": "RN", "address1": "Av. Sen. Salgado Filho, 2234 - 400 - Candelária, Natal - RN, 59064-900", "address2": "null", "nickname": "Natal Shopping"}	\N	\N	{"1496427606860366074": {"title": "Cuban Sausage Melt", "options": [], "quantity": 1, "selections": {}}, "1496427608672305403": {"title": "Delivery Charge", "options": [], "quantity": 1, "selections": {}}}	\N	Stacy B	9008	2096	Classy Cuban	1094	2017-04-19 13:21:41.200689+00	2017-04-19 13:22:50.990874+00
839	1490574104531567592	R$12.60	\N	\N	\N	2017-04-11 20:35:00+00	\N	{"order_declined": "2017-04-11T11:33:57.645Z", "order_requested": "2017-04-11T11:32:01.003Z"}	\N	\N	f	f	\N	\N	\N	\N	\N	{"1490574107509523433": {"title": "Mongolian Beef with Cashews Pork Fried Rice", "options": [], "quantity": 1, "selections": {"Rice": "Pork Fried Rice"}}}	\N	Stacy B	9008	2094	Thaitanic Xpress	1092	2017-04-11 11:31:58.878596+00	2017-04-11 11:33:57.538799+00
841	1490581001728951276	R$12.60	\N	\N	\N	2017-04-11 20:45:00+00	\N	{"order_declined": "2017-04-11T11:49:41.534Z", "order_requested": "2017-04-11T11:45:32.000Z"}	\N	\N	f	f	\N	\N	\N	\N	\N	{"1490581004086150125": {"title": "Mongolian Beef with Cashews Pork Fried Rice", "options": [], "quantity": 1, "selections": {"Rice": "Pork Fried Rice"}}}	\N	Stacy B	9008	2094	Thaitanic Xpress	1092	2017-04-11 11:45:29.809408+00	2017-04-11 11:49:41.450059+00
1002	1499879876574839438	R$11.60	\N	\N	\N	2017-04-24 16:40:00+00	\N	{"order_declined": "2017-04-26T10:09:22.700Z", "order_requested": "2017-04-24T07:40:44.818Z"}	\N	\N	f	f	\N	\N	\N	\N	\N	{"1499879879284359823": {"title": "French Dip", "options": [], "quantity": 1, "selections": {}}}	\N	Stacy B	9008	2132	Crazy Jack's	1109	2017-04-24 07:40:42.404042+00	2017-04-26 10:09:22.607998+00
1004	1499889845865022102	R$9.60	\N	\N	\N	2017-04-24 17:00:00+00	\N	{"order_declined": "2017-04-24T08:02:53.725Z", "order_requested": "2017-04-24T08:00:38.234Z"}	\N	\N	f	f	\N	\N	\N	\N	\N	{"1499889848473879193": {"title": "Green Curry Regular", "options": [], "quantity": 1, "selections": {"Sauce": "Regular"}}}	\N	Stacy B	9008	2094	Thaitanic Xpress	1092	2017-04-24 08:00:35.609241+00	2017-04-24 08:02:53.625022+00
853	1491366834555847125	R$10.60	\N	\N	\N	2017-04-12 22:40:00+00	\N	{"order_accepted": "2017-04-12T13:47:46.293Z", "order_requested": "2017-04-12T13:46:57.643Z"}	\N	\N	f	f	\N	\N	\N	\N	\N	{"1491366836887880150": {"title": "sdsdsd", "options": [], "quantity": 1, "selections": {}}, "1491366838674653655": {"title": "BBQ Rib Wednesday", "options": [], "quantity": 1, "selections": {}}}	\N	Stacy B	9008	2075	Grilla Cheez	1008	2017-04-12 13:46:53.791592+00	2017-04-12 13:47:46.210111+00
852	1491362897664672207	R$10.60	\N	\N	\N	2017-04-12 22:30:00+00	\N	{"order_accepted": "2017-04-12T13:42:56.847Z", "order_requested": "2017-04-12T13:39:22.044Z"}	\N	\N	f	f	\N	\N	\N	\N	\N	{"1491362899996705232": {"title": "sdsdsd", "options": [], "quantity": 1, "selections": {}}, "1491362901766701521": {"title": "BBQ Rib Wednesday", "options": [], "quantity": 1, "selections": {}}}	\N	Stacy B	9008	2075	Grilla Cheez	1008	2017-04-12 13:39:19.052754+00	2017-04-12 13:42:56.767371+00
845	1491270052173840799	R$4.60	\N	\N	\N	2017-04-12 19:25:00+00	\N	{"order_declined": "2017-04-12T13:37:39.319Z", "order_requested": "2017-04-12T10:35:00.550Z"}	\N	\N	f	f	\N	\N	\N	\N	\N	{"1491270055403454880": {"title": "sdsdsd", "options": [], "quantity": 3, "selections": {}}}	\N	Stacy B	9008	2075	Grilla Cheez	1008	2017-04-12 10:34:58.345268+00	2017-04-12 13:37:39.205808+00
847	1491295616741933477	R$8.60	\N	\N	\N	2017-04-12 20:15:00+00	\N	{"order_accepted": "2017-04-12T11:26:54.674Z", "order_requested": "2017-04-12T11:25:18.940Z"}	\N	\N	f	f	\N	\N	\N	\N	\N	{"1491295619099132326": {"title": "sdsdsd", "options": [], "quantity": 7, "selections": {}}}	\N	Stacy B	9008	2075	Grilla Cheez	1008	2017-04-12 11:25:15.727355+00	2017-04-12 11:26:54.563729+00
849	1491311350364766636	R$12.60	\N	\N	\N	2017-04-12 21:00:00+00	\N	{"order_accepted": "2017-04-12T11:57:36.047Z", "order_requested": "2017-04-12T11:56:50.362Z"}	\N	\N	f	f	\N	\N	\N	\N	\N	{"1491311352797462957": {"title": "Mongolian Beef with Cashews Pork Fried Rice", "options": [], "quantity": 1, "selections": {"Rice": "Pork Fried Rice"}}}	\N	Stacy B	9008	2094	Thaitanic Xpress	1092	2017-04-12 11:56:47.044033+00	2017-04-12 11:57:35.943226+00
848	1491302123013406864	R$11.60	\N	\N	\N	2017-04-12 12:25:00+00	\N	{"order_accepted": "2017-04-12T11:38:52.526Z", "order_requested": "2017-04-12T11:38:14.332Z"}	\N	\N	f	f	\N	\N	\N	\N	\N	{"1491302125504823441": {"title": "Cuban Sausage Melt", "options": [], "quantity": 1, "selections": {}}}	\N	Stacy B	9008	2096	Classy Cuban	1094	2017-04-12 11:38:12.095257+00	2017-04-12 11:38:52.442029+00
846	1491270585873858977	R$7.60	\N	\N	\N	2017-04-12 19:25:00+00	\N	{"order_declined": "2017-04-12T13:37:53.719Z", "order_requested": "2017-04-12T10:35:37.954Z"}	\N	\N	f	f	\N	\N	\N	\N	\N	{"1491270588256223650": {"title": "sdsdsd", "options": [], "quantity": 6, "selections": {}}}	\N	Stacy B	9008	2075	Grilla Cheez	1008	2017-04-12 10:35:35.888746+00	2017-04-12 13:37:53.614796+00
850	1491350476317262282	R$12.60	\N	\N	\N	2017-04-12 22:15:00+00	\N	{"order_accepted": "2017-04-12T13:15:33.242Z", "order_requested": "2017-04-12T13:14:20.121Z"}	\N	\N	f	f	\N	\N	\N	\N	\N	{"1491350478682849739": {"title": "Mongolian Beef with Cashews Pork Fried Rice", "options": [], "quantity": 1, "selections": {"Rice": "Pork Fried Rice"}}}	\N	Stacy B	9008	2094	Thaitanic Xpress	1092	2017-04-12 13:14:17.611713+00	2017-04-12 13:15:33.139965+00
854	1491372159233163736	R$9.60	\N	\N	\N	2017-04-12 22:50:00+00	\N	{"order_accepted": "2017-04-12T13:58:29.542Z", "order_requested": "2017-04-12T13:57:44.804Z"}	\N	\N	f	f	\N	\N	\N	\N	\N	{"1491372161607139801": {"title": "BBQ Rib Wednesday", "options": [], "quantity": 1, "selections": {}}}	\N	Stacy B	9008	2075	Grilla Cheez	1008	2017-04-12 13:57:42.708921+00	2017-04-12 13:58:29.43157+00
851	1491358520866505164	R$10.60	\N	\N	\N	2017-04-12 22:25:00+00	\N	{"order_declined": "2017-04-12T13:38:03.355Z", "order_requested": "2017-04-12T13:30:17.437Z"}	\N	\N	f	f	\N	\N	\N	\N	\N	{"1491358523215315405": {"title": "BBQ Rib Wednesday", "options": [], "quantity": 1, "selections": {}}, "1491358524976923086": {"title": "sdsdsd", "options": [], "quantity": 1, "selections": {}}}	\N	testerqr q	9017	2075	Grilla Cheez	1008	2017-04-12 13:30:14.701572+00	2017-04-12 13:38:03.276051+00
855	1491373794701345242	R$10.60	\N	\N	\N	2017-04-12 22:55:00+00	\N	{"order_accepted": "2017-04-12T14:02:16.668Z", "order_requested": "2017-04-12T14:00:57.790Z"}	\N	\N	f	f	\N	\N	\N	\N	\N	{"1491373797134041563": {"title": "sdsdsd", "options": [], "quantity": 1, "selections": {}}, "1491373799013089756": {"title": "BBQ Rib Wednesday", "options": [], "quantity": 1, "selections": {}}}	\N	Stacy B	9008	2075	Grilla Cheez	1008	2017-04-12 14:00:54.96832+00	2017-04-12 14:02:16.509355+00
859	1491911209824289464	R$10.60	\N	\N	\N	2017-04-13 19:20:00+00	\N	{"order_accepted": "2017-04-13T07:49:30.328Z", "order_requested": "2017-04-13T07:48:56.239Z"}	\N	\N	f	f	\N	\N	\N	\N	\N	{"1491911212886131385": {"title": "Mongolian Beef with Cashews White", "options": [], "quantity": 1, "selections": {"Rice": "White"}}}	\N	Stacy B	9008	2094	Thaitanic Xpress	1092	2017-04-13 07:48:54.05474+00	2017-04-13 07:49:30.231887+00
1006	1499893351942455966	R$13.60	\N	\N	\N	2017-04-24 17:10:00+00	\N	{"order_declined": "2017-04-24T08:14:53.199Z", "order_requested": "2017-04-24T08:07:31.075Z"}	\N	\N	f	f	\N	\N	\N	\N	\N	{"1499893354559701663": {"title": "Cuban Reuben", "options": [], "quantity": 1, "selections": {}}}	\N	Stacy B	9008	2096	Classy Cuban	1094	2017-04-24 08:07:28.761143+00	2017-04-24 08:14:53.108431+00
843	1490695627728748609	R$22.60	\N	\N	\N	2017-04-11 16:05:00+00	\N	{"order_paid": "2017-04-11T15:39:48.696Z", "order_ready": "2017-04-13T18:19:56.258Z", "order_cooking": "2017-04-11T15:46:54.944Z", "order_accepted": "2017-04-11T15:34:35.606Z", "order_picked_up": "2017-04-15T11:04:44.747Z", "order_requested": "2017-04-11T15:33:53.197Z"}	\N	\N	f	f	\N	\N	\N	\N	\N	{"1490695630220165186": {"title": "Cuban BLT Pomegranite Basil", "options": [], "quantity": 1, "selections": {"Bread": "Pomegranite Basil"}}, "1490695632174710851": {"title": "Chicken Pesto Panini", "options": ["Curly Fries"], "quantity": 1, "selections": {}}}	\N	Stacy B	9008	2096	Classy Cuban	1094	2017-04-11 15:33:50.03746+00	2017-04-15 11:04:44.626653+00
1005	1499892910198358684	R$13.60	\N	\N	\N	2017-04-24 17:10:00+00	\N	{"order_declined": "2017-04-24T08:14:33.987Z", "order_requested": "2017-04-24T08:06:42.988Z"}	\N	\N	f	f	\N	\N	\N	\N	\N	{"1499892912689775261": {"title": "Pork Plate", "options": [], "quantity": 1, "selections": {}}}	\N	Stacy B	9008	2096	Classy Cuban	1094	2017-04-24 08:06:40.647634+00	2017-04-24 08:14:33.875303+00
862	1491951254312583893	R$10.60	\N	\N	\N	2017-04-13 20:30:00+00	\N	{"order_accepted": "2017-04-13T09:14:34.053Z", "order_requested": "2017-04-13T09:08:11.426Z"}	\N	\N	f	f	\N	\N	\N	\N	\N	{"1491951256762057430": {"title": "sdsdsd", "options": [], "quantity": 1, "selections": {}}, "1491951259010204375": {"title": "BBQ Rib Wednesday", "options": [], "quantity": 1, "selections": {}}}	\N	Stacy B	9008	2075	Grilla Cheez	1008	2017-04-13 09:08:08.912982+00	2017-04-13 09:14:33.941666+00
863	1491957236413498073	R$9.60	\N	\N	\N	2017-04-13 20:40:00+00	\N	{"order_accepted": "2017-04-13T09:20:41.790Z", "order_requested": "2017-04-13T09:20:22.383Z"}	\N	\N	f	f	\N	\N	\N	\N	\N	{"1491957238787474138": {"title": "sdsdsd", "options": [], "quantity": 1, "selections": {}}, "1491957240532304603": {"title": "Pork Slider \\"Tuesday\\" Avalanche", "options": [], "quantity": 1, "selections": {}}}	\N	Stacy B	9008	2075	Grilla Cheez	1008	2017-04-13 09:20:19.532815+00	2017-04-13 09:20:41.691282+00
869	1492009199637365525	R$16.60	\N	\N	\N	2017-04-13 19:55:00+00	\N	{"order_accepted": "2017-04-13T11:04:14.479Z", "order_requested": "2017-04-13T11:03:24.733Z"}	\N	\N	f	f	\N	\N	\N	\N	\N	{"1492009202002952982": {"title": "BBQ Rib Wednesday", "options": [], "quantity": 1, "selections": {}}, "1492009203991053079": {"title": "Pork Slider \\"Tuesday\\" Avalanche", "options": [], "quantity": 1, "selections": {}}}	\N	Stacy B	9008	2075	Grilla Cheez	1008	2017-04-13 11:03:21.059881+00	2017-04-13 11:04:14.375412+00
867	1491985294545650430	R$16.60	\N	\N	\N	2017-04-13 21:35:00+00	\N	{"order_accepted": "2017-04-13T10:21:48.077Z", "order_requested": "2017-04-13T10:15:57.341Z"}	\N	\N	f	f	\N	\N	\N	\N	\N	{"1491985296978346751": {"title": "BBQ Rib Wednesday", "options": [], "quantity": 1, "selections": {}}, "1491985298731565824": {"title": "Pork Slider \\"Tuesday\\" Avalanche", "options": [], "quantity": 1, "selections": {}}}	\N	Stacy B	9008	2075	Grilla Cheez	1008	2017-04-13 10:15:54.772118+00	2017-04-13 10:21:47.984258+00
864	1491960434008261340	R$10.60	\N	\N	\N	2017-04-13 20:45:00+00	\N	{"order_accepted": "2017-04-13T09:29:17.722Z", "order_requested": "2017-04-13T09:26:10.715Z"}	\N	\N	f	f	\N	\N	\N	\N	\N	{"1491960436373848797": {"title": "sdsdsd", "options": [], "quantity": 1, "selections": {}}, "1491960438194176734": {"title": "BBQ Rib Wednesday", "options": [], "quantity": 1, "selections": {}}}	\N	Stacy B	9008	2075	Grilla Cheez	1008	2017-04-13 09:26:08.283671+00	2017-04-13 09:29:17.629304+00
865	1491963161094390495	R$9.60	\N	\N	\N	2017-04-13 20:55:00+00	\N	{"order_accepted": "2017-04-13T09:34:33.105Z", "order_requested": "2017-04-13T09:31:36.528Z"}	\N	\N	f	f	\N	\N	\N	\N	\N	{"1491963164030403296": {"title": "sdsdsd", "options": [], "quantity": 1, "selections": {}}, "1491963165968171745": {"title": "Pork Slider \\"Tuesday\\" Avalanche", "options": [], "quantity": 1, "selections": {}}}	\N	Stacy B	9008	2075	Grilla Cheez	1008	2017-04-13 09:31:34.039028+00	2017-04-13 09:34:32.992425+00
871	1492022032144007964	R$19.60	\N	\N	\N	2017-04-13 20:30:00+00	\N	{"order_accepted": "2017-04-13T11:29:31.743Z", "order_requested": "2017-04-13T11:28:51.769Z"}	\N	\N	f	f	\N	\N	\N	\N	\N	{"1492022034509595421": {"title": "Cuban Reuben", "options": [], "quantity": 1, "selections": {}}, "1492022036329923358": {"title": "New", "options": [], "quantity": 1, "selections": {}}}	\N	Stacy B	9008	2096	Classy Cuban	1094	2017-04-13 11:28:49.206378+00	2017-04-13 11:29:31.649106+00
868	1491990354428166913	R$17.60	\N	\N	\N	2017-04-13 21:45:00+00	\N	{"order_accepted": "2017-04-13T11:00:59.373Z", "order_requested": "2017-04-13T10:26:03.547Z"}	\N	\N	f	f	\N	\N	\N	\N	\N	{"1491990357271905026": {"title": "BBQ Rib Wednesday", "options": [], "quantity": 1, "selections": {}}, "1491990359176119043": {"title": "Pork Slider \\"Tuesday\\" Avalanche", "options": [], "quantity": 1, "selections": {}}, "1491990361030001412": {"title": "sdsdsd", "options": [], "quantity": 1, "selections": {}}}	\N	Stacy B	9008	2075	Grilla Cheez	1008	2017-04-13 10:26:00.393544+00	2017-04-13 11:00:59.243749+00
866	1491969579226759915	R$10.60	\N	\N	\N	2017-04-13 21:05:00+00	\N	{"order_declined": "2017-04-13T10:06:11.313Z", "order_requested": "2017-04-13T09:44:27.329Z"}	\N	\N	f	f	\N	\N	\N	\N	\N	{"1491969582498317036": {"title": "sdsdsd", "options": [], "quantity": 1, "selections": {}}, "1491969585082008301": {"title": "BBQ Rib Wednesday", "options": [], "quantity": 1, "selections": {}}}	\N	Stacy B	9008	2075	Grilla Cheez	1008	2017-04-13 09:44:24.754806+00	2017-04-13 10:06:11.216323+00
870	1492015826302141208	R$23.60	\N	\N	\N	2017-04-13 20:20:00+00	\N	{"order_accepted": "2017-04-13T11:17:43.648Z", "order_requested": "2017-04-13T11:16:47.415Z"}	\N	\N	f	f	\N	\N	\N	\N	\N	{"1492015828961329945": {"title": "Cuban Reuben", "options": [], "quantity": 1, "selections": {}}, "1492015831536632602": {"title": "Cuban Sausage Melt", "options": [], "quantity": 1, "selections": {}}}	\N	Stacy B	9008	2096	Classy Cuban	1094	2017-04-13 11:16:44.806297+00	2017-04-13 11:17:43.531553+00
874	1492051487868584751	R$57.60	\N	\N	\N	2017-04-13 21:30:00+00	\N	{"order_accepted": "2017-04-13T12:29:04.089Z", "order_requested": "2017-04-13T12:27:06.366Z"}	\N	\N	f	f	\N	\N	\N	\N	\N	{"1492051490267726640": {"title": "New", "options": [], "quantity": 2, "selections": {}}, "1492051492104831793": {"title": "Cuban Reuben", "options": [], "quantity": 2, "selections": {}}, "1492051493891605298": {"title": "Cuban Sausage Melt", "options": [], "quantity": 2, "selections": {}}}	\N	Stacy B	9008	2096	Classy Cuban	1094	2017-04-13 12:27:03.466552+00	2017-04-13 12:29:16.021305+00
873	1492033329476666148	R$23.60	\N	\N	\N	2017-04-13 20:55:00+00	\N	{"order_accepted": "2017-04-13T11:52:15.835Z", "order_requested": "2017-04-13T11:51:30.255Z"}	\N	\N	f	f	\N	\N	\N	\N	\N	{"1492033331850642213": {"title": "Cuban Reuben", "options": [], "quantity": 1, "selections": {}}, "1492033333603861286": {"title": "Cuban Sausage Melt", "options": [], "quantity": 1, "selections": {}}}	\N	Stacy B	9008	2096	Classy Cuban	1094	2017-04-13 11:51:27.129877+00	2017-04-13 11:52:15.731964+00
872	1492028650772497183	R$23.60	\N	\N	\N	2017-04-13 20:45:00+00	\N	{"order_accepted": "2017-04-13T11:42:21.018Z", "order_requested": "2017-04-13T11:41:45.050Z"}	\N	\N	f	f	\N	\N	\N	\N	\N	{"1492028653070975776": {"title": "Cuban Sausage Melt", "options": [], "quantity": 1, "selections": {}}, "1492028655671444257": {"title": "Cuban Reuben", "options": [], "quantity": 1, "selections": {}}}	\N	Stacy B	9008	2096	Classy Cuban	1094	2017-04-13 11:41:42.551214+00	2017-04-13 11:42:20.924598+00
890	1492792852357316817	R$12.60	\N	\N	\N	2017-04-14 22:00:00+00	\N	{"order_accepted": "2017-04-14T13:00:49.341Z", "order_requested": "2017-04-14T13:00:25.620Z"}	\N	\N	f	f	\N	\N	\N	\N	\N	{"1492792854764847314": {"title": "Mongolian Beef with Cashews Pork Fried Rice", "options": [], "quantity": 1, "selections": {"Rice": "Pork Fried Rice"}}}	\N	Stacy B	9008	2094	Thaitanic Xpress	1092	2017-04-14 13:00:23.4252+00	2017-04-14 13:00:49.247228+00
891	1492798817328693459	R$12.60	\N	\N	\N	2017-04-14 22:15:00+00	\N	{"order_accepted": "2017-04-14T13:12:11.737Z", "order_requested": "2017-04-14T13:11:55.827Z"}	\N	\N	f	f	\N	\N	\N	\N	\N	{"1492798819736223956": {"title": "Mongolian Beef with Cashews Pork Fried Rice", "options": [], "quantity": 1, "selections": {"Rice": "Pork Fried Rice"}}}	\N	Stacy B	9008	2094	Thaitanic Xpress	1092	2017-04-14 13:11:53.61148+00	2017-04-14 13:12:11.641783+00
844	1490836234715529312	R$27.60	\N	\N	\N	2017-04-11 20:45:00+00	\N	{"order_accepted": "2017-04-13T12:28:44.144Z", "order_requested": "2017-04-11T20:12:40.134Z"}	\N	\N	f	t	2017-04-11 21:00:00+00	2	{"city": "Natal", "phone": "Bob / 555-9988", "state": "RN", "address1": "Av. Engenheiro Roberto Freire, 2610 - Ponta Negra, Natal - RN, 59090-000", "address2": "Apt 67", "nickname": "Camarões"}	\N	\N	{"1490836237232111713": {"title": "Cuban Sausage Melt", "options": [], "quantity": 1, "selections": {}}, "1490836239119548514": {"title": "Chicken Pesto Panini", "options": ["Curly Fries"], "quantity": 1, "selections": {}}, "1490836240998596707": {"title": "Delivery Charge", "options": [], "quantity": 1, "selections": {}}}	\N	Stacy B	9008	2096	Classy Cuban	1094	2017-04-11 20:12:37.042646+00	2017-04-13 12:28:44.060251+00
875	1492062631849100098	R$10.60	\N	\N	\N	2017-04-14 00:20:00+00	\N	{"order_accepted": "2017-04-13T12:50:17.764Z", "order_requested": "2017-04-13T12:49:42.400Z"}	\N	\N	f	f	\N	\N	\N	\N	\N	{"1492062634315350853": {"title": "Green Curry Spicy", "options": [], "quantity": 1, "selections": {"Sauce": "Spicy"}}}	\N	Stacy B	9008	2094	Thaitanic Xpress	1092	2017-04-13 12:49:40.088649+00	2017-04-13 12:50:17.660554+00
882	1492719480759910560	R$12.60	\N	\N	\N	2017-04-14 22:05:00+00	\N	{"order_accepted": "2017-04-14T10:41:09.373Z", "order_requested": "2017-04-14T10:34:36.734Z"}	\N	\N	f	f	\N	\N	\N	\N	\N	{"1492719483175829665": {"title": "Mongolian Beef with Cashews Pork Fried Rice", "options": [], "quantity": 1, "selections": {"Rice": "Pork Fried Rice"}}}	\N	Stacy B	9008	2094	Thaitanic Xpress	1092	2017-04-14 10:34:34.405713+00	2017-04-14 10:41:09.25029+00
876	1492067603349242707	R$23.60	\N	\N	\N	2017-04-14 00:30:00+00	\N	{"order_accepted": "2017-04-13T13:00:35.140Z", "order_requested": "2017-04-13T12:59:34.881Z"}	\N	\N	f	f	\N	\N	\N	\N	\N	{"1492067605731607380": {"title": "Cuban Reuben", "options": [], "quantity": 1, "selections": {}}, "1492067607493215061": {"title": "Cuban Sausage Melt", "options": [], "quantity": 1, "selections": {}}}	\N	Stacy B	9008	2096	Classy Cuban	1094	2017-04-13 12:59:32.385149+00	2017-04-13 13:00:35.023281+00
884	1492749019271659712	R$12.60	\N	\N	\N	2017-04-14 23:05:00+00	\N	{"order_declined": "2017-04-14T11:40:37.561Z", "order_requested": "2017-04-14T11:33:59.386Z"}	\N	\N	f	f	\N	\N	\N	\N	\N	{"1492749021687578817": {"title": "Mongolian Beef with Cashews Pork Fried Rice", "options": [], "quantity": 1, "selections": {"Rice": "Pork Fried Rice"}}}	\N	Stacy B	9008	2094	Thaitanic Xpress	1092	2017-04-14 11:33:57.202727+00	2017-04-14 11:40:37.452049+00
877	1492092679197032714	R$22.60	\N	\N	\N	2017-04-13 14:20:00+00	\N	{"order_accepted": "2017-04-13T13:49:57.287Z", "order_requested": "2017-04-13T13:49:32.297Z"}	\N	\N	f	f	\N	\N	\N	\N	\N	{"1492092681688449291": {"title": "Cuban BLT Pomegranite Basil", "options": [], "quantity": 1, "selections": {"Bread": "Pomegranite Basil"}}, "1492092683567497484": {"title": "Chicken Pesto Panini", "options": ["Curly Fries"], "quantity": 1, "selections": {}}}	\N	Bob S	9009	2096	Classy Cuban	1094	2017-04-13 13:49:27.106237+00	2017-04-13 13:49:57.199676+00
883	1492743166757961917	R$12.60	\N	\N	\N	2017-04-14 22:50:00+00	\N	{"order_accepted": "2017-04-14T11:21:40.591Z", "order_requested": "2017-04-14T11:21:19.732Z"}	\N	\N	f	f	\N	\N	\N	\N	\N	{"1492743169157103806": {"title": "Mongolian Beef with Cashews Pork Fried Rice", "options": [], "quantity": 1, "selections": {"Rice": "Pork Fried Rice"}}}	\N	Stacy B	9008	2094	Thaitanic Xpress	1092	2017-04-14 11:21:17.548265+00	2017-04-14 11:21:40.481749+00
878	1492094868095239032	R$12.60	\N	\N	\N	2017-04-14 01:25:00+00	\N	{"order_accepted": "2017-04-13T13:57:12.552Z", "order_requested": "2017-04-13T13:56:13.627Z"}	\N	\N	f	f	\N	\N	\N	\N	\N	{"1492094870452437881": {"title": "Mongolian Beef with Cashews Pork Fried Rice", "options": [], "quantity": 1, "selections": {"Rice": "Pork Fried Rice"}}}	\N	Stacy B	9008	2094	Thaitanic Xpress	1092	2017-04-13 13:56:10.555788+00	2017-04-13 13:57:12.445378+00
881	1492485821880599539	R$23.60	\N	\N	\N	2017-04-14 11:50:00+00	\N	{"order_declined": "2017-04-14T12:48:50.751Z", "order_requested": "2017-04-14T02:50:25.749Z"}	\N	\N	f	f	\N	\N	\N	\N	\N	{"1492485824212632564": {"title": "Cuban Reuben", "options": [], "quantity": 1, "selections": {}}, "1492485825957463029": {"title": "Cuban Sausage Melt", "options": [], "quantity": 1, "selections": {}}}	\N	Stacy B	9008	2096	Classy Cuban	1094	2017-04-14 02:50:22.270289+00	2017-04-14 12:48:50.611635+00
887	1492779239945011401	R$12.60	\N	\N	\N	2017-04-15 00:05:00+00	\N	{"order_accepted": "2017-04-14T12:33:38.479Z", "order_requested": "2017-04-14T12:33:15.779Z"}	\N	\N	f	f	\N	\N	\N	\N	\N	{"1492779242402873546": {"title": "Mongolian Beef with Cashews Pork Fried Rice", "options": [], "quantity": 1, "selections": {"Rice": "Pork Fried Rice"}}}	\N	Stacy B	9008	2094	Thaitanic Xpress	1092	2017-04-14 12:33:13.593868+00	2017-04-14 12:33:38.358766+00
886	1492769656958615751	R$12.60	\N	\N	\N	2017-04-14 23:45:00+00	\N	{"order_accepted": "2017-04-14T12:14:27.826Z", "order_requested": "2017-04-14T12:13:58.046Z"}	\N	\N	f	f	\N	\N	\N	\N	\N	{"1492769659399700680": {"title": "Mongolian Beef with Cashews Pork Fried Rice", "options": [], "quantity": 1, "selections": {"Rice": "Pork Fried Rice"}}}	\N	Stacy B	9008	2094	Thaitanic Xpress	1092	2017-04-14 12:13:55.842657+00	2017-04-14 12:14:27.725502+00
885	1492759884616171716	R$12.60	\N	\N	\N	2017-04-14 23:25:00+00	\N	{"order_accepted": "2017-04-14T11:55:09.757Z", "order_requested": "2017-04-14T11:54:35.261Z"}	\N	\N	f	f	\N	\N	\N	\N	\N	{"1492759887090811077": {"title": "Mongolian Beef with Cashews Pork Fried Rice", "options": [], "quantity": 1, "selections": {"Rice": "Pork Fried Rice"}}}	\N	Stacy B	9008	2094	Thaitanic Xpress	1092	2017-04-14 11:54:32.766985+00	2017-04-14 11:55:09.6396+00
888	1492788330218127565	R$13.60	\N	\N	\N	2017-04-14 21:50:00+00	\N	{"order_accepted": "2017-04-14T12:52:15.070Z", "order_requested": "2017-04-14T12:51:54.034Z"}	\N	\N	f	f	\N	\N	\N	\N	\N	{"1492788332642435278": {"title": "Cuban Reuben", "options": [], "quantity": 1, "selections": {}}}	\N	Stacy B	9008	2096	Classy Cuban	1094	2017-04-14 12:51:51.958643+00	2017-04-14 12:52:14.9885+00
889	1492789700883120335	R$12.60	\N	\N	\N	2017-04-14 21:55:00+00	\N	{"order_accepted": "2017-04-14T12:54:19.515Z", "order_requested": "2017-04-14T12:53:52.045Z"}	\N	\N	f	f	\N	\N	\N	\N	\N	{"1492789703282262224": {"title": "Mongolian Beef with Cashews Pork Fried Rice", "options": [], "quantity": 1, "selections": {"Rice": "Pork Fried Rice"}}}	\N	Stacy B	9008	2094	Thaitanic Xpress	1092	2017-04-14 12:53:49.605362+00	2017-04-14 12:54:19.436592+00
1057	1501386809261686982	R$15.60	\N	\N	\N	2017-04-26 18:35:00+00	\N	{"order_declined": "2017-04-26T10:08:46.715Z", "order_requested": "2017-04-26T09:35:15.502Z"}	\N	\N	f	f	\N	\N	\N	\N	\N	{"1501386811702771911": {"title": "French Dip", "options": ["French Fries", "Extra Au Jus"], "quantity": 1, "selections": {}}}	\N	Stacy B	9008	2132	Crazy Jack's	1109	2017-04-26 09:35:13.153763+00	2017-04-26 10:08:46.613966+00
1059	1501397578657300684	R$11.60	\N	\N	\N	2017-04-26 19:00:00+00	\N	{"order_declined": "2017-04-26T10:08:55.185Z", "order_requested": "2017-04-26T09:56:27.020Z"}	\N	\N	f	f	\N	\N	\N	\N	\N	{"1501397581115162829": {"title": "French Dip", "options": [], "quantity": 1, "selections": {}}}	\N	Stacy B	9008	2132	Crazy Jack's	1109	2017-04-26 09:56:24.394714+00	2017-04-26 10:08:55.081301+00
880	1492231254211297578	R$8.60	\N	\N	\N	2017-04-13 19:20:00+00	\N	{"no_show": "2017-04-14T14:54:22.668Z", "order_paid": "2017-04-13T18:27:41.685Z", "order_accepted": "2017-04-13T18:25:05.305Z", "order_requested": "2017-04-13T18:24:23.939Z"}	\N	\N	f	f	\N	\N	\N	\N	\N	{"1492231256836931883": {"title": "Buffalo Burger", "options": [], "quantity": 1, "selections": {}}}	\N	Bob S	9009	2132	Crazy Jack's	1109	2017-04-13 18:24:21.712174+00	2017-04-14 14:54:22.57026+00
893	1492817031446134999	R$12.60	\N	\N	\N	2017-04-14 22:50:00+00	\N	{"order_accepted": "2017-04-14T13:48:26.969Z", "order_requested": "2017-04-14T13:48:05.571Z"}	\N	\N	f	f	\N	\N	\N	\N	\N	{"1492817033920774360": {"title": "Mongolian Beef with Cashews Pork Fried Rice", "options": [], "quantity": 1, "selections": {"Rice": "Pork Fried Rice"}}}	\N	Stacy B	9008	2094	Thaitanic Xpress	1092	2017-04-14 13:48:03.40832+00	2017-04-14 13:48:26.910627+00
797	1487938853703516629	R$24.60	\N	\N	\N	2017-04-07 20:45:00+00	\N	{"order_paid": "2017-04-07T20:21:49.747Z", "order_ready": "2017-04-07T20:36:00.085Z", "order_cooking": "2017-04-07T20:22:19.400Z", "order_accepted": "2017-04-07T20:19:09.110Z", "order_picked_up": "2017-04-14T14:52:35.057Z", "order_requested": "2017-04-07T20:16:10.833Z"}	\N	\N	f	f	\N	\N	\N	\N	\N	{"1487938856228487638": {"title": "Mongolian Beef with Cashews Pork Fried Rice", "options": [], "quantity": 1, "selections": {"Rice": "Pork Fried Rice"}}, "1487938858141090263": {"title": "Panang Curry", "options": [], "quantity": 1, "selections": {}}, "1487938859986584024": {"title": "Pad Thai", "options": [], "quantity": 1, "selections": {}}}	\N	Bob S	9009	2094	Thaitanic Xpress	1092	2017-04-07 20:16:07.744988+00	2017-04-14 14:52:34.937887+00
976	1497340197476500396	R$12.60	\N	\N	\N	2017-04-20 20:05:00+00	\N	{"order_paid": "2017-04-20T19:37:07.359Z", "order_ready": "2017-04-20T19:40:27.427Z", "order_cooking": "2017-04-20T19:37:54.505Z", "order_accepted": "2017-04-20T19:36:58.657Z", "order_picked_up": "2017-04-20T19:41:14.749Z", "order_requested": "2017-04-20T19:35:55.044Z"}	\N	1492717028	f	f	\N	\N	\N	\N	\N	{"1497340200664171437": {"title": "Mongolian Beef with Cashews Pork Fried Rice", "options": [], "quantity": 1, "selections": {"Rice": "Pork Fried Rice"}}}	\N	Bob S	9009	2094	Thaitanic Xpress	1092	2017-04-20 19:35:52.166051+00	2017-04-20 19:41:14.633706+00
894	1492835161442615828	R$19.60	\N	\N	\N	2017-04-14 14:55:00+00	\N	{"order_paid": "2017-04-14T14:25:47.814Z", "order_cooking": "2017-04-15T11:22:23.369Z", "order_accepted": "2017-04-14T14:25:41.308Z", "order_picked_up": "2017-04-15T14:20:25.147Z", "order_requested": "2017-04-14T14:24:36.722Z"}	\N	1492179952	f	f	\N	\N	\N	\N	\N	{"1492835164026307093": {"title": "Mongolian Beef with Cashews Pork Fried Rice", "options": [], "quantity": 1, "selections": {"Rice": "Pork Fried Rice"}}, "1492835165955686934": {"title": "Panang Curry", "options": ["Bamboo Shoots", "Miso Soup"], "quantity": 1, "selections": {}}}	\N	Stacy B	9008	2094	Thaitanic Xpress	1092	2017-04-14 14:24:33.906757+00	2017-04-15 14:20:25.058219+00
895	1492842515802358295	R$22.60	\N	\N	\N	2017-04-14 15:10:00+00	\N	{"order_paid": "2017-04-14T14:40:00.314Z", "order_ready": "2017-04-14T14:59:20.079Z", "order_cooking": "2017-04-14T14:50:47.719Z", "order_accepted": "2017-04-14T14:39:53.699Z", "order_picked_up": "2017-04-14T15:01:34.846Z", "order_requested": "2017-04-14T14:39:10.232Z"}	\N	1492180804	f	f	\N	\N	\N	\N	\N	{"1492842519023583768": {"title": "Cuban Sausage Melt", "options": [], "quantity": 1, "selections": {}}, "1492842520919409177": {"title": "Chicken Pesto Panini", "options": ["Curly Fries"], "quantity": 1, "selections": {}}}	\N	Bob S	9009	2096	Classy Cuban	1094	2017-04-14 14:39:06.935268+00	2017-04-14 15:01:34.763314+00
944	1495847981050495468	R$32.60	\N	\N	\N	2017-04-18 18:40:00+00	\N	{"order_paid": "2017-04-18T18:12:52.032Z", "order_ready": "2017-04-18T18:16:12.788Z", "order_cooking": "2017-04-18T18:15:57.874Z", "order_accepted": "2017-04-18T18:12:44.671Z", "order_delivered": "2017-04-18T19:32:37.010Z", "order_requested": "2017-04-18T18:10:28.772Z", "order_dispatched": "2017-04-18T18:17:29.571Z"}	\N	1492539172	f	t	2017-04-18 18:55:00+00	6	{"city": "Natal", "phone": "Bob / 444-3636", "state": "RN", "address1": "Av. Engenheiro Roberto Freire, 701, Capim Macio, Natal-RN", "address2": null, "nickname": "Ponta Negra Fiat"}	23	\N	{"1495847983558689261": {"title": "Panang Curry", "options": ["Bamboo Shoots", "Miso Soup"], "quantity": 2, "selections": {}}, "1495847985462903278": {"title": "Pad Thai", "options": [], "quantity": 1, "selections": {}}, "1495847987367117295": {"title": "Delivery Charge", "options": [], "quantity": 1, "selections": {}}}	\N	Bob S	9009	2094	Thaitanic Xpress	1092	2017-04-18 18:10:25.627329+00	2017-04-18 19:32:36.867477+00
968	1496987972971528921	R$16.60	\N	\N	\N	2017-04-20 16:55:00+00	\N	{"order_declined": "2017-04-20T08:58:05.308Z", "order_requested": "2017-04-20T07:55:17.165Z"}	\N	\N	f	t	2017-04-20 17:10:00+00	16	{"city": "This Is City", "phone": "123487978", "state": null, "address1": "This Is Address 1", "address2": "This Is Address 2", "nickname": "New Field Test"}	\N	\N	{"1496987975387448026": {"title": "Cuban Sausage Melt", "options": [], "quantity": 1, "selections": {}}, "1496987977199387355": {"title": "Delivery Charge", "options": [], "quantity": 1, "selections": {}}}	\N	Stacy B	9008	2096	Classy Cuban	1094	2017-04-20 07:55:13.807352+00	2017-04-20 08:58:05.229876+00
926	1495095796742226132	R$25.60	\N	\N	\N	2017-04-17 17:45:00+00	\N	{"order_paid": "2017-04-17T17:16:28.512Z", "order_accepted": "2017-04-17T17:16:20.336Z", "order_delivered": "2017-04-20T14:16:36.640Z", "order_requested": "2017-04-17T17:15:40.189Z"}	\N	1492449393	f	t	2017-04-17 18:00:00+00	2	{"city": "Natal", "phone": "Bob / 555-9988", "state": "RN", "address1": "Av. Engenheiro Roberto Freire, 2610 - Ponta Negra, Natal - RN, 59090-000", "address2": "Apt 67", "nickname": "Camarões"}	22	\N	{"1495095799334306005": {"title": "Panang Curry", "options": ["Bamboo Shoots", "Miso Soup"], "quantity": 1, "selections": {}}, "1495095801238520022": {"title": "Pad Thai", "options": [], "quantity": 1, "selections": {}}, "1495095803394392279": {"title": "Delivery Charge", "options": [], "quantity": 1, "selections": {}}}	\N	Stacy B	9008	2094	Thaitanic Xpress	1092	2017-04-17 17:15:35.849412+00	2017-04-20 14:16:36.516392+00
958	1496479320246321798	R$23.60	\N	\N	\N	2017-04-19 16:00:00+00	\N	{"order_accepted": "2017-04-20T13:55:21.894Z", "order_requested": "2017-04-19T15:04:26.160Z"}	\N	\N	f	f	\N	\N	\N	\N	\N	{"1496479322930676359": {"title": "Panang Curry", "options": ["Bamboo Shoots", "Miso Soup"], "quantity": 2, "selections": {}}, "1496479325019439752": {"title": "Pad Thai", "options": [], "quantity": 1, "selections": {}}}	\N	Dirk N	9019	2094	Thaitanic Xpress	1092	2017-04-19 15:04:23.293751+00	2017-04-20 13:55:21.766852+00
1052	1501312671742427257	R$11.60	\N	\N	\N	2017-04-26 16:10:00+00	\N	{"order_declined": "2017-04-26T10:08:33.282Z", "order_requested": "2017-04-26T07:07:54.830Z"}	\N	\N	f	f	\N	\N	\N	\N	\N	{"1501312674166734970": {"title": "French Dip", "options": [], "quantity": 1, "selections": {}}}	\N	Stacy B	9008	2132	Crazy Jack's	1109	2017-04-26 07:07:52.520038+00	2017-04-26 10:08:33.171104+00
899	1493409941816345318	R$22.60	\N	\N	\N	2017-04-15 10:15:00+00	\N	{"order_accepted": "2017-04-17T06:30:21.164Z", "order_requested": "2017-04-15T09:26:16.493Z"}	\N	\N	f	t	2017-04-15 10:30:00+00	2	{"city": "Natal", "phone": "Bob / 555-9988", "state": "RN", "address1": "Av. Engenheiro Roberto Freire, 2610 - Ponta Negra, Natal - RN, 59090-000", "address2": "Apt 67", "nickname": "Camarões"}	\N	\N	{"1493409944483922663": {"title": "Pad Thai", "options": [], "quantity": 1, "selections": {}}, "1493409946438468328": {"title": "Panang Curry", "options": [], "quantity": 1, "selections": {}}, "1493409948376236777": {"title": "Delivery Charge", "options": [], "quantity": 1, "selections": {}}}	\N	Stacy B	9008	2094	Thaitanic Xpress	1092	2017-04-15 09:26:13.237431+00	2017-04-17 06:30:21.064361+00
986	1498853344771309831	R$24.60	\N	\N	\N	2017-04-22 22:25:00+00	\N	{"order_paid": "2017-04-22T21:43:08.584Z", "order_ready": "2017-04-22T22:01:10.285Z", "order_cooking": "2017-04-22T22:00:54.472Z", "order_accepted": "2017-04-22T21:43:00.320Z", "order_picked_up": "2017-04-22T22:01:40.994Z", "order_requested": "2017-04-22T21:42:08.451Z"}	\N	1492897393	f	f	\N	\N	\N	\N	\N	{"1498853347363389704": {"title": "Panang Curry", "options": ["Bamboo Shoots", "Miso Soup"], "quantity": 1, "selections": {}}, "1498853349410210057": {"title": "Pad Thai", "options": [], "quantity": 2, "selections": {}}}	\N	Stacy B	9008	2094	Thaitanic Xpress	1092	2017-04-22 21:42:05.754003+00	2017-04-22 22:01:40.88724+00
928	1495478781098328747	R$13.60	\N	\N	\N	2017-04-18 15:00:00+00	\N	{"no_show": "2017-04-18T09:37:18.766Z", "order_paid": "2017-04-18T05:58:01.633Z", "order_accepted": "2017-04-18T05:57:48.669Z", "order_requested": "2017-04-18T05:57:00.962Z"}	\N	1492495079	f	f	\N	\N	\N	\N	\N	{"1495478783463916204": {"title": "Cuban Reuben", "options": [], "quantity": 1, "selections": {}}}	\N	Stacy B	9008	2096	Classy Cuban	1094	2017-04-18 05:56:58.654407+00	2017-04-18 09:37:18.028715+00
896	1493404080855319256	R$42.60	\N	\N	\N	2017-04-15 09:45:00+00	\N	{"order_accepted": "2017-04-15T09:54:13.227Z", "order_requested": "2017-04-15T09:15:03.828Z"}	\N	\N	f	t	2017-04-15 10:00:00+00	2	{"city": "Natal", "phone": "Bob / 555-9988", "state": "RN", "address1": "Av. Engenheiro Roberto Freire, 2610 - Ponta Negra, Natal - RN, 59090-000", "address2": "Apt 67", "nickname": "Camarões"}	\N	\N	{"1493404088220517081": {"title": "Mongolian Beef with Cashews Pork Fried Rice", "options": [], "quantity": 1, "selections": {"Rice": "Pork Fried Rice"}}, "1493404094788797146": {"title": "Panang Curry", "options": ["Bamboo Shoots"], "quantity": 1, "selections": {}}, "1493404098219737819": {"title": "Pad Thai", "options": [], "quantity": 2, "selections": {}}, "1493404100325278428": {"title": "Delivery Charge", "options": [], "quantity": 1, "selections": {}}}	\N	Stacy B	9008	2094	Thaitanic Xpress	1092	2017-04-15 09:14:59.994352+00	2017-04-15 09:54:13.128713+00
945	1495855139183919602	R$25.60	\N	\N	\N	2017-04-18 19:15:00+00	\N	{"order_paid": "2017-04-18T18:25:29.803Z", "order_ready": "2017-04-20T20:02:09.315Z", "order_cooking": "2017-04-18T18:28:47.665Z", "order_accepted": "2017-04-18T18:25:23.654Z", "order_delivered": "2017-04-21T14:24:47.698Z", "order_requested": "2017-04-18T18:24:35.511Z", "order_dispatched": "2017-04-20T20:02:15.555Z"}	\N	1492539930	f	t	2017-04-18 19:30:00+00	6	{"city": null, "phone": "Bob / 444-3636", "state": null, "address1": "Av. Engenheiro Roberto Freire, 701, Natal-RN", "address2": null, "nickname": "Ponta Negra Fiat"}	6	\N	{"1495855141700502003": {"title": "Pork Plate", "options": [], "quantity": 1, "selections": {}}, "1495855143629881844": {"title": "Chicken Pesto Panini", "options": [], "quantity": 1, "selections": {}}, "1495855145634759157": {"title": "Delivery Charge", "options": [], "quantity": 1, "selections": {}}}	\N	Bob S	9009	2096	Classy Cuban	1094	2017-04-18 18:24:31.81844+00	2017-04-21 14:24:47.585016+00
930	1495484925745300145	R$21.60	\N	\N	\N	2017-04-18 03:10:00+00	\N	{"order_accepted": "2017-04-18T06:14:48.725Z", "order_requested": "2017-04-18T06:10:08.912Z"}	\N	\N	f	f	\N	\N	\N	\N	\N	{"1495484928144442034": {"title": "Cuban Sausage Melt", "options": [], "quantity": 2, "selections": {}}}	\N	Stacy B	9008	2096	Classy Cuban	1094	2017-04-18 06:10:06.172715+00	2017-04-18 06:14:48.381604+00
959	1496481680146301225	R$13.60	\N	\N	\N	2017-04-20 12:10:00+00	\N	{"order_declined": "2017-04-19T22:28:50.273Z", "order_requested": "2017-04-19T15:09:20.437Z"}	\N	\N	f	f	\N	\N	\N	\N	\N	{"1496481682679660842": {"title": "Pork Plate", "options": [], "quantity": 1, "selections": {}}}	\N	Stacy B	9008	2096	Classy Cuban	1094	2017-04-19 15:09:17.976951+00	2017-04-19 22:28:50.179814+00
967	1496979999800951510	R$18.60	\N	\N	\N	2017-04-20 16:40:00+00	\N	{"order_declined": "2017-04-20T08:58:14.656Z", "order_requested": "2017-04-20T07:39:27.489Z"}	\N	\N	f	t	2017-04-20 16:55:00+00	12	{"city": null, "phone": "546538497", "state": null, "address1": "17 Gyaneshwar", "address2": "Ind", "nickname": "Ashley"}	\N	\N	{"1496980002267202263": {"title": "Cuban Reuben", "options": [], "quantity": 1, "selections": {}}, "1496980004087530200": {"title": "Delivery Charge", "options": [], "quantity": 1, "selections": {}}}	\N	Stacy B	9008	2096	Classy Cuban	1094	2017-04-20 07:39:24.455448+00	2017-04-20 08:58:14.584858+00
983	1498022608287826055	R$16.60	\N	\N	\N	2017-04-21 18:40:00+00	\N	{"order_paid": "2017-04-21T18:12:05.084Z", "order_ready": "2017-04-21T18:12:54.906Z", "order_cooking": "2017-04-21T18:12:43.083Z", "order_accepted": "2017-04-21T18:11:56.096Z", "order_picked_up": "2017-04-21T18:15:56.235Z", "order_requested": "2017-04-21T18:10:41.946Z"}	\N	1492798325	f	f	\N	\N	\N	\N	\N	{"1498022610854740104": {"title": "Cuban Reuben", "options": ["Onion Rings"], "quantity": 1, "selections": {}}}	\N	Stacy B	9008	2096	Classy Cuban	1094	2017-04-21 18:10:39.694086+00	2017-04-21 18:15:56.010513+00
985	1498420224087556320	R$18.60	\N	\N	\N	2017-04-23 04:20:00+00	\N	{"order_declined": "2017-04-23T03:34:56.656Z", "order_requested": "2017-04-22T07:20:41.045Z"}	\N	\N	f	t	2017-04-23 04:35:00+00	15	{"city": null, "phone": "465329458", "state": null, "address1": "304, Princess Business Park", "address2": "Indore", "nickname": "Test Locations"}	\N	\N	{"1498420226537029857": {"title": "Cuban Reuben", "options": [], "quantity": 1, "selections": {}}, "1498420228365746402": {"title": "Delivery Charge", "options": [], "quantity": 1, "selections": {}}}	\N	Dirk N	9019	2096	Classy Cuban	1094	2017-04-22 07:20:38.230884+00	2017-04-23 03:34:56.570368+00
1003	1499880415727452818	R$10.60	\N	\N	\N	2017-04-24 16:45:00+00	\N	{"order_declined": "2017-04-24T08:02:46.654Z", "order_requested": "2017-04-24T07:41:50.312Z"}	\N	\N	f	f	\N	\N	\N	\N	\N	{"1499880418931901077": {"title": "Green Curry Spicy", "options": [], "quantity": 1, "selections": {"Sauce": "Spicy"}}}	\N	Stacy B	9008	2094	Thaitanic Xpress	1092	2017-04-24 07:41:47.920899+00	2017-04-24 08:02:46.536922+00
1083	1502309133162905912	R$21.60	\N	\N	\N	2017-04-27 17:00:00+00	\N	{"order_accepted": "2017-04-27T16:12:57.246Z", "order_requested": "2017-04-27T16:07:37.941Z"}	\N	\N	f	f	\N	\N	\N	\N	\N	{"1502309135855649081": {"title": "French Dip", "options": [], "quantity": 2, "selections": {}}}	\N	Luiz C	9021	2132	Crazy Jack's	1109	2017-04-27 16:07:35.424979+00	2017-04-27 16:12:57.139219+00
934	1495514091114988228	R$10.60	\N	\N	\N	2017-04-19 04:10:00+00	\N	{"order_paid": "2017-04-18T07:12:01.870Z", "order_ready": "2017-04-19T22:39:43.115Z", "order_cooking": "2017-04-19T22:39:20.732Z", "order_accepted": "2017-04-18T07:11:52.276Z", "order_picked_up": "2017-04-19T22:40:20.058Z", "order_requested": "2017-04-18T07:07:37.727Z"}	\N	1492542746	f	f	\N	\N	\N	\N	\N	{"1495514093505741509": {"title": "Green Curry Spicy", "options": [], "quantity": 1, "selections": {"Sauce": "Spicy"}}}	\N	Stacy B	9008	2094	Thaitanic Xpress	1092	2017-04-18 07:07:35.381226+00	2017-04-19 22:40:19.965802+00
932	1495495926481945269	R$13.60	\N	\N	\N	2017-04-18 06:30:00+00	\N	{"no_show": "2017-04-18T09:37:31.842Z", "order_paid": "2017-04-18T06:33:27.352Z", "order_accepted": "2017-04-18T06:33:15.213Z", "order_requested": "2017-04-18T06:31:07.066Z"}	\N	1492464740	f	f	\N	\N	\N	\N	\N	{"1495495928889475766": {"title": "Cuban Reuben", "options": [], "quantity": 1, "selections": {}}}	\N	Stacy B	9008	2096	Classy Cuban	1094	2017-04-18 06:31:04.726351+00	2017-04-18 09:37:31.763028+00
960	1496482950055723310	R$45.60	\N	\N	\N	2017-04-20 12:10:00+00	\N	{"order_declined": "2017-04-19T22:29:11.565Z", "order_requested": "2017-04-19T15:11:42.869Z"}	\N	\N	f	f	\N	\N	\N	\N	\N	{"1496482952899461423": {"title": "Cuban Sausage Melt", "options": [], "quantity": 2, "selections": {}}, "1496482955239883056": {"title": "Cuban Reuben", "options": [], "quantity": 2, "selections": {}}}	\N	Stacy B	9008	2096	Classy Cuban	1094	2017-04-19 15:11:39.75835+00	2017-04-19 22:29:11.458489+00
931	1495491086120911539	R$37.60	\N	\N	\N	2017-04-18 06:20:00+00	\N	{"no_show": "2017-04-18T09:37:38.187Z", "order_paid": "2017-04-18T06:42:21.668Z", "order_accepted": "2017-04-18T06:42:13.230Z", "order_requested": "2017-04-18T06:21:25.419Z"}	\N	1492465274	f	f	\N	\N	\N	\N	\N	{"1495491088528442036": {"title": "Cuban Reuben", "options": [], "quantity": 3, "selections": {}}}	\N	Stacy B	9008	2096	Classy Cuban	1094	2017-04-18 06:21:23.192178+00	2017-04-18 09:37:38.094374+00
948	1495887207146193419	R$10.60	\N	\N	\N	2017-04-18 20:00:00+00	\N	{"order_paid": "2017-04-18T19:30:25.536Z", "order_ready": "2017-04-18T19:33:58.462Z", "order_cooking": "2017-04-18T19:33:40.797Z", "order_accepted": "2017-04-18T19:28:21.911Z", "order_picked_up": "2017-04-18T19:35:36.425Z", "order_requested": "2017-04-18T19:28:00.292Z"}	\N	\N	f	f	\N	\N	\N	\N	\N	{"1495887209654387212": {"title": "Smoked Cheddar Melt", "options": [], "quantity": 1, "selections": {}}}	\N	Bob S	9009	2097	Frank's BBQ	1095	2017-04-18 19:27:57.967044+00	2017-04-18 19:35:36.261042+00
969	1496988708895720156	R$18.60	\N	\N	\N	2017-04-20 16:55:00+00	\N	{"order_declined": "2017-04-20T08:58:23.546Z", "order_requested": "2017-04-20T07:56:28.339Z"}	\N	\N	f	t	2017-04-20 17:10:00+00	5	{"city": null, "phone": "9893479705", "state": null, "address1": "304 Princess Park", "address2": "AB Road,  Indore", "nickname": "Test Location"}	\N	\N	{"1496988711311639261": {"title": "Cuban Reuben", "options": [], "quantity": 1, "selections": {}}, "1496988713148744414": {"title": "Delivery Charge", "options": [], "quantity": 1, "selections": {}}}	\N	Stacy B	9008	2096	Classy Cuban	1094	2017-04-20 07:56:25.631162+00	2017-04-20 08:58:23.491492+00
970	1497022243681600230	R$16.60	\N	\N	\N	2017-04-21 06:05:00+00	\N	{"no_show": "2017-04-20T09:05:30.665Z", "order_paid": "2017-04-20T09:03:57.172Z", "order_ready": "2017-04-20T09:05:15.695Z", "order_cooking": "2017-04-20T09:05:02.730Z", "order_accepted": "2017-04-20T09:03:42.504Z", "order_requested": "2017-04-20T09:03:31.077Z", "order_dispatched": "2017-04-20T09:05:22.891Z"}	\N	1492722260	f	t	2017-04-21 06:20:00+00	16	{"city": "This Is City", "phone": "123487978", "state": null, "address1": "This Is Address 1", "address2": "This Is Address 2", "nickname": "New Field Test"}	\N	\N	{"1497022246382732007": {"title": "Cuban Sausage Melt", "options": [], "quantity": 1, "selections": {}}, "1497022248471495400": {"title": "Delivery Charge", "options": [], "quantity": 1, "selections": {}}}	\N	Stacy B	9008	2096	Classy Cuban	1094	2017-04-20 09:03:28.352554+00	2017-04-20 09:05:30.557893+00
933	1495506134075703995	R$23.60	\N	\N	\N	2017-04-18 06:50:00+00	\N	{"order_declined": "2017-04-18T08:46:59.237Z", "order_requested": "2017-04-18T06:50:56.524Z"}	\N	\N	f	f	\N	\N	\N	\N	\N	{"1495506137154323132": {"title": "Cuban Reuben", "options": [], "quantity": 1, "selections": {}}, "1495506139243086525": {"title": "Cuban Sausage Melt", "options": [], "quantity": 1, "selections": {}}}	\N	Stacy B	9008	2096	Classy Cuban	1094	2017-04-18 06:50:53.656374+00	2017-04-18 08:46:59.131017+00
962	1496624931222323901	R$36.60	\N	\N	\N	2017-04-19 20:50:00+00	\N	{"order_requested": "2017-04-19T19:55:54.635Z"}	\N	\N	f	f	\N	\N	\N	\N	\N	{"1496624933864735422": {"title": "Cheese Enchiladas", "options": ["Rice and Beans", "Pico De Gallo"], "quantity": 1, "selections": {}}, "1496624935794115263": {"title": "Beef Tacos", "options": ["Extra Gaucamole"], "quantity": 2, "selections": {}}}	\N	Stacy B	9008	2133	Paco's Tacos	1110	2017-04-19 19:55:51.752883+00	2017-04-19 19:55:51.752883+00
961	1496484155272200501	R$25.60	\N	\N	\N	2017-04-20 12:15:00+00	\N	{"order_declined": "2017-04-20T08:58:32.539Z", "order_requested": "2017-04-19T15:14:03.692Z"}	\N	\N	f	f	\N	\N	\N	\N	\N	{"1496484158048829750": {"title": "Pork Plate", "options": [], "quantity": 1, "selections": {}}, "1496484159852380471": {"title": "Cuban Reuben", "options": [], "quantity": 1, "selections": {}}}	\N	Stacy B	9008	2096	Classy Cuban	1094	2017-04-19 15:14:00.36118+00	2017-04-20 08:58:32.458901+00
1001	1499879017120006796	R$11.60	\N	\N	\N	2017-04-24 16:40:00+00	\N	{"order_declined": "2017-04-26T10:09:03.640Z", "order_requested": "2017-04-24T07:39:21.235Z"}	\N	\N	f	f	\N	\N	\N	\N	\N	{"1499879019552703117": {"title": "Submariner Gargonzola", "options": [], "quantity": 1, "selections": {"Cheese": "Gargonzola"}}}	\N	Stacy B	9008	2132	Crazy Jack's	1109	2017-04-24 07:39:18.851283+00	2017-04-26 10:09:03.528078+00
1058	1501392206752121032	R$7.60	\N	\N	\N	2017-04-26 18:45:00+00	\N	{"order_declined": "2017-04-26T10:09:30.146Z", "order_requested": "2017-04-26T09:45:52.894Z"}	\N	\N	f	f	\N	\N	\N	\N	\N	{"1501392210032066761": {"title": "Vege Sub", "options": [], "quantity": 1, "selections": {}}}	\N	Stacy B	9008	2132	Crazy Jack's	1109	2017-04-26 09:45:50.229653+00	2017-04-26 10:09:30.039137+00
993	1499031042676228386	R$11.60	\N	\N	\N	2017-04-23 04:05:00+00	\N	{"order_paid": "2017-04-23T03:35:53.015Z", "order_ready": "2017-04-23T03:37:14.417Z", "order_cooking": "2017-04-23T03:36:33.325Z", "order_accepted": "2017-04-23T03:35:46.408Z", "order_picked_up": "2017-04-23T03:38:53.773Z", "order_requested": "2017-04-23T03:34:12.077Z"}	\N	1492918557	f	f	\N	\N	\N	\N	\N	{"1499031045167644963": {"title": "Cuban BLT Pomegranite Basil", "options": [], "quantity": 1, "selections": {"Bread": "Pomegranite Basil"}}}	\N	Marcy J	9018	2096	Classy Cuban	1094	2017-04-23 03:34:09.93102+00	2017-04-23 03:38:53.672888+00
991	1498959562827366684	R$8.60	\N	\N	\N	2017-04-23 01:45:00+00	\N	{"order_accepted": "2017-04-23T01:12:53.096Z", "order_requested": "2017-04-23T01:12:14.021Z"}	\N	\N	f	f	\N	\N	\N	\N	\N	{"1498959565327171869": {"title": "Chicken Pesto Panini", "options": [], "quantity": 1, "selections": {}}}	\N	Marcy J	9018	2096	Classy Cuban	1094	2017-04-23 01:12:11.051022+00	2017-04-23 01:12:53.001641+00
955	1496425059005235836	R$23.60	\N	\N	\N	2017-04-19 13:45:00+00	\N	{"no_show": "2017-04-19T22:33:49.869Z", "order_paid": "2017-04-19T20:27:59.415Z", "order_accepted": "2017-04-19T20:27:51.620Z", "order_requested": "2017-04-19T13:16:38.087Z"}	\N	1492633679	f	f	\N	\N	\N	\N	\N	{"1496425061681201789": {"title": "Chicken Pesto Panini", "options": ["Salad"], "quantity": 1, "selections": {}}, "1496425063602193022": {"title": "Cuban BLT Pomegranite Basil", "options": [], "quantity": 1, "selections": {"Bread": "Pomegranite Basil"}}}	\N	Dirk N	9019	2096	Classy Cuban	1094	2017-04-19 13:16:35.319744+00	2017-04-19 22:33:49.748528+00
901	1493512492238766832	R$12.60	\N	\N	\N	2017-04-15 13:20:00+00	\N	{"order_accepted": "2017-04-15T13:06:08.150Z", "order_requested": "2017-04-15T12:50:04.153Z"}	\N	\N	f	f	\N	\N	\N	\N	\N	{"1493512494956675825": {"title": "Mongolian Beef with Cashews Pork Fried Rice", "options": [], "quantity": 1, "selections": {"Rice": "Pork Fried Rice"}}}	\N	Bob S	9009	2094	Thaitanic Xpress	1092	2017-04-15 12:50:01.369331+00	2017-04-15 13:06:08.045327+00
828	1489987365752538029	R$17.60	\N	\N	\N	2017-04-10 16:35:00+00	\N	{"order_paid": "2017-04-10T16:21:18.569Z", "order_cooking": "2017-04-12T11:54:12.458Z", "order_accepted": "2017-04-10T16:09:38.066Z", "order_delivered": "2017-04-15T14:19:30.295Z", "order_requested": "2017-04-10T16:06:35.785Z"}	\N	\N	f	t	2017-04-10 16:50:00+00	2	{"city": "Natal", "phone": "Bob / 555-9988", "state": "RN", "address1": "Av. Engenheiro Roberto Freire, 2610 - Ponta Negra, Natal - RN, 59090-000", "address2": "Apt 67", "nickname": "Camarões"}	9	\N	{"1489987368185234350": {"title": "Chicken Pesto Panini", "options": ["Curly Fries"], "quantity": 1, "selections": {}}, "1489987370089448367": {"title": "Delivery Charge", "options": [], "quantity": 1, "selections": {}}}	\N	Stacy B	9008	2096	Classy Cuban	1094	2017-04-10 16:06:30.501354+00	2017-04-15 14:19:30.161576+00
902	1493558976711754482	R$24.60	\N	\N	\N	2017-04-15 14:55:00+00	\N	{"order_paid": "2017-04-15T14:22:45.680Z", "order_ready": "2017-04-16T17:45:32.348Z", "order_cooking": "2017-04-16T16:46:28.126Z", "order_accepted": "2017-04-15T14:22:38.798Z", "order_picked_up": "2017-04-16T17:52:09.166Z", "order_requested": "2017-04-15T14:22:15.062Z"}	\N	1492266170	f	f	\N	\N	\N	\N	\N	{"1493558982759940851": {"title": "Panang Curry", "options": ["Bamboo Shoots", "Miso Soup"], "quantity": 1, "selections": {}}, "1493558985343632116": {"title": "Pad Thai", "options": [], "quantity": 2, "selections": {}}}	\N	Stacy B	9008	2094	Thaitanic Xpress	1092	2017-04-15 14:22:12.432774+00	2017-04-16 17:52:09.027958+00
942	1495633972477035274	R$12.60	\N	\N	\N	2017-04-19 08:05:00+00	\N	{"order_paid": "2017-04-18T11:05:52.875Z", "order_ready": "2017-04-19T22:37:33.814Z", "order_cooking": "2017-04-19T22:37:06.884Z", "order_accepted": "2017-04-18T11:05:46.945Z", "order_picked_up": "2017-04-19T22:38:24.952Z", "order_requested": "2017-04-18T11:05:13.538Z"}	\N	1492556777	f	f	\N	\N	\N	\N	\N	{"1495633975102669579": {"title": "Mongolian Beef with Cashews Pork Fried Rice", "options": [], "quantity": 1, "selections": {"Rice": "Pork Fried Rice"}}}	\N	Stacy B	9008	2094	Thaitanic Xpress	1092	2017-04-18 11:05:10.317357+00	2017-04-19 22:38:24.408016+00
971	1497025906189796076	R$25.60	\N	\N	\N	2017-04-21 06:10:00+00	\N	{"order_paid": "2017-04-20T09:11:32.805Z", "order_ready": "2017-04-20T09:12:24.771Z", "order_cooking": "2017-04-20T09:11:47.455Z", "order_accepted": "2017-04-20T09:10:50.636Z", "order_picked_up": "2017-04-20T09:14:16.384Z", "order_requested": "2017-04-20T09:10:26.981Z"}	\N	1492722716	t	f	\N	\N	\N	\N	\N	{"1497025908639269613": {"title": "Cuban Reuben", "options": [], "quantity": 1, "selections": {}}, "1497025910493151982": {"title": "Pork Plate", "options": [], "quantity": 1, "selections": {}}}	\N	Stacy B	9008	2096	Classy Cuban	1094	2017-04-20 09:10:22.872309+00	2017-04-20 09:14:16.268786+00
977	1497387343626109878	R$37.60	\N	\N	\N	2017-04-17 15:40:34+00	\N	{"no_show": "2017-04-21T17:53:32.509Z", "order_paid": "2017-04-20T21:11:37.050Z", "order_ready": "2017-04-21T17:50:42.136Z", "order_cooking": "2017-04-21T14:22:44.204Z", "order_accepted": "2017-04-20T21:10:47.721Z", "order_requested": "2017-04-20T21:09:54.136Z"}	\N	\N	f	f	\N	\N	\N	\N	\N	{"1497387346302075831": {"title": "Chicken Pesto Panini", "options": ["Salad"], "quantity": 3, "selections": {}}}	\N	Stacy B	9008	2096	Classy Cuban	1094	2017-04-20 21:09:51.606083+00	2017-04-21 17:53:32.380555+00
963	1496702701218562797	R$30.60	\N	\N	\N	2017-04-19 23:35:00+00	\N	{"no_show": "2017-04-20T09:15:45.143Z", "order_paid": "2017-04-19T22:29:31.340Z", "order_accepted": "2017-04-19T22:29:24.991Z", "order_requested": "2017-04-19T22:28:17.169Z"}	\N	1492640971	f	t	2017-04-19 23:50:00+00	2	{"city": "Natal", "phone": "Bob / 555-9988", "state": "RN", "address1": "Av. Engenheiro Roberto Freire, 2610 - Ponta Negra, Natal - RN, 59090-000", "address2": "Apt 67", "nickname": "Camarões"}	5	\N	{"1496702703844197102": {"title": "Pork Plate", "options": [], "quantity": 1, "selections": {}}, "1496702705891017455": {"title": "Chicken Pesto Panini", "options": ["Salad"], "quantity": 1, "selections": {}}, "1496702707853951728": {"title": "Delivery Charge", "options": [], "quantity": 1, "selections": {}}}	\N	Stacy B	9008	2096	Classy Cuban	1094	2017-04-19 22:28:13.835555+00	2017-04-20 09:15:45.032728+00
1044	1501043294648402926	R$28.60	\N	\N	\N	2017-04-25 23:10:00+00	\N	{"order_declined": "2017-04-25T22:12:52.351Z", "order_requested": "2017-04-25T22:12:11.690Z"}	\N	\N	f	f	\N	\N	\N	\N	\N	{"1501043297190151151": {"title": "Chicken Pesto Panini", "options": [], "quantity": 1, "selections": {}}, "1501043299136308208": {"title": "Cuban BLT Pomegranite Basil", "options": [], "quantity": 2, "selections": {"Bread": "Pomegranite Basil"}}}	\N	Marcy J	9018	2096	Classy Cuban	1094	2017-04-25 22:12:08.900632+00	2017-04-25 22:12:52.23143+00
1034	1500849166186709838	R$21.60	\N	\N	\N	2017-04-25 16:15:00+00	\N	{"order_accepted": "2017-04-25T15:47:02.922Z", "order_requested": "2017-04-25T15:46:32.177Z"}	\N	\N	f	f	\N	\N	\N	\N	\N	{"1500849168736846671": {"title": "Frango frito", "options": [], "quantity": 1, "selections": {}}}	\N	d n	9020	2136	Soul Man	1112	2017-04-25 15:46:29.718429+00	2017-04-25 15:47:02.835795+00
1055	1501339046004129959	R$11.60	\N	\N	\N	2017-04-26 17:00:00+00	\N	{"order_declined": "2017-04-26T10:09:11.643Z", "order_requested": "2017-04-26T07:59:51.808Z"}	\N	\N	f	f	\N	\N	\N	\N	\N	{"1501339048344551592": {"title": "French Dip", "options": [], "quantity": 1, "selections": {}}}	\N	Stacy B	9008	2132	Crazy Jack's	1109	2017-04-26 07:59:49.195537+00	2017-04-26 10:09:11.546839+00
947	1495867186726568445	R$11.60	\N	\N	\N	2017-04-18 19:50:00+00	\N	{"order_declined": "2017-04-26T10:09:45.956Z", "order_requested": "2017-04-18T18:48:20.442Z"}	\N	\N	f	f	\N	\N	\N	\N	\N	{"1495867189259928062": {"title": "French Dip", "options": [], "quantity": 1, "selections": {}}}	\N	Bob S	9009	2132	Crazy Jack's	1109	2017-04-18 18:48:18.158944+00	2017-04-26 10:09:45.873871+00
949	1495892336645767693	R$12.60	\N	\N	\N	2017-04-18 20:45:00+00	\N	{"order_paid": "2017-04-18T19:39:03.736Z", "order_ready": "2017-04-18T19:42:47.119Z", "order_cooking": "2017-04-18T19:42:25.728Z", "order_accepted": "2017-04-18T19:38:52.081Z", "order_picked_up": "2017-04-18T19:44:39.414Z", "order_requested": "2017-04-18T19:38:24.795Z"}	\N	1492544343	f	f	\N	\N	\N	\N	\N	{"1495892339237847566": {"title": "Mongolian Beef with Cashews Pork Fried Rice", "options": [], "quantity": 1, "selections": {"Rice": "Pork Fried Rice"}}}	\N	Bob S	9009	2094	Thaitanic Xpress	1092	2017-04-18 19:38:22.530216+00	2017-04-18 19:44:39.018009+00
936	1495565414581666532	R$23.60	\N	\N	\N	2017-04-19 05:50:00+00	\N	{"order_paid": "2017-04-18T09:17:43.300Z", "order_accepted": "2017-04-18T09:14:42.755Z", "order_picked_up": "2017-04-19T22:30:10.627Z", "order_requested": "2017-04-18T08:48:42.362Z"}	\N	1492550287	f	f	\N	\N	\N	\N	\N	{"1495565417014362853": {"title": "Cuban Reuben", "options": [], "quantity": 1, "selections": {}}, "1495565419648385766": {"title": "Cuban Sausage Melt", "options": [], "quantity": 1, "selections": {}}}	\N	Stacy B	9008	2096	Classy Cuban	1094	2017-04-18 08:48:39.745477+00	2017-04-19 22:30:10.531193+00
904	1494297769446212452	R$11.60	\N	\N	\N	2017-04-16 15:25:34+00	\N	{"order_accepted": "2017-04-17T09:30:28.002Z", "order_requested": "2017-04-16T14:53:22.272Z"}	\N	\N	f	f	\N	\N	\N	\N	\N	{"1494297771987960677": {"title": "Cuban BLT Pomegranite Basil", "options": [], "quantity": 1, "selections": {"Bread": "Pomegranite Basil"}}}	\N	Jimmy C	9011	2096	Classy Cuban	1094	2017-04-16 14:53:19.949249+00	2017-04-17 09:30:27.926654+00
946	1495858385877205494	R$65.60	\N	\N	\N	2017-04-18 19:40:00+00	\N	{"order_paid": "2017-04-18T18:40:10.966Z", "order_ready": "2017-04-21T14:25:15.706Z", "order_cooking": "2017-04-20T19:55:28.208Z", "order_accepted": "2017-04-18T18:40:03.602Z", "order_delivered": "2017-04-21T14:25:55.815Z", "order_requested": "2017-04-18T18:30:51.913Z", "order_dispatched": "2017-04-21T14:25:34.577Z"}	\N	1492540811	f	t	2017-04-18 19:55:00+00	6	{"city": null, "phone": "Bob / 444-3636", "state": null, "address1": "Av. Engenheiro Roberto Freire, 701, Natal-RN, 59078-600", "address2": null, "nickname": "Ponta Negra Fiat"}	\N	\N	{"1495858388402176503": {"title": "Pork Plate", "options": [], "quantity": 1, "selections": {}}, "1495858390323167736": {"title": "Chicken Pesto Panini", "options": [], "quantity": 1, "selections": {}}, "1495858392319656441": {"title": "Delivery Charge", "options": [], "quantity": 2, "selections": {}}, "1495858395020788218": {"title": "Cuban BLT Pomegranite Basil", "options": [], "quantity": 2, "selections": {"Bread": "Pomegranite Basil"}}, "1495858396983722491": {"title": "Cuban Reuben", "options": ["Onion Rings"], "quantity": 1, "selections": {}}}	\N	Bob S	9009	2096	Classy Cuban	1094	2017-04-18 18:30:47.681072+00	2017-04-21 14:25:55.716356+00
905	1494301297585685350	R$21.60	\N	\N	\N	2017-03-11 14:05:34+00	\N	{"order_accepted": "2017-04-17T10:40:30.935Z", "order_requested": "2017-04-16T15:06:39.315Z"}	\N	\N	f	t	2017-03-11 14:25:34+00	14	{"city": "Natal", "phone": "Marcy / 555-9988", "state": "RN", "address1": "Av. Engenheiro Roberto Freire, 2610 - Ponta Negra, Natal - RN, 59090-000", "address2": null, "nickname": "Home"}	\N	\N	{"1494301300102267751": {"title": "Cuban BLT Pomegranite Basil", "options": [], "quantity": 2, "selections": {"Bread": "Pomegranite Basil"}}}	\N	Marcy J	9018	2096	Classy Cuban	1094	2017-04-16 15:06:36.577981+00	2017-04-17 10:40:30.845582+00
964	1496716232177484541	R$25.60	\N	\N	\N	2017-04-19 23:55:00+00	\N	{"no_show": "2017-04-20T09:15:49.945Z", "order_paid": "2017-04-19T22:56:40.123Z", "order_accepted": "2017-04-19T22:56:34.518Z", "order_requested": "2017-04-19T22:55:45.665Z"}	\N	1492642599	f	t	2017-04-20 00:10:00+00	6	{"city": null, "phone": "Bob / 444-3636", "state": null, "address1": "Av. Engenheiro Roberto Freire, 701, Natal-RN, 59078-600", "address2": null, "nickname": "Ponta Negra Fiat"}	\N	\N	{"1496716234853450494": {"title": "Cuban Reuben", "options": [], "quantity": 1, "selections": {}}, "1496716237604913919": {"title": "Chicken Pesto Panini", "options": [], "quantity": 1, "selections": {}}, "1496716240121496320": {"title": "Delivery Charge", "options": [], "quantity": 1, "selections": {}}}	\N	Bob S	9009	2096	Classy Cuban	1094	2017-04-19 22:55:41.828007+00	2017-04-20 09:15:49.765733+00
981	1497939091231080525	R$18.60	\N	\N	\N	2017-04-21 15:55:00+00	\N	{"order_paid": "2017-04-21T15:26:15.701Z", "order_ready": "2017-04-21T15:48:08.168Z", "order_accepted": "2017-04-21T15:26:06.255Z", "order_delivered": "2017-04-21T18:00:21.110Z", "order_requested": "2017-04-21T15:24:56.725Z", "order_dispatched": "2017-04-21T18:00:07.760Z"}	\N	1492788375	f	t	2017-04-21 16:10:00+00	6	{"city": "Natal-RN, 59078-600", "phone": "Bob / 444-3636", "state": null, "address1": "Av. Engenheiro Roberto Freire, 701", "address2": "Apt 2009", "nickname": "Ponta Negra Fiat"}	\N	\N	{"1497939093907046478": {"title": "Pork Plate", "options": [], "quantity": 1, "selections": {}}, "1497939095895146575": {"title": "Delivery Charge", "options": [], "quantity": 1, "selections": {}}}	\N	Bob S	9009	2096	Classy Cuban	1094	2017-04-21 15:24:53.749428+00	2017-04-21 18:00:21.01362+00
987	1498873678010515725	R$13.60	\N	\N	\N	2017-04-22 22:55:00+00	\N	{"order_paid": "2017-04-22T22:23:01.011Z", "order_ready": "2017-04-22T22:23:37.043Z", "order_cooking": "2017-04-22T22:23:31.076Z", "order_accepted": "2017-04-22T22:22:54.543Z", "order_picked_up": "2017-04-22T22:23:56.377Z", "order_requested": "2017-04-22T22:21:56.277Z"}	\N	1492899779	f	f	\N	\N	\N	\N	\N	{"1498873680552263950": {"title": "Chicken Pesto Panini", "options": ["Salad"], "quantity": 1, "selections": {}}}	\N	Bob S	9009	2096	Classy Cuban	1094	2017-04-22 22:21:53.840186+00	2017-04-22 22:23:56.272223+00
1025	1500320949130494702	R$5.60	\N	\N	\N	2017-04-24 22:50:00+00	\N	{"order_declined": "2017-04-26T11:16:56.204Z", "order_requested": "2017-04-24T22:17:03.276Z"}	\N	\N	f	f	\N	\N	\N	\N	\N	{"1500320951680631535": {"title": "Panang Curry", "options": [], "quantity": 1, "selections": {}}}	\N	Stacy B	9008	2094	Thaitanic Xpress	1092	2017-04-24 22:17:00.596148+00	2017-04-26 11:16:56.104401+00
1008	1499897366906405538	R$11.60	\N	\N	\N	2017-04-24 17:15:00+00	\N	{"order_declined": "2017-04-24T08:16:55.395Z", "order_requested": "2017-04-24T08:15:28.849Z"}	\N	\N	f	f	\N	\N	\N	\N	\N	{"1499897369313936035": {"title": "Cuban Sausage Melt", "options": [], "quantity": 1, "selections": {}}}	\N	Stacy B	9008	2096	Classy Cuban	1094	2017-04-24 08:15:26.554052+00	2017-04-24 08:16:55.303511+00
900	1493501762454160106	R$62.60	\N	\N	\N	2017-04-15 13:00:00+00	\N	{"order_paid": "2017-04-15T12:38:53.356Z", "order_ready": "2017-04-15T14:27:42.032Z", "order_cooking": "2017-04-15T12:42:03.248Z", "order_accepted": "2017-04-15T12:34:01.552Z", "order_delivered": "2017-04-16T15:16:40.627Z", "order_requested": "2017-04-15T12:29:29.935Z", "order_dispatched": "2017-04-15T14:28:29.782Z"}	\N	\N	f	t	2017-04-15 13:15:00+00	2	{"city": "Natal", "phone": "Bob / 555-9988", "state": "RN", "address1": "Av. Engenheiro Roberto Freire, 2610 - Ponta Negra, Natal - RN, 59090-000", "address2": "Apt 67", "nickname": "Camarões"}	6	\N	{"1493501765021074155": {"title": "Cuban BLT Pomegranite Basil", "options": [], "quantity": 1, "selections": {"Bread": "Pomegranite Basil"}}, "1493501766916899564": {"title": "Chicken Pesto Panini", "options": ["Curly Fries"], "quantity": 1, "selections": {}}, "1493501768829502189": {"title": "Cuban Reuben", "options": ["Onion Rings"], "quantity": 1, "selections": {}}, "1493501770775659246": {"title": "Cuban Sausage Melt", "options": [], "quantity": 2, "selections": {}}, "1493501772730204911": {"title": "Delivery Charge", "options": [], "quantity": 1, "selections": {}}}	\N	Stacy B	9008	2096	Classy Cuban	1094	2017-04-15 12:29:25.747892+00	2017-04-16 15:16:40.49936+00
906	1494351253860254575	R$62.60	\N	\N	\N	2017-04-16 17:05:00+00	\N	{"order_declined": "2017-04-16T16:55:53.503Z", "order_requested": "2017-04-16T16:36:57.023Z"}	\N	\N	f	t	2017-04-16 17:20:00+00	2	{"city": "Natal", "phone": "Bob / 555-9988", "state": "RN", "address1": "Av. Engenheiro Roberto Freire, 2610 - Ponta Negra, Natal - RN, 59090-000", "address2": "Apt 67", "nickname": "Camarões"}	\N	\N	{"1494351256385225584": {"title": "Cuban Reuben", "options": ["Onion Rings"], "quantity": 1, "selections": {}}, "1494351258272662385": {"title": "Cuban Sausage Melt", "options": [], "quantity": 2, "selections": {}}, "1494351260176876402": {"title": "Cuban BLT Pomegranite Basil", "options": [], "quantity": 1, "selections": {"Bread": "Pomegranite Basil"}}, "1494351262106256243": {"title": "Chicken Pesto Panini", "options": ["Curly Fries"], "quantity": 1, "selections": {}}, "1494351264052413300": {"title": "Delivery Charge", "options": [], "quantity": 1, "selections": {}}}	\N	Stacy B	9008	2096	Classy Cuban	1094	2017-04-16 16:36:52.853643+00	2017-04-16 16:55:53.309942+00
922	1494990471032734280	R$13.60	\N	\N	\N	2017-04-17 22:50:00+00	\N	{"order_paid": "2017-04-17T13:47:27.289Z", "order_ready": "2017-04-17T13:47:42.825Z", "order_cooking": "2017-04-17T13:47:37.066Z", "order_accepted": "2017-04-17T13:47:17.884Z", "order_picked_up": "2017-04-17T13:48:09.990Z", "order_requested": "2017-04-17T13:46:37.900Z"}	\N	1492436844	f	f	\N	\N	\N	\N	\N	{"1494990473431876169": {"title": "Cuban Reuben", "options": [], "quantity": 1, "selections": {}}}	\N	Stacy B	9008	2096	Classy Cuban	1094	2017-04-17 13:46:35.389446+00	2017-04-17 13:48:09.884935+00
909	1494432808771257281	R$25.60	\N	\N	\N	2017-04-17 15:40:34+00	\N	{"order_accepted": "2017-04-16T19:21:36.957Z", "order_requested": "2017-04-16T19:21:10.685Z"}	\N	\N	f	f	\N	\N	\N	\N	\N	{"1494432811313005506": {"title": "Chicken Pesto Panini", "options": ["Salad"], "quantity": 2, "selections": {}}}	\N	Dirk N	9019	2096	Classy Cuban	1094	2017-04-16 19:21:08.27141+00	2017-04-16 19:21:36.876291+00
965	1496926018848424635	R$13.60	\N	\N	\N	2017-04-20 03:00:00+00	\N	{"order_paid": "2017-04-20T05:58:35.276Z", "order_ready": "2017-04-20T06:00:01.033Z", "order_cooking": "2017-04-20T05:59:25.673Z", "order_accepted": "2017-04-20T05:58:22.213Z", "order_picked_up": "2017-04-20T06:00:34.462Z", "order_requested": "2017-04-20T05:52:13.890Z"}	\N	1492711138	t	f	\N	\N	\N	\N	\N	{"1496926021281120956": {"title": "Pork Plate", "options": [], "quantity": 1, "selections": {}}}	\N	Dirk N	9019	2096	Classy Cuban	1094	2017-04-20 05:52:11.70562+00	2017-04-20 06:00:34.371467+00
950	1496383029294137559	R$13.60	\N	\N	\N	2017-04-20 08:55:00+00	\N	{"order_declined": "2017-04-19T12:02:40.571Z", "order_requested": "2017-04-19T11:53:36.834Z"}	\N	\N	f	f	\N	\N	\N	\N	\N	{"1496383032196595928": {"title": "Pork Plate", "options": [], "quantity": 1, "selections": {}}}	\N	Stacy B	9008	2096	Classy Cuban	1094	2017-04-19 11:53:34.67119+00	2017-04-19 12:02:40.480235+00
907	1494364991145378682	R$13.60	\N	\N	\N	2017-04-16 15:52:34+00	\N	{"no_show": "2017-04-17T09:19:09.327Z", "order_paid": "2017-04-16T17:06:13.607Z", "order_ready": "2017-04-17T09:05:20.837Z", "order_cooking": "2017-04-17T09:05:16.397Z", "order_accepted": "2017-04-16T17:05:45.735Z", "order_requested": "2017-04-16T17:05:17.522Z"}	\N	\N	f	f	\N	\N	\N	\N	\N	{"1494364993712292731": {"title": "Chicken Pesto Panini", "options": ["Salad"], "quantity": 1, "selections": {}}}	\N	Bob S	9009	2096	Classy Cuban	1094	2017-04-16 17:05:14.957645+00	2017-04-17 09:19:09.223136+00
1060	1501400563810566352	R$11.60	\N	\N	\N	2017-04-26 19:05:00+00	\N	{"order_declined": "2017-04-26T10:09:38.207Z", "order_requested": "2017-04-26T10:02:37.431Z"}	\N	\N	f	f	\N	\N	\N	\N	\N	{"1501400566696247505": {"title": "French Dip", "options": [], "quantity": 1, "selections": {}}}	\N	Stacy B	9008	2132	Crazy Jack's	1109	2017-04-26 10:02:35.086968+00	2017-04-26 10:09:38.091069+00
973	1497089428068238105	R$13.60	\N	\N	\N	2017-04-21 08:20:00+00	\N	{"order_paid": "2017-04-20T11:24:38.366Z", "order_ready": "2017-04-20T11:27:54.629Z", "order_cooking": "2017-04-20T11:26:50.358Z", "order_accepted": "2017-04-20T11:24:20.959Z", "order_picked_up": "2017-04-20T11:28:29.944Z", "order_requested": "2017-04-20T11:16:59.955Z"}	\N	1492730702	f	f	\N	\N	\N	\N	\N	{"1497089431088136986": {"title": "Pork Plate", "options": [], "quantity": 1, "selections": {}}}	\N	Dirk N	9019	2096	Classy Cuban	1094	2017-04-20 11:16:57.377239+00	2017-04-20 11:28:29.846658+00
1073	1501727338746872001	R$10.60	\N	\N	\N	2017-04-26 21:20:00+00	\N	{"order_accepted": "2017-04-26T20:51:52.640Z", "order_requested": "2017-04-26T20:51:22.343Z"}	\N	\N	f	f	\N	\N	\N	\N	\N	{"1501727342186201284": {"title": "Green Curry Spicy", "options": [], "quantity": 1, "selections": {"Sauce": "Spicy"}}}	\N	d n	9020	2094	Thaitanic Xpress	1092	2017-04-26 20:51:19.842014+00	2017-04-26 20:51:52.532666+00
979	1497892414356979746	R$23.60	\N	\N	\N	2017-04-21 14:25:00+00	\N	{"order_accepted": "2017-04-22T06:24:02.126Z", "order_requested": "2017-04-21T13:52:33.809Z"}	\N	\N	f	f	\N	\N	\N	\N	\N	{"1497892416898727971": {"title": "Panang Curry", "options": ["Miso Soup"], "quantity": 1, "selections": {}}, "1497892418794553380": {"title": "Pad Thai", "options": [], "quantity": 2, "selections": {}}}	\N	Stacy B	9008	2094	Thaitanic Xpress	1092	2017-04-21 13:52:31.14242+00	2017-04-22 06:24:02.00602+00
982	1498019481971064965	R$13.60	\N	\N	\N	2017-04-21 18:35:00+00	\N	{"order_paid": "2017-04-21T18:05:39.647Z", "order_ready": "2017-04-21T18:05:56.306Z", "order_cooking": "2017-04-21T18:05:50.056Z", "order_accepted": "2017-04-21T18:05:29.594Z", "order_picked_up": "2017-04-21T18:07:35.138Z", "order_requested": "2017-04-21T18:05:06.746Z"}	\N	1492797940	f	f	\N	\N	\N	\N	\N	{"1498019484571533446": {"title": "Pork Plate", "options": [], "quantity": 1, "selections": {}}}	\N	Stacy B	9008	2096	Classy Cuban	1094	2017-04-21 18:05:04.451703+00	2017-04-21 18:07:35.047281+00
1045	1501045531672052721	R$11.60	\N	\N	\N	2017-04-25 22:50:00+00	\N	{"order_declined": "2017-04-25T22:16:55.760Z", "order_requested": "2017-04-25T22:16:40.840Z"}	\N	\N	f	f	\N	\N	\N	\N	\N	{"1501045534205412338": {"title": "Cuban BLT Pomegranite Basil", "options": [], "quantity": 1, "selections": {"Bread": "Pomegranite Basil"}}}	\N	Marcy J	9018	2096	Classy Cuban	1094	2017-04-25 22:16:38.636559+00	2017-04-25 22:16:55.653909+00
1071	1501489240649761076	R$14.60	\N	\N	\N	2017-04-26 22:00:00+00	\N	{"order_accepted": "2017-04-27T05:23:16.283Z", "order_requested": "2017-04-26T12:58:13.312Z"}	\N	\N	f	f	\N	\N	\N	\N	\N	{"1501489243124400437": {"title": "French Dip", "options": ["French Fries"], "quantity": 1, "selections": {}}}	\N	Stacy B	9008	2132	Crazy Jack's	1109	2017-04-26 12:58:11.079486+00	2017-04-27 05:23:16.112396+00
938	1495606760168227567	R$13.60	\N	\N	\N	2017-04-19 07:10:00+00	\N	{"order_declined": "2017-04-19T12:02:05.013Z", "order_requested": "2017-04-18T10:11:04.282Z"}	\N	\N	f	f	\N	\N	\N	\N	\N	{"1495606762626089712": {"title": "Pork Plate", "options": [], "quantity": 1, "selections": {}}}	\N	Stacy B	9008	2096	Classy Cuban	1094	2017-04-18 10:11:01.767381+00	2017-04-19 12:02:04.918638+00
911	1494785261656080904	R$18.60	\N	\N	\N	2017-04-17 16:00:00+00	\N	{"no_show": "2017-04-17T08:50:56.614Z", "order_paid": "2017-04-17T06:59:25.753Z", "order_ready": "2017-04-17T08:50:43.485Z", "order_cooking": "2017-04-17T08:50:39.245Z", "order_accepted": "2017-04-17T06:59:18.257Z", "order_requested": "2017-04-17T06:58:41.431Z", "order_dispatched": "2017-04-17T08:50:48.093Z"}	\N	1492412365	f	t	2017-04-17 16:15:00+00	12	{"city": null, "phone": "546538497", "state": null, "address1": "17 Gyaneshwar", "address2": "Ind", "nickname": "Ashley"}	\N	\N	{"1494785264013279753": {"title": "Cuban Reuben", "options": [], "quantity": 1, "selections": {}}, "1494785265774887434": {"title": "Delivery Charge", "options": [], "quantity": 1, "selections": {}}}	\N	Stacy B	9008	2096	Classy Cuban	1094	2017-04-17 06:58:38.719892+00	2017-04-17 08:50:56.525359+00
921	1494948945938350218	R$18.60	\N	\N	\N	2017-04-17 12:55:00+00	\N	{"order_paid": "2017-04-17T12:26:44.243Z", "order_ready": "2017-04-20T05:59:41.509Z", "order_cooking": "2017-04-17T13:49:58.417Z", "order_accepted": "2017-04-17T12:25:00.509Z", "order_delivered": "2017-04-20T06:00:51.770Z", "order_requested": "2017-04-17T12:24:24.329Z", "order_dispatched": "2017-04-20T05:59:51.154Z"}	\N	1492432041	f	t	2017-04-17 13:10:00+00	2	{"city": "Natal", "phone": "Bob / 555-9988", "state": "RN", "address1": "Av. Engenheiro Roberto Freire, 2610 - Ponta Negra, Natal - RN, 59090-000", "address2": "Apt 67", "nickname": "Camarões"}	\N	\N	{"1494948948412989579": {"title": "Pork Plate", "options": [], "quantity": 1, "selections": {}}, "1494948950359146636": {"title": "Delivery Charge", "options": [], "quantity": 1, "selections": {}}}	\N	Stacy B	9008	2096	Classy Cuban	1094	2017-04-17 12:24:21.760535+00	2017-04-20 06:00:51.674127+00
910	1494779706258489862	R$11.60	\N	\N	\N	2017-04-17 15:50:00+00	\N	{"order_paid": "2017-04-17T06:48:57.545Z", "order_ready": "2017-04-17T08:51:14.289Z", "order_cooking": "2017-04-17T08:50:32.973Z", "order_accepted": "2017-04-17T06:48:38.617Z", "order_picked_up": "2017-04-17T08:51:44.021Z", "order_requested": "2017-04-17T06:47:52.108Z"}	\N	1492411737	t	f	\N	\N	\N	\N	\N	{"1494779708716352007": {"title": "Cuban Sausage Melt", "options": [], "quantity": 1, "selections": {}}}	\N	Stacy B	9008	2096	Classy Cuban	1094	2017-04-17 06:47:49.970638+00	2017-04-17 08:51:43.889476+00
974	1497090677559788323	R$25.60	\N	\N	\N	2017-04-21 08:20:00+00	\N	{"order_paid": "2017-04-20T11:28:50.496Z", "order_ready": "2017-04-20T11:29:11.949Z", "order_cooking": "2017-04-20T11:29:05.136Z", "order_accepted": "2017-04-20T11:28:43.746Z", "order_picked_up": "2017-04-20T11:30:24.086Z", "order_requested": "2017-04-20T11:19:08.206Z"}	\N	1492730954	t	f	\N	\N	\N	\N	\N	{"1497090680017650468": {"title": "Cuban Reuben", "options": [], "quantity": 2, "selections": {}}}	\N	Dirk N	9019	2096	Classy Cuban	1094	2017-04-20 11:19:05.957465+00	2017-04-20 11:30:23.999431+00
923	1494995955101991498	R$26.60	\N	\N	\N	2017-04-17 23:00:00+00	\N	{"order_paid": "2017-04-17T13:58:33.999Z", "order_ready": "2017-04-17T13:59:47.585Z", "order_cooking": "2017-04-17T13:59:35.688Z", "order_accepted": "2017-04-17T13:58:22.218Z", "order_picked_up": "2017-04-17T14:00:37.418Z", "order_requested": "2017-04-17T13:57:14.402Z"}	\N	1492437511	f	f	\N	\N	\N	\N	\N	{"1494995957509521995": {"title": "Cuban Reuben", "options": ["Onion Rings"], "quantity": 1, "selections": {}}, "1494995960076436044": {"title": "Cuban Sausage Melt", "options": [], "quantity": 1, "selections": {}}}	\N	Stacy B	9008	2096	Classy Cuban	1094	2017-04-17 13:57:11.531807+00	2017-04-17 14:00:33.829335+00
912	1494791622720750104	R$25.60	\N	\N	\N	2017-04-17 16:10:00+00	\N	{"order_paid": "2017-04-17T07:11:57.580Z", "order_ready": "2017-04-17T07:18:21.671Z", "order_cooking": "2017-04-17T07:17:54.712Z", "order_accepted": "2017-04-17T07:11:49.022Z", "order_picked_up": "2017-04-17T08:59:02.375Z", "order_requested": "2017-04-17T07:11:23.710Z"}	\N	1492413117	t	f	\N	\N	\N	\N	\N	{"1494791625136669209": {"title": "Pork Plate", "options": [], "quantity": 1, "selections": {}}, "1494791626923442714": {"title": "Cuban Reuben", "options": [], "quantity": 1, "selections": {}}}	\N	Stacy B	9008	2096	Classy Cuban	1094	2017-04-17 07:11:20.996513+00	2017-04-17 08:59:02.244212+00
980	1497906632493891627	R$23.60	\N	\N	\N	2017-04-21 14:50:00+00	\N	{"order_paid": "2017-04-21T14:21:09.259Z", "order_ready": "2017-04-21T14:26:13.452Z", "order_cooking": "2017-04-21T14:23:23.273Z", "order_accepted": "2017-04-21T14:20:57.838Z", "order_picked_up": "2017-04-21T14:27:15.257Z", "order_requested": "2017-04-21T14:20:22.062Z"}	\N	1492784469	f	f	\N	\N	\N	\N	\N	{"1497906635262132268": {"title": "Cuban BLT Pomegranite Basil", "options": [], "quantity": 1, "selections": {"Bread": "Pomegranite Basil"}}, "1497906637216677933": {"title": "Chicken Pesto Panini", "options": ["Salad"], "quantity": 1, "selections": {}}}	\N	Bob S	9009	2096	Classy Cuban	1094	2017-04-21 14:20:19.13408+00	2017-04-21 14:27:15.168197+00
1014	1500025753427771768	R$13.60	\N	\N	\N	2017-04-24 13:00:00+00	\N	{"order_paid": "2017-04-24T22:17:24.526Z", "order_ready": "2017-04-26T13:16:07.449Z", "order_cooking": "2017-04-24T22:17:54.965Z", "order_accepted": "2017-04-24T22:17:17.761Z", "order_requested": "2017-04-24T12:30:33.401Z"}	\N	1493072236	f	f	\N	\N	\N	\N	\N	{"1500025756019851641": {"title": "Pad Thai", "options": [], "quantity": 1, "selections": {}}, "1500025757949231482": {"title": "Panang Curry", "options": [], "quantity": 1, "selections": {}}}	\N	Marcy J	9018	2094	Thaitanic Xpress	1092	2017-04-24 12:30:30.619308+00	2017-04-26 13:16:07.350772+00
984	1498022910076387465	R$11.60	\N	\N	\N	2017-04-21 19:30:00+00	\N	{"order_paid": "2017-04-21T18:12:07.697Z", "order_ready": "2017-04-22T22:17:21.556Z", "order_cooking": "2017-04-22T22:16:52.627Z", "order_accepted": "2017-04-21T18:12:01.186Z", "order_picked_up": "2017-04-22T22:18:32.347Z", "order_requested": "2017-04-21T18:11:20.301Z"}	\N	1492798328	f	f	\N	\N	\N	\N	\N	{"1498022912592969866": {"title": "Cuban Sausage Melt", "options": [], "quantity": 1, "selections": {}}}	\N	Stacy B	9008	2096	Classy Cuban	1094	2017-04-21 18:11:17.499822+00	2017-04-22 22:18:32.233295+00
903	1493572729306088181	R$62.60	\N	\N	\N	2017-04-15 15:20:00+00	\N	{"order_paid": "2017-04-16T16:38:37.966Z", "order_ready": "2017-04-16T19:49:45.202Z", "order_accepted": "2017-04-16T16:38:26.551Z", "order_delivered": "2017-04-17T08:50:18.821Z", "order_requested": "2017-04-15T14:49:45.003Z", "order_dispatched": "2017-04-17T08:50:10.103Z"}	\N	1492360722	f	t	2017-04-15 15:35:00+00	2	{"city": "Natal", "phone": "Bob / 555-9988", "state": "RN", "address1": "Av. Engenheiro Roberto Freire, 2610 - Ponta Negra, Natal - RN, 59090-000", "address2": "Apt 67", "nickname": "Camarões"}	5	\N	{"1493572731797504758": {"title": "Cuban Reuben", "options": ["Onion Rings"], "quantity": 1, "selections": {}}, "1493572733752050423": {"title": "Cuban Sausage Melt", "options": [], "quantity": 2, "selections": {}}, "1493572735647875832": {"title": "Cuban BLT Pomegranite Basil", "options": [], "quantity": 1, "selections": {"Bread": "Pomegranite Basil"}}, "1493572737644364537": {"title": "Chicken Pesto Panini", "options": ["Curly Fries"], "quantity": 1, "selections": {}}, "1493572739666019066": {"title": "Delivery Charge", "options": [], "quantity": 1, "selections": {}}}	\N	Stacy B	9008	2096	Classy Cuban	1094	2017-04-15 14:49:40.793631+00	2017-04-17 08:50:18.709587+00
916	1494880162641084978	R$13.60	\N	\N	\N	2017-04-17 05:05:00+00	\N	{"order_paid": "2017-04-17T10:07:50.147Z", "order_ready": "2017-04-17T10:09:52.162Z", "order_cooking": "2017-04-17T10:09:45.230Z", "order_accepted": "2017-04-17T10:07:43.777Z", "order_picked_up": "2017-04-17T10:11:30.063Z", "order_requested": "2017-04-17T10:07:18.689Z"}	\N	1492373203	f	f	\N	\N	\N	\N	\N	{"1494880165023449651": {"title": "Cuban Reuben", "options": [], "quantity": 1, "selections": {}}}	\N	Stacy B	9008	2096	Classy Cuban	1094	2017-04-17 10:07:16.408077+00	2017-04-17 10:11:29.957532+00
917	1494897484638454324	R$13.60	\N	\N	\N	2017-04-17 09:40:00+00	\N	{"order_paid": "2017-04-17T10:43:23.640Z", "order_ready": "2017-04-17T10:44:25.607Z", "order_cooking": "2017-04-17T10:44:15.365Z", "order_accepted": "2017-04-17T10:43:14.615Z", "order_picked_up": "2017-04-17T10:44:58.658Z", "order_requested": "2017-04-17T10:41:38.028Z"}	\N	1492389728	f	f	\N	\N	\N	\N	\N	{"1494897487012430389": {"title": "Cuban Reuben", "options": [], "quantity": 1, "selections": {}}}	\N	Stacy B	9008	2096	Classy Cuban	1094	2017-04-17 10:41:35.181133+00	2017-04-17 10:44:58.555449+00
920	1494908602052248122	R$12.60	\N	\N	\N	2017-04-17 10:05:00+00	\N	{"order_paid": "2017-04-17T11:05:20.107Z", "order_ready": "2017-04-17T11:07:58.759Z", "order_cooking": "2017-04-17T11:07:37.974Z", "order_accepted": "2017-04-17T11:05:14.200Z", "order_picked_up": "2017-04-17T11:14:48.565Z", "order_requested": "2017-04-17T11:04:10.060Z"}	\N	1492391044	f	f	\N	\N	\N	\N	\N	{"1494908604409446971": {"title": "Mongolian Beef with Cashews Pork Fried Rice", "options": [], "quantity": 1, "selections": {"Rice": "Pork Fried Rice"}}}	\N	Stacy B	9008	2094	Thaitanic Xpress	1092	2017-04-17 11:04:07.663796+00	2017-04-17 11:14:48.359719+00
914	1494872776043921964	R$13.60	\N	\N	\N	2017-04-17 04:50:00+00	\N	{"order_paid": "2017-04-17T09:53:21.899Z", "order_ready": "2017-04-17T09:53:44.261Z", "order_cooking": "2017-04-17T09:53:37.199Z", "order_accepted": "2017-04-17T09:53:05.703Z", "order_picked_up": "2017-04-17T09:54:06.182Z", "order_requested": "2017-04-17T09:52:34.420Z"}	\N	1492372335	t	f	\N	\N	\N	\N	\N	{"1494872778518561325": {"title": "Cuban Reuben", "options": [], "quantity": 1, "selections": {}}}	\N	Stacy B	9008	2096	Classy Cuban	1094	2017-04-17 09:52:28.038977+00	2017-04-17 09:54:06.084871+00
913	1494854394112377377	R$13.60	\N	\N	\N	2017-04-17 18:15:00+00	\N	{"order_paid": "2017-04-17T09:16:29.253Z", "order_ready": "2017-04-17T09:16:49.171Z", "order_cooking": "2017-04-17T09:16:45.828Z", "order_accepted": "2017-04-17T09:16:22.037Z", "order_picked_up": "2017-04-17T09:17:20.329Z", "order_requested": "2017-04-17T09:15:58.346Z"}	\N	1492420588	t	f	\N	\N	\N	\N	\N	{"1494854396503130658": {"title": "Cuban Reuben", "options": [], "quantity": 1, "selections": {}}}	\N	Stacy B	9008	2096	Classy Cuban	1094	2017-04-17 09:15:55.793591+00	2017-04-17 09:17:20.237178+00
919	1494901101739115064	R$13.60	\N	\N	\N	2017-04-17 09:50:00+00	\N	{"order_paid": "2017-04-17T10:50:35.698Z", "order_ready": "2017-04-17T11:42:47.468Z", "order_cooking": "2017-04-17T11:42:41.490Z", "order_accepted": "2017-04-17T10:50:25.727Z", "order_picked_up": "2017-04-17T12:10:46.241Z", "order_requested": "2017-04-17T10:48:45.562Z"}	\N	1492390160	f	f	\N	\N	\N	\N	\N	{"1494901104121479737": {"title": "Cuban Reuben", "options": [], "quantity": 1, "selections": {}}}	\N	Stacy B	9008	2096	Classy Cuban	1094	2017-04-17 10:48:42.49264+00	2017-04-17 12:10:46.106824+00
915	1494876524048810544	R$25.60	\N	\N	\N	2017-04-17 05:00:00+00	\N	{"order_paid": "2017-04-17T10:00:47.326Z", "order_ready": "2017-04-17T10:01:07.125Z", "order_cooking": "2017-04-17T10:00:58.829Z", "order_accepted": "2017-04-17T10:00:20.743Z", "order_picked_up": "2017-04-17T10:01:39.652Z", "order_requested": "2017-04-17T09:59:58.049Z"}	\N	1492372780	f	f	\N	\N	\N	\N	\N	{"1494876526397620785": {"title": "Cuban Reuben", "options": [], "quantity": 2, "selections": {}}}	\N	Stacy B	9008	2096	Classy Cuban	1094	2017-04-17 09:59:55.781948+00	2017-04-17 10:01:39.55222+00
924	1495091093333606601	R$28.60	\N	\N	\N	2017-04-17 18:00:00+00	\N	{"order_requested": "2017-04-17T17:06:39.532Z"}	\N	\N	f	t	2017-04-17 18:15:00+00	2	{"city": "Natal", "phone": "Bob / 555-9988", "state": "RN", "address1": "Av. Engenheiro Roberto Freire, 2610 - Ponta Negra, Natal - RN, 59090-000", "address2": "Apt 67", "nickname": "Camarões"}	\N	\N	{"1495091095942463690": {"title": "Breakfast Burrito Beef", "options": [], "quantity": 1, "selections": {"Meat": "Beef"}}, "1495091097855066315": {"title": "Chimichanga Plate", "options": [], "quantity": 1, "selections": {}}, "1495091099801223372": {"title": "Delivery Charge", "options": [], "quantity": 1, "selections": {}}}	\N	Stacy B	9008	2133	Paco's Tacos	1110	2017-04-17 17:06:35.090426+00	2017-04-17 17:06:35.090426+00
918	1494899780323639862	R$11.60	\N	\N	\N	2017-04-17 09:45:00+00	\N	{"order_paid": "2017-04-17T10:47:29.981Z", "order_ready": "2017-04-17T11:42:29.292Z", "order_cooking": "2017-04-17T11:42:16.478Z", "order_accepted": "2017-04-17T10:47:24.227Z", "order_picked_up": "2017-04-17T11:47:20.209Z", "order_requested": "2017-04-17T10:46:14.800Z"}	\N	1492389974	f	f	\N	\N	\N	\N	\N	{"1494899782764724791": {"title": "Cuban Sausage Melt", "options": [], "quantity": 1, "selections": {}}}	\N	Stacy B	9008	2096	Classy Cuban	1094	2017-04-17 10:46:12.627276+00	2017-04-17 11:47:20.113395+00
927	1495471648055231145	R$13.60	\N	\N	\N	2017-04-18 14:45:00+00	\N	{"order_accepted": "2017-04-18T05:43:11.507Z", "order_requested": "2017-04-18T05:42:43.013Z"}	\N	\N	f	f	\N	\N	\N	\N	\N	{"1495471650429207210": {"title": "Pork Plate", "options": [], "quantity": 1, "selections": {}}}	\N	Stacy B	9008	2096	Classy Cuban	1094	2017-04-18 05:42:40.078675+00	2017-04-18 05:43:11.422003+00
929	1495480863058559663	R$25.60	\N	\N	\N	2017-04-18 03:00:00+00	\N	{"order_accepted": "2017-04-18T06:00:51.847Z", "order_requested": "2017-04-18T06:00:40.081Z"}	\N	\N	f	f	\N	\N	\N	\N	\N	{"1495480866355282608": {"title": "Cuban Reuben", "options": [], "quantity": 2, "selections": {}}}	\N	Stacy B	9008	2096	Classy Cuban	1094	2017-04-18 06:00:37.40287+00	2017-04-18 06:01:20.604955+00
1043	1501040735065998315	R$18.60	\N	\N	\N	2017-04-25 22:40:00+00	\N	{"order_declined": "2017-04-25T22:22:35.637Z", "order_requested": "2017-04-25T22:07:06.980Z"}	\N	\N	f	f	\N	\N	\N	\N	\N	{"1501040737691632620": {"title": "Cuban BLT Pomegranite Basil", "options": [], "quantity": 1, "selections": {"Bread": "Pomegranite Basil"}}, "1501040739662955501": {"title": "Chicken Pesto Panini", "options": [], "quantity": 1, "selections": {}}}	\N	Marcy J	9018	2096	Classy Cuban	1094	2017-04-25 22:07:04.157183+00	2017-04-25 22:22:35.540643+00
994	1499252699277820202	R$16.60	\N	\N	\N	2017-04-23 11:25:00+00	\N	{"order_paid": "2017-04-23T10:55:25.554Z", "order_ready": "2017-04-23T10:56:51.188Z", "order_cooking": "2017-04-23T10:56:34.597Z", "order_accepted": "2017-04-23T10:55:18.106Z", "order_picked_up": "2017-04-23T10:57:42.740Z", "order_requested": "2017-04-23T10:54:46.390Z"}	\N	1492944918	f	f	\N	\N	\N	\N	\N	{"1499252701920231723": {"title": "Cuban Reuben", "options": ["Onion Rings"], "quantity": 1, "selections": {}}}	\N	Marcy J	9018	2096	Classy Cuban	1094	2017-04-23 10:54:44.096797+00	2017-04-23 10:57:42.641176+00
992	1499030354348998943	R$27.60	\N	\N	\N	2017-04-23 04:05:00+00	\N	{"order_paid": "2017-04-23T03:35:32.746Z", "order_ready": "2017-04-23T03:37:08.209Z", "order_cooking": "2017-04-23T03:36:58.117Z", "order_accepted": "2017-04-23T03:35:26.341Z", "order_picked_up": "2017-04-23T10:52:49.358Z", "order_requested": "2017-04-23T03:32:51.874Z"}	\N	1492918537	f	f	\N	\N	\N	\N	\N	{"1499030356882358560": {"title": "Cuban Reuben", "options": ["Onion Rings"], "quantity": 1, "selections": {}}, "1499030358786572577": {"title": "Chicken Pesto Panini", "options": ["Curly Fries"], "quantity": 1, "selections": {}}}	\N	Dirk N	9019	2096	Classy Cuban	1094	2017-04-23 03:32:48.915344+00	2017-04-23 10:52:49.145025+00
996	1499262184243331374	R$22.60	\N	\N	\N	2017-04-23 11:45:00+00	\N	{"order_paid": "2017-04-23T11:13:53.522Z", "order_ready": "2017-04-23T11:14:20.053Z", "order_cooking": "2017-04-23T11:14:15.429Z", "order_accepted": "2017-04-23T11:13:45.332Z", "order_picked_up": "2017-04-23T11:14:30.012Z", "order_requested": "2017-04-23T11:13:28.568Z"}	\N	1492946026	f	f	\N	\N	\N	\N	\N	{"1499262186818634031": {"title": "Full Slab of Ribs", "options": [], "quantity": 1, "selections": {}}, "1499262188848677168": {"title": "Beef Brisket", "options": [], "quantity": 1, "selections": {}}}	\N	Dirk N	9019	2097	Frank's BBQ	1095	2017-04-23 11:13:25.733904+00	2017-04-23 11:14:29.867743+00
995	1499255987687653676	R$9.60	\N	\N	\N	2017-04-23 11:50:00+00	\N	{"order_paid": "2017-04-23T11:09:47.635Z", "order_ready": "2017-04-23T11:10:24.462Z", "order_cooking": "2017-04-23T11:10:02.922Z", "order_accepted": "2017-04-23T11:09:40.819Z", "order_picked_up": "2017-04-23T11:10:58.958Z", "order_requested": "2017-04-23T11:01:07.521Z"}	\N	1492945780	f	f	\N	\N	\N	\N	\N	{"1499255990330065197": {"title": "Pulled Pork Sliders", "options": [], "quantity": 1, "selections": {}}}	\N	Marcy J	9018	2097	Frank's BBQ	1095	2017-04-23 11:01:05.361047+00	2017-04-23 11:10:58.86111+00
997	1499265095207747889	R$12.60	\N	\N	\N	2017-04-23 11:50:00+00	\N	{"order_paid": "2017-04-23T11:19:57.851Z", "order_ready": "2017-04-23T11:21:25.104Z", "order_cooking": "2017-04-23T11:20:42.045Z", "order_accepted": "2017-04-23T11:19:51.404Z", "order_picked_up": "2017-04-23T11:21:47.642Z", "order_requested": "2017-04-23T11:19:14.901Z"}	\N	1492946390	f	f	\N	\N	\N	\N	\N	{"1499265097699164466": {"title": "Mongolian Beef with Cashews Pork Fried Rice", "options": [], "quantity": 1, "selections": {"Rice": "Pork Fried Rice"}}}	\N	Marcy J	9018	2094	Thaitanic Xpress	1092	2017-04-23 11:19:11.554743+00	2017-04-23 11:21:47.54566+00
1036	1500890232776557473	R$39.60	\N	\N	\N	2017-04-25 17:40:00+00	\N	{"order_paid": "2017-04-25T17:09:14.402Z", "order_ready": "2017-04-25T17:12:13.201Z", "order_cooking": "2017-04-25T17:11:49.022Z", "order_accepted": "2017-04-25T17:09:08.165Z", "order_picked_up": "2017-04-25T17:16:46.900Z", "order_requested": "2017-04-25T17:08:09.561Z"}	\N	1493140153	f	f	\N	\N	\N	\N	\N	{"1500890238061380514": {"title": "Ervilha de olhos pretos", "options": [], "quantity": 2, "selections": {}}, "1500890243354592165": {"title": "Rabos de boi", "options": ["extra cebolas grilhada"], "quantity": 1, "selections": {}}}	\N	Dirk N	9019	2136	Soul Man	1112	2017-04-25 17:08:06.842356+00	2017-04-25 17:16:46.790886+00
1035	1500852375072539475	R$33.60	\N	\N	\N	2017-04-25 16:40:00+00	\N	{"order_paid": "2017-04-25T15:54:14.671Z", "order_ready": "2017-04-25T15:55:39.500Z", "order_cooking": "2017-04-25T15:55:21.340Z", "order_accepted": "2017-04-25T15:54:04.760Z", "order_picked_up": "2017-04-25T17:17:49.821Z", "order_requested": "2017-04-25T15:53:09.494Z"}	\N	1493135654	t	f	\N	\N	\N	\N	\N	{"1500852377631064916": {"title": "milho na espiga grilhada", "options": [], "quantity": 1, "selections": {}}, "1500852379593999189": {"title": "Ervilha de olhos pretos", "options": [], "quantity": 1, "selections": {}}, "1500852381548544854": {"title": "Tomates verdes fritos", "options": [], "quantity": 1, "selections": {}}}	\N	Marcy J	9018	2136	Soul Man	1112	2017-04-25 15:53:06.364233+00	2017-04-25 17:17:49.622018+00
1046	1501049622494184435	R$23.60	\N	\N	\N	2017-04-25 23:10:00+00	\N	{"order_accepted": "2017-04-25T22:46:16.088Z", "order_requested": "2017-04-25T22:24:46.973Z"}	\N	\N	f	f	\N	\N	\N	\N	\N	{"1501049625019155444": {"title": "Chicken Pesto Panini", "options": ["Curly Fries"], "quantity": 2, "selections": {}}}	\N	Marcy J	9018	2096	Classy Cuban	1094	2017-04-25 22:24:44.661662+00	2017-04-25 22:46:15.999181+00
1067	1501446718460264699	R$10.60	\N	\N	\N	2017-04-26 20:35:00+00	\N	{"order_paid": "2017-04-26T15:08:17.257Z", "order_ready": "2017-04-26T15:15:44.601Z", "order_cooking": "2017-04-26T15:15:39.685Z", "order_accepted": "2017-04-26T15:08:08.728Z", "order_picked_up": "2017-04-27T05:43:18.111Z", "order_requested": "2017-04-26T11:33:49.651Z"}	\N	1493219296	f	f	\N	\N	\N	\N	\N	{"1501446721413054718": {"title": "Green Curry Spicy", "options": [], "quantity": 1, "selections": {"Sauce": "Spicy"}}}	\N	Stacy B	9008	2094	Thaitanic Xpress	1092	2017-04-26 11:33:47.190188+00	2017-04-27 05:43:17.96232+00
1053	1501316123763671164	R$9.60	\N	\N	\N	2017-04-26 16:15:00+00	\N	{"order_paid": "2017-04-26T10:25:09.786Z", "order_ready": "2017-04-26T10:25:32.283Z", "order_cooking": "2017-04-26T10:25:27.644Z", "order_accepted": "2017-04-26T10:24:59.699Z", "order_picked_up": "2017-04-26T13:15:50.419Z", "order_requested": "2017-04-26T07:14:25.442Z"}	\N	1493202307	f	f	\N	\N	\N	\N	\N	{"1501316127756648575": {"title": "Green Curry Regular", "options": [], "quantity": 1, "selections": {"Sauce": "Regular"}}}	\N	Stacy B	9008	2094	Thaitanic Xpress	1092	2017-04-26 07:14:23.067088+00	2017-04-26 13:15:50.302691+00
1040	1501012736174195679	R$22.60	\N	\N	\N	2017-04-25 21:45:00+00	\N	{"no_show": "2017-04-25T23:13:42.347Z", "order_paid": "2017-04-25T21:12:44.352Z", "order_cooking": "2017-04-25T21:13:05.498Z", "order_accepted": "2017-04-25T21:12:06.963Z", "order_requested": "2017-04-25T21:11:38.015Z"}	\N	1493154764	f	f	\N	\N	\N	\N	\N	{"1501012738715943904": {"title": "Cuban BLT Pomegranite Basil", "options": [], "quantity": 1, "selections": {"Bread": "Pomegranite Basil"}}, "1501012741131863009": {"title": "Chicken Pesto Panini", "options": ["Curly Fries"], "quantity": 1, "selections": {}}}	\N	Dirk N	9019	2096	Classy Cuban	1094	2017-04-25 21:11:34.946169+00	2017-04-25 23:13:42.254055+00
998	1499279587568255283	R$12.60	\N	\N	\N	2017-04-23 12:20:00+00	\N	{"order_paid": "2017-04-23T11:49:15.586Z", "order_ready": "2017-04-23T11:58:37.004Z", "order_cooking": "2017-04-23T11:58:26.301Z", "order_accepted": "2017-04-23T11:49:09.552Z", "order_picked_up": "2017-04-23T11:58:58.068Z", "order_requested": "2017-04-23T11:48:01.237Z"}	\N	1492948148	f	f	\N	\N	\N	\N	\N	{"1499279590135169332": {"title": "Beef Brisket", "options": ["Mashed Potatoes"], "quantity": 1, "selections": {}}}	\N	Marcy J	9018	2097	Frank's BBQ	1095	2017-04-23 11:47:58.977574+00	2017-04-23 11:58:57.982539+00
1000	1499462208277446985	R$23.60	\N	\N	\N	2017-04-23 18:20:00+00	\N	{"order_paid": "2017-04-23T17:51:26.411Z", "order_ready": "2017-04-24T10:59:57.122Z", "order_cooking": "2017-04-24T10:59:51.865Z", "order_accepted": "2017-04-23T17:51:20.748Z", "order_picked_up": "2017-04-24T22:18:17.844Z", "order_requested": "2017-04-23T17:50:55.450Z"}	\N	1492969878	f	f	\N	\N	\N	\N	\N	{"1499462210768863562": {"title": "Pad Thai", "options": [], "quantity": 2, "selections": {}}, "1499462212673077579": {"title": "Panang Curry", "options": ["Miso Soup"], "quantity": 1, "selections": {}}}	\N	Marcy J	9018	2094	Thaitanic Xpress	1092	2017-04-23 17:50:52.75979+00	2017-04-24 22:18:17.755214+00
972	1497032518828819234	R$13.60	\N	\N	\N	2017-04-20 09:55:00+00	\N	{"order_paid": "2017-04-20T09:25:36.346Z", "order_ready": "2017-04-21T17:59:44.546Z", "order_cooking": "2017-04-21T15:46:32.505Z", "order_accepted": "2017-04-20T09:25:27.509Z", "order_delivered": "2017-04-24T22:32:56.053Z", "order_requested": "2017-04-20T09:23:40.699Z", "order_dispatched": "2017-04-24T10:54:22.625Z"}	\N	1492680336	f	t	2017-04-20 10:10:00+00	2	{"city": "Natal", "phone": "Bob / 555-9988", "state": "RN", "address1": "Av. Engenheiro Roberto Freire, 2610 - Ponta Negra, Natal - RN, 59090-000", "address2": "Apt 67", "nickname": "Camarões"}	5	\N	{"1497032521446064931": {"title": "Chicken Pesto Panini", "options": [], "quantity": 1, "selections": {}}, "1497032523392221988": {"title": "Delivery Charge", "options": [], "quantity": 1, "selections": {}}}	\N	Stacy B	9008	2096	Classy Cuban	1094	2017-04-20 09:23:37.875711+00	2017-04-24 22:32:55.961709+00
1007	1499896383384060576	R$13.60	\N	\N	\N	2017-04-24 17:15:00+00	\N	{"order_paid": "2017-04-24T08:15:07.731Z", "order_ready": "2017-04-24T09:07:02.874Z", "order_cooking": "2017-04-24T08:59:12.570Z", "order_accepted": "2017-04-24T08:14:58.632Z", "order_picked_up": "2017-04-24T10:40:21.649Z", "order_requested": "2017-04-24T08:13:30.092Z"}	\N	1493021706	t	f	\N	\N	\N	\N	\N	{"1499896385858699937": {"title": "Pork Plate", "options": [], "quantity": 1, "selections": {}}}	\N	Stacy B	9008	2096	Classy Cuban	1094	2017-04-24 08:13:27.819451+00	2017-04-24 10:40:21.502261+00
1038	1500899538460738483	R$45.60	\N	\N	\N	2017-04-25 17:55:00+00	\N	{"order_paid": "2017-04-25T17:28:18.497Z", "order_ready": "2017-04-25T17:28:57.801Z", "order_cooking": "2017-04-25T17:28:46.686Z", "order_accepted": "2017-04-25T17:27:31.314Z", "order_picked_up": "2017-04-25T17:30:08.046Z", "order_requested": "2017-04-25T17:27:11.899Z"}	\N	1493141298	t	f	\N	\N	\N	\N	\N	{"1500899540977320884": {"title": "milho na espiga grilhada", "options": [], "quantity": 2, "selections": {}}, "1500899543015752629": {"title": "Tomates verdes fritos", "options": [], "quantity": 2, "selections": {}}}	\N	Bob S	9009	2136	Soul Man	1112	2017-04-25 17:27:08.902443+00	2017-04-25 17:30:07.945086+00
1047	1501051946843243509	R$12.60	\N	\N	\N	2017-04-25 23:20:00+00	\N	{"order_paid": "2017-04-25T22:30:39.700Z", "order_cooking": "2017-04-25T22:31:25.371Z", "order_accepted": "2017-04-25T22:29:42.885Z", "order_picked_up": "2017-04-25T23:08:40.817Z", "order_requested": "2017-04-25T22:29:27.592Z"}	\N	1493159440	f	f	\N	\N	\N	\N	\N	{"1501051950223852534": {"title": "Chicken Pesto Panini", "options": ["Curly Fries"], "quantity": 1, "selections": {}}}	\N	Bob S	9009	2096	Classy Cuban	1094	2017-04-25 22:29:23.762132+00	2017-04-25 23:08:40.740661+00
999	1499287034311737653	R$25.60	\N	\N	\N	2017-04-23 12:35:00+00	\N	{"order_paid": "2017-04-23T12:03:21.131Z", "order_ready": "2017-04-23T12:05:50.699Z", "order_cooking": "2017-04-23T12:03:27.159Z", "order_accepted": "2017-04-23T12:03:15.008Z", "order_picked_up": "2017-04-23T12:06:10.776Z", "order_requested": "2017-04-23T12:02:57.432Z"}	\N	1492948993	f	f	\N	\N	\N	\N	\N	{"1499287042012479798": {"title": "Full Slab of Ribs", "options": [], "quantity": 2, "selections": {}}}	\N	Marcy J	9018	2097	Frank's BBQ	1095	2017-04-23 12:02:55.315993+00	2017-04-23 12:06:10.668404+00
1065	1501436224949190899	R$10.60	\N	\N	\N	2017-04-26 20:15:00+00	\N	{"order_paid": "2017-04-26T11:17:47.611Z", "order_ready": "2017-04-26T14:38:41.800Z", "order_cooking": "2017-04-26T13:16:23.921Z", "order_accepted": "2017-04-26T11:17:40.178Z", "order_picked_up": "2017-04-26T14:49:55.589Z", "order_requested": "2017-04-26T11:13:39.963Z"}	\N	1493205475	f	f	\N	\N	\N	\N	\N	{"1501436227398664436": {"title": "Green Curry Spicy", "options": [], "quantity": 1, "selections": {"Sauce": "Spicy"}}}	\N	Stacy B	9008	2094	Thaitanic Xpress	1092	2017-04-26 11:13:37.54964+00	2017-04-26 14:49:55.489658+00
1015	1500080225961116423	R$10.60	\N	\N	\N	2017-04-25 11:20:00+00	\N	{"order_declined": "2017-04-26T11:16:41.008Z", "order_requested": "2017-04-24T14:19:04.948Z"}	\N	\N	f	f	\N	\N	\N	\N	\N	{"1500080230004425482": {"title": "Green Curry Spicy", "options": [], "quantity": 1, "selections": {"Sauce": "Spicy"}}}	\N	Stacy B	9008	2094	Thaitanic Xpress	1092	2017-04-24 14:19:02.203276+00	2017-04-26 11:16:40.902265+00
1061	1501411754003923154	R$10.60	\N	\N	\N	2017-04-26 19:25:00+00	\N	{"order_declined": "2017-04-26T11:17:00.215Z", "order_requested": "2017-04-26T10:24:46.513Z"}	\N	\N	f	f	\N	\N	\N	\N	\N	{"1501411756797329621": {"title": "Green Curry Spicy", "options": [], "quantity": 1, "selections": {"Sauce": "Spicy"}}}	\N	Stacy B	9008	2094	Thaitanic Xpress	1092	2017-04-26 10:24:44.154146+00	2017-04-26 11:17:00.126084+00
1063	1501421867896930526	R$10.60	\N	\N	\N	2017-04-26 19:45:00+00	\N	{"order_declined": "2017-04-26T11:17:18.659Z", "order_requested": "2017-04-26T10:44:52.580Z"}	\N	\N	f	f	\N	\N	\N	\N	\N	{"1501421871143321823": {"title": "Green Curry Spicy", "options": [], "quantity": 1, "selections": {"Sauce": "Spicy"}}}	\N	Stacy B	9008	2094	Thaitanic Xpress	1092	2017-04-26 10:44:50.210325+00	2017-04-26 11:17:18.576583+00
1037	1500890232776557472	R$39.60	\N	\N	\N	2017-04-25 17:40:00+00	\N	{"order_paid": "2017-04-25T17:12:33.750Z", "order_ready": "2017-04-25T17:50:41.323Z", "order_cooking": "2017-04-25T17:18:09.899Z", "order_accepted": "2017-04-25T17:12:27.740Z", "order_picked_up": "2017-04-26T20:55:17.344Z", "order_requested": "2017-04-25T17:09:14.748Z"}	\N	1493140353	t	f	\N	\N	\N	\N	\N	{"1500890238363370403": {"title": "Ervilha de olhos pretos", "options": [], "quantity": 2, "selections": {}}, "1500890243279094692": {"title": "Rabos de boi", "options": ["extra cebolas grilhada"], "quantity": 1, "selections": {}}}	\N	Dirk N	9019	2136	Soul Man	1112	2017-04-25 17:09:11.548817+00	2017-04-26 20:55:17.240009+00
1048	1501060224738395129	R$14.60	\N	\N	\N	2017-04-25 23:15:00+00	\N	{"order_paid": "2017-04-25T22:46:57.596Z", "order_ready": "2017-04-25T23:18:07.613Z", "order_cooking": "2017-04-25T22:47:34.810Z", "order_accepted": "2017-04-25T22:46:22.326Z", "order_requested": "2017-04-25T22:45:51.689Z"}	\N	1493160417	f	f	\N	\N	\N	\N	\N	{"1501060227288531962": {"title": "Cuban Sausage Melt", "options": ["Curly Fries"], "quantity": 1, "selections": {}}}	\N	Marcy J	9018	2096	Classy Cuban	1094	2017-04-25 22:45:49.46664+00	2017-04-25 23:18:07.538049+00
1011	1499918309745754792	R$13.60	\N	\N	\N	2017-04-24 18:00:00+00	\N	{"order_paid": "2017-04-24T08:57:50.401Z", "order_ready": "2017-04-24T08:59:39.109Z", "order_cooking": "2017-04-24T08:58:30.646Z", "order_accepted": "2017-04-24T08:57:42.414Z", "order_picked_up": "2017-04-24T09:03:28.217Z", "order_requested": "2017-04-24T08:57:04.431Z"}	\N	1493024269	f	f	\N	\N	\N	\N	\N	{"1499918312178451113": {"title": "Cuban Reuben", "options": [], "quantity": 1, "selections": {}}}	\N	Stacy B	9008	2096	Classy Cuban	1094	2017-04-24 08:57:01.978636+00	2017-04-24 09:03:27.537638+00
1027	1500331441861427959	R$23.60	\N	\N	\N	2017-04-24 23:10:00+00	\N	{"no_show": "2017-04-25T22:14:39.064Z", "order_paid": "2017-04-24T22:39:59.538Z", "order_ready": "2017-04-25T21:29:04.260Z", "order_accepted": "2017-04-24T22:39:27.842Z", "order_requested": "2017-04-24T22:37:52.927Z"}	\N	1493073600	f	f	\N	\N	\N	\N	\N	{"1500331444411564792": {"title": "Cuban Reuben", "options": [], "quantity": 1, "selections": {}}, "1500331446408053497": {"title": "Cuban Sausage Melt", "options": [], "quantity": 1, "selections": {}}}	\N	Marcy J	9018	2096	Classy Cuban	1094	2017-04-24 22:37:49.871881+00	2017-04-25 22:14:38.976883+00
1039	1500921403971470267	R$26.60	\N	\N	\N	2017-04-25 18:25:00+00	\N	{"order_paid": "2017-04-25T18:10:44.484Z", "order_cooking": "2017-04-25T18:10:57.708Z", "order_accepted": "2017-04-25T18:10:36.433Z", "order_requested": "2017-04-25T18:10:04.500Z"}	\N	1493143844	f	t	2017-04-25 18:40:00+00	2	{"city": "Natal", "phone": "Bob / 555-9988", "state": "RN", "address1": "Av. Engenheiro Roberto Freire, 2610 - Ponta Negra, Natal - RN, 59090-000", "address2": "Apt 67", "nickname": "Camarões"}	35	\N	{"1500921406496441276": {"title": "Tomates verdes fritos", "options": [], "quantity": 1, "selections": {}}, "1500921408476152765": {"title": "Delivery Charge", "options": [], "quantity": 1, "selections": {}}}	\N	Stacy B	9008	2136	Soul Man	1112	2017-04-25 18:10:01.666144+00	2017-04-25 18:12:11.348397+00
1028	1500345860762895099	R$28.60	\N	\N	\N	2017-04-24 23:40:00+00	\N	{"order_accepted": "2017-04-24T23:06:49.383Z", "order_requested": "2017-04-24T23:06:34.112Z"}	\N	\N	f	f	\N	\N	\N	\N	\N	{"1500345863329809148": {"title": "Cuban Reuben", "options": ["Onion Rings"], "quantity": 1, "selections": {}}, "1500345865250800381": {"title": "Chicken Pesto Panini", "options": ["Salad"], "quantity": 1, "selections": {}}}	\N	Stacy B	9008	2096	Classy Cuban	1094	2017-04-24 23:06:31.250902+00	2017-04-24 23:06:49.304292+00
1049	1501071406593475580	R$16.60	\N	\N	\N	2017-04-25 23:50:00+00	\N	{"order_paid": "2017-04-25T23:09:08.504Z", "order_ready": "2017-04-25T23:59:32.618Z", "order_cooking": "2017-04-25T23:09:21.164Z", "order_accepted": "2017-04-25T23:08:19.771Z", "order_requested": "2017-04-25T23:08:02.374Z"}	\N	1493161747	f	f	\N	\N	\N	\N	\N	{"1501071409177166845": {"title": "Cuban Reuben", "options": ["Onion Rings"], "quantity": 1, "selections": {}}}	\N	Dirk N	9019	2096	Classy Cuban	1094	2017-04-25 23:07:59.959871+00	2017-04-25 23:59:32.536142+00
1062	1501414966287139032	R$10.60	\N	\N	\N	2017-04-26 19:30:00+00	\N	{"order_declined": "2017-04-26T11:17:09.534Z", "order_requested": "2017-04-26T10:31:12.133Z"}	\N	\N	f	f	\N	\N	\N	\N	\N	{"1501414969541918937": {"title": "Green Curry Spicy", "options": [], "quantity": 1, "selections": {"Sauce": "Spicy"}}}	\N	Dirk N	9019	2094	Thaitanic Xpress	1092	2017-04-26 10:31:09.635353+00	2017-04-26 11:17:09.435682+00
1070	1501484360367341858	R$10.60	\N	\N	\N	2017-04-26 21:50:00+00	\N	{"order_accepted": "2017-04-26T15:25:20.293Z", "order_requested": "2017-04-26T12:49:09.943Z"}	\N	\N	f	f	\N	\N	\N	\N	\N	{"1501484365702496549": {"title": "Green Curry Spicy", "options": [], "quantity": 1, "selections": {"Sauce": "Spicy"}}}	\N	Stacy B	9008	2094	Thaitanic Xpress	1092	2017-04-26 12:49:07.299514+00	2017-04-26 15:25:20.187943+00
1069	1501457747357466891	R$10.60	\N	\N	\N	2017-04-26 20:55:00+00	\N	{"order_accepted": "2017-04-26T15:13:54.248Z", "order_requested": "2017-04-26T11:55:42.145Z"}	\N	\N	f	f	\N	\N	\N	\N	\N	{"1501457749890826510": {"title": "Green Curry Spicy", "options": [], "quantity": 1, "selections": {"Sauce": "Spicy"}}}	\N	Stacy B	9008	2094	Thaitanic Xpress	1092	2017-04-26 11:55:39.782092+00	2017-04-26 15:13:54.160345+00
1068	1501454309320032513	R$10.60	\N	\N	\N	2017-04-26 20:50:00+00	\N	{"order_paid": "2017-04-26T14:50:18.612Z", "order_ready": "2017-04-26T14:50:31.486Z", "order_cooking": "2017-04-26T14:50:26.626Z", "order_accepted": "2017-04-26T14:50:09.714Z", "order_picked_up": "2017-04-26T15:04:02.433Z", "order_requested": "2017-04-26T11:48:53.895Z"}	\N	1493218217	f	f	\N	\N	\N	\N	\N	{"1501454312440594692": {"title": "Green Curry Spicy", "options": [], "quantity": 1, "selections": {"Sauce": "Spicy"}}}	\N	Stacy B	9008	2094	Thaitanic Xpress	1092	2017-04-26 11:48:51.480292+00	2017-04-26 15:04:02.323996+00
1064	1501430702409777383	R$10.60	\N	\N	\N	2017-04-26 20:05:00+00	\N	{"order_paid": "2017-04-26T11:17:53.143Z", "order_ready": "2017-04-26T13:16:29.746Z", "order_cooking": "2017-04-26T13:12:59.453Z", "order_accepted": "2017-04-26T11:17:29.052Z", "order_picked_up": "2017-04-26T14:38:16.464Z", "order_requested": "2017-04-26T11:02:43.156Z"}	\N	1493205481	f	f	\N	\N	\N	\N	\N	{"1501430705362567402": {"title": "Green Curry Spicy", "options": [], "quantity": 1, "selections": {"Sauce": "Spicy"}}}	\N	Stacy B	9008	2094	Thaitanic Xpress	1092	2017-04-26 11:02:40.790981+00	2017-04-26 14:38:16.318774+00
1080	1502251461952668076	R$11.60	\N	\N	\N	2017-04-27 23:15:00+00	\N	{"order_accepted": "2017-04-27T15:32:25.971Z", "order_requested": "2017-04-27T14:12:42.012Z"}	\N	\N	f	f	\N	\N	\N	\N	\N	{"1502251464410530221": {"title": "Ham Salsa", "options": [], "quantity": 1, "selections": {}}}	\N	Dirk N	9019	2094	Thaitanic Xpress	1092	2017-04-27 14:12:39.404115+00	2017-04-27 15:32:25.839913+00
1087	1502326840147050830	R$53.60	\N	\N	\N	2017-04-27 18:05:00+00	\N	{"order_requested": "2017-04-27T16:42:27.839Z"}	\N	\N	f	f	\N	\N	\N	\N	\N	{"1502326842739130703": {"title": "Cuban Sausage Melt", "options": [], "quantity": 4, "selections": {}}, "1502326844735619408": {"title": "Pork Plate", "options": [], "quantity": 1, "selections": {}}}	\N	Luiz C	9021	2096	Classy Cuban	1094	2017-04-27 16:42:24.831744+00	2017-04-27 16:42:24.831744+00
1016	1500211369088123415	R$36.60	\N	\N	\N	2017-04-24 19:40:00+00	\N	{"order_paid": "2017-04-24T18:41:19.841Z", "order_ready": "2017-04-24T19:23:45.645Z", "order_cooking": "2017-04-24T19:23:14.905Z", "order_accepted": "2017-04-24T18:41:12.475Z", "order_requested": "2017-04-24T18:39:49.296Z"}	\N	1493059272	f	f	\N	\N	\N	\N	\N	{"1500211372183519768": {"title": "Full Slab of Ribs", "options": [], "quantity": 1, "selections": {}}, "1500211374398112281": {"title": "Beef Brisket", "options": ["Mashed Potatoes"], "quantity": 1, "selections": {}}, "1500211376562373146": {"title": "Beef Brisket", "options": ["Mac n Cheese"], "quantity": 1, "selections": {}}}	\N	Marcy J	9018	2097	Frank's BBQ	1095	2017-04-24 18:39:45.974202+00	2017-04-24 19:23:45.546223+00
1009	1499900295579173540	R$13.60	\N	\N	\N	2017-04-24 17:25:00+00	\N	{"order_paid": "2017-04-24T08:58:01.603Z", "order_ready": "2017-04-24T10:42:59.356Z", "order_cooking": "2017-04-24T10:42:12.559Z", "order_accepted": "2017-04-24T08:57:54.698Z", "order_picked_up": "2017-04-24T10:44:23.567Z", "order_requested": "2017-04-24T08:21:23.443Z"}	\N	1493024280	f	f	\N	\N	\N	\N	\N	{"1499900298095755941": {"title": "Cuban Reuben", "options": [], "quantity": 1, "selections": {}}}	\N	Stacy B	9008	2096	Classy Cuban	1094	2017-04-24 08:21:21.079077+00	2017-04-24 10:44:23.463367+00
1012	1499979255927276258	R$17.60	\N	\N	\N	2017-04-24 20:00:00+00	\N	{"order_paid": "2017-04-24T10:58:29.389Z", "order_ready": "2017-04-24T12:36:44.836Z", "order_cooking": "2017-04-24T10:59:23.254Z", "order_accepted": "2017-04-24T10:58:22.782Z", "order_picked_up": "2017-04-24T13:19:47.000Z", "order_requested": "2017-04-24T10:58:13.645Z"}	\N	1493031508	f	f	\N	\N	\N	\N	\N	{"1499979258846511845": {"title": "Green Curry Regular", "options": [], "quantity": 2, "selections": {"Sauce": "Regular"}}}	\N	Stacy B	9008	2094	Thaitanic Xpress	1092	2017-04-24 10:58:11.306551+00	2017-04-24 13:22:20.620708+00
1010	1499917824406061734	R$11.60	\N	\N	\N	2017-04-24 17:55:00+00	\N	{"order_paid": "2017-04-24T08:57:39.965Z", "order_ready": "2017-04-24T10:44:44.332Z", "order_cooking": "2017-04-24T10:42:53.700Z", "order_accepted": "2017-04-24T08:57:32.019Z", "order_picked_up": "2017-04-24T10:51:53.690Z", "order_requested": "2017-04-24T08:56:07.472Z"}	\N	1493024259	t	f	\N	\N	\N	\N	\N	{"1499917827040084647": {"title": "Cuban Sausage Melt", "options": [], "quantity": 1, "selections": {}}}	\N	Stacy B	9008	2096	Classy Cuban	1094	2017-04-24 08:56:04.601306+00	2017-04-24 10:51:53.596478+00
1013	1499979669200437992	R$10.60	\N	\N	\N	2017-04-24 20:00:00+00	\N	{"order_paid": "2017-04-24T10:59:16.733Z", "order_ready": "2017-04-24T12:36:38.283Z", "order_cooking": "2017-04-24T10:59:32.163Z", "order_accepted": "2017-04-24T10:59:07.423Z", "order_picked_up": "2017-04-24T13:08:11.602Z", "order_requested": "2017-04-24T10:58:59.451Z"}	\N	1493031555	f	f	\N	\N	\N	\N	\N	{"1499979672044176105": {"title": "Mongolian Beef with Cashews White", "options": [], "quantity": 1, "selections": {"Rice": "White"}}}	\N	Stacy B	9008	2094	Thaitanic Xpress	1092	2017-04-24 10:58:57.23315+00	2017-04-24 13:08:11.476841+00
1017	1500213108516323867	R$17.60	\N	\N	\N	2017-04-24 19:15:00+00	\N	{"order_paid": "2017-04-24T18:44:39.039Z", "order_ready": "2017-04-24T19:28:42.372Z", "order_cooking": "2017-04-24T19:28:38.239Z", "order_accepted": "2017-04-24T18:43:16.000Z", "order_picked_up": "2017-04-24T21:01:59.490Z", "order_requested": "2017-04-24T18:42:46.609Z"}	\N	1493059478	f	f	\N	\N	\N	\N	\N	{"1500213111058072092": {"title": "Pulled Pork Sliders", "options": [], "quantity": 2, "selections": {}}}	\N	Dirk N	9019	2097	Frank's BBQ	1095	2017-04-24 18:42:44.470382+00	2017-04-24 21:01:59.395468+00
1018	1500221495740203556	R$31.60	\N	\N	\N	2017-04-24 19:30:00+00	\N	{"order_paid": "2017-04-24T19:21:18.159Z", "order_accepted": "2017-04-24T19:01:40.299Z", "order_requested": "2017-04-24T18:59:28.706Z", "order_dispatched": "2017-04-24T21:01:14.869Z"}	\N	\N	f	t	2017-04-24 19:45:00+00	6	{"city": "Natal-RN, 59078-600", "phone": "Bob / 444-3636", "state": null, "address1": "Av. Engenheiro Roberto Freire, 701", "address2": "Apt 2009", "nickname": "Ponta Negra Fiat"}	26	\N	{"1500221498357449253": {"title": "Smoked Cheddar Melt", "options": [], "quantity": 1, "selections": {}}, "1500221500295217702": {"title": "Full Slab of Ribs", "options": [], "quantity": 1, "selections": {}}, "1500221502283317799": {"title": "Delivery Charge", "options": [], "quantity": 1, "selections": {}}}	\N	Bob S	9009	2097	Frank's BBQ	1095	2017-04-24 18:59:25.727149+00	2017-04-24 21:01:14.781638+00
1019	1500230492950102583	R$19.60	\N	\N	\N	2017-04-24 20:00:00+00	\N	{"order_accepted": "2017-04-24T19:18:10.934Z", "order_requested": "2017-04-24T19:17:43.661Z"}	\N	\N	f	t	2017-04-24 20:15:00+00	14	{"city": "Natal", "phone": "Marcy / 555-9988", "state": "RN", "address1": "Av. Engenheiro Roberto Freire, 2610 - Ponta Negra, Natal - RN, 59090-000", "address2": null, "nickname": "Home"}	\N	\N	{"1500230509341442616": {"title": "Smoked Cheddar Melt", "options": [], "quantity": 1, "selections": {}}, "1500230527133680185": {"title": "Delivery Charge", "options": [], "quantity": 1, "selections": {}}}	\N	Marcy J	9018	2097	Frank's BBQ	1095	2017-04-24 19:17:29.375582+00	2017-04-24 19:18:10.856455+00
1029	1500349054347903743	R$28.60	\N	\N	\N	2017-04-24 23:45:00+00	\N	{"order_paid": "2017-04-24T23:13:29.730Z", "order_ready": "2017-04-24T23:15:30.387Z", "order_cooking": "2017-04-24T23:13:48.982Z", "order_accepted": "2017-04-24T23:13:21.914Z", "order_picked_up": "2017-04-25T14:54:54.426Z", "order_requested": "2017-04-24T23:12:54.324Z"}	\N	1493075608	f	f	\N	\N	\N	\N	\N	{"1500349056889651968": {"title": "Cuban Reuben", "options": ["Onion Rings"], "quantity": 1, "selections": {}}, "1500349059196519169": {"title": "Cuban Sausage Melt", "options": ["Extra Beef"], "quantity": 1, "selections": {}}}	\N	Stacy B	9008	2096	Classy Cuban	1094	2017-04-24 23:12:51.408994+00	2017-04-25 14:54:54.311513+00
1020	1500263079831667339	R$22.60	\N	\N	\N	2017-04-24 20:55:00+00	\N	{"order_paid": "2017-04-24T20:23:11.775Z", "order_ready": "2017-04-24T20:24:03.150Z", "order_cooking": "2017-04-24T20:23:46.569Z", "order_accepted": "2017-04-24T20:22:28.754Z", "order_picked_up": "2017-04-24T20:58:24.636Z", "order_requested": "2017-04-24T20:22:05.983Z"}	\N	1493065391	f	f	\N	\N	\N	\N	\N	{"1500263082373415564": {"title": "Full Slab of Ribs", "options": [], "quantity": 1, "selections": {}}, "1500263084378292877": {"title": "Beef Brisket", "options": [], "quantity": 1, "selections": {}}}	\N	Stacy B	9008	2097	Frank's BBQ	1095	2017-04-24 20:22:01.781826+00	2017-04-24 20:58:24.554171+00
966	1496927281426203325	R$28.60	\N	\N	\N	2017-04-20 02:55:00+00	\N	{"order_paid": "2017-04-20T05:59:01.098Z", "order_ready": "2017-04-20T05:59:30.551Z", "order_cooking": "2017-04-20T05:59:21.220Z", "order_accepted": "2017-04-20T05:58:54.297Z", "order_declined": "2017-04-20T08:57:10.419Z", "order_delivered": "2017-04-24T23:20:49.467Z", "order_requested": "2017-04-20T05:54:28.456Z", "order_dispatched": "2017-04-20T11:29:23.646Z"}	\N	1492711164	f	t	2017-04-20 03:10:00+00	15	{"city": null, "phone": "465329458", "state": null, "address1": "304, Princess Business Park", "address2": "Indore", "nickname": "Test Locations"}	9	\N	{"1496927283850511038": {"title": "Cuban Sausage Melt", "options": [], "quantity": 1, "selections": {}}, "1496927285670838975": {"title": "Cuban Reuben", "options": [], "quantity": 1, "selections": {}}, "1496927287516332736": {"title": "Delivery Charge", "options": [], "quantity": 1, "selections": {}}}	\N	Dirk N	9019	2096	Classy Cuban	1094	2017-04-20 05:54:25.214772+00	2017-04-24 23:20:49.331213+00
1031	1500357995261854468	R$29.60	\N	\N	\N	2017-04-25 00:00:00+00	\N	{"order_paid": "2017-04-25T21:13:46.227Z", "order_accepted": "2017-04-25T21:13:39.406Z", "order_picked_up": "2017-04-25T21:29:40.867Z", "order_requested": "2017-04-24T23:30:40.944Z"}	\N	1493154830	f	f	\N	\N	\N	\N	\N	{"1500357997795214085": {"title": "Cuban Reuben", "options": ["Onion Rings"], "quantity": 1, "selections": {}}, "1500358000034972422": {"title": "Cuban Sausage Melt", "options": ["Curly Fries"], "quantity": 1, "selections": {}}}	\N	Bob S	9009	2096	Classy Cuban	1094	2017-04-24 23:30:38.048706+00	2017-04-25 21:29:40.78159+00
1030	1500355424958808834	R$8.60	\N	\N	\N	2017-04-25 00:10:00+00	\N	{"order_paid": "2017-04-24T23:26:32.503Z", "order_ready": "2017-04-24T23:27:03.012Z", "order_cooking": "2017-04-24T23:26:49.528Z", "order_accepted": "2017-04-24T23:26:20.332Z", "order_picked_up": "2017-04-24T23:27:32.562Z", "order_requested": "2017-04-24T23:25:31.096Z"}	\N	1493076393	f	f	\N	\N	\N	\N	\N	{"1500355427508945667": {"title": "Chicken Pesto Panini", "options": [], "quantity": 1, "selections": {}}}	\N	Dirk N	9019	2096	Classy Cuban	1094	2017-04-24 23:25:28.607477+00	2017-04-24 23:27:32.473775+00
1051	1501158477324615702	R$14.60	\N	\N	\N	2017-04-26 02:30:00+00	\N	{"order_requested": "2017-04-26T02:01:06.185Z"}	\N	\N	f	f	\N	\N	\N	\N	\N	{"1501158479958638615": {"title": "Cuban Sausage Melt", "options": ["Curly Fries"], "quantity": 1, "selections": {}}}	\N	Bob S	9009	2096	Classy Cuban	1094	2017-04-26 02:01:03.429376+00	2017-04-26 02:01:03.429376+00
1042	1501026478727365608	R$22.60	\N	\N	\N	2017-04-25 22:30:00+00	\N	{"order_declined": "2017-04-25T23:07:26.298Z", "order_requested": "2017-04-25T21:38:47.838Z"}	\N	\N	f	f	\N	\N	\N	\N	\N	{"1501026481319445481": {"title": "Chicken Pesto Panini", "options": ["Curly Fries"], "quantity": 1, "selections": {}}, "1501026483383043050": {"title": "Cuban BLT Pomegranite Basil", "options": [], "quantity": 1, "selections": {"Bread": "Pomegranite Basil"}}}	\N	Dirk N	9019	2096	Classy Cuban	1094	2017-04-25 21:38:44.971342+00	2017-04-25 23:07:26.206322+00
1041	1501022682261488613	R$18.60	\N	\N	\N	2017-04-25 22:20:00+00	\N	{"order_paid": "2017-04-25T22:17:14.098Z", "order_cooking": "2017-04-25T22:17:22.985Z", "order_accepted": "2017-04-25T22:17:06.468Z", "order_picked_up": "2017-04-25T23:08:34.410Z", "order_requested": "2017-04-25T21:31:28.581Z"}	\N	1493158638	f	f	\N	\N	\N	\N	\N	{"1501022684803236838": {"title": "Chicken Pesto Panini", "options": [], "quantity": 1, "selections": {}}, "1501022686757782503": {"title": "Cuban BLT Pomegranite Basil", "options": [], "quantity": 1, "selections": {"Bread": "Pomegranite Basil"}}}	\N	Bob S	9009	2096	Classy Cuban	1094	2017-04-25 21:31:25.722988+00	2017-04-25 23:08:34.329593+00
1066	1501440669317595381	R$9.60	\N	\N	\N	2017-04-26 20:25:00+00	\N	{"order_paid": "2017-04-26T15:04:23.016Z", "order_ready": "2017-04-26T15:04:33.099Z", "order_cooking": "2017-04-26T15:04:29.311Z", "order_accepted": "2017-04-26T15:04:14.132Z", "order_picked_up": "2017-04-26T15:14:46.054Z", "order_requested": "2017-04-26T11:21:59.660Z"}	\N	1493219062	f	f	\N	\N	\N	\N	\N	{"1501440672186499320": {"title": "Green Curry Regular", "options": [], "quantity": 1, "selections": {"Sauce": "Regular"}}}	\N	Stacy B	9008	2094	Thaitanic Xpress	1092	2017-04-26 11:21:56.713053+00	2017-04-26 15:14:45.970395+00
1050	1501095618901180420	R$33.60	\N	\N	\N	2017-04-26 00:55:00+00	\N	{"order_paid": "2017-04-25T23:57:23.863Z", "order_accepted": "2017-04-25T23:56:43.338Z", "order_requested": "2017-04-25T23:56:17.265Z"}	\N	1493164642	f	f	\N	\N	\N	\N	\N	{"1501095621468094469": {"title": "Chicken Pesto Panini", "options": ["Curly Fries"], "quantity": 2, "selections": {}}, "1501095623414251526": {"title": "Cuban BLT Pomegranite Basil", "options": [], "quantity": 1, "selections": {"Bread": "Pomegranite Basil"}}}	\N	Bob S	9009	2096	Classy Cuban	1094	2017-04-25 23:56:14.264838+00	2017-04-25 23:57:23.750678+00
1026	1500323439372665584	R$28.60	\N	\N	\N	2017-04-24 23:20:00+00	\N	{"order_paid": "2017-04-24T22:23:06.101Z", "order_ready": "2017-04-24T22:24:22.833Z", "order_cooking": "2017-04-24T22:23:20.580Z", "order_accepted": "2017-04-24T22:22:29.205Z", "order_delivered": "2017-04-25T23:59:12.380Z", "order_requested": "2017-04-24T22:22:00.378Z", "order_dispatched": "2017-04-25T21:29:07.886Z"}	\N	1493072585	f	t	2017-04-24 23:35:00+00	2	{"city": "Natal", "phone": "Bob / 555-9988", "state": "RN", "address1": "Av. Engenheiro Roberto Freire, 2610 - Ponta Negra, Natal - RN, 59090-000", "address2": "Apt 67", "nickname": "Camarões"}	5	\N	{"1500323441964745457": {"title": "Chicken Pesto Panini", "options": ["Salad"], "quantity": 1, "selections": {}}, "1500323443919291122": {"title": "Cuban BLT Pomegranite Basil", "options": [], "quantity": 1, "selections": {"Bread": "Pomegranite Basil"}}, "1500323445873836787": {"title": "Delivery Charge", "options": [], "quantity": 1, "selections": {}}}	\N	Stacy B	9008	2096	Classy Cuban	1094	2017-04-24 22:21:57.082737+00	2017-04-25 23:59:12.272293+00
1074	1501988667390951786	R$14.60	\N	\N	\N	2017-04-27 14:30:00+00	\N	{"order_accepted": "2017-04-27T05:32:07.069Z", "order_requested": "2017-04-27T05:30:45.344Z"}	\N	\N	f	f	\N	\N	\N	\N	\N	{"1501988669823648107": {"title": "French Dip", "options": ["French Fries"], "quantity": 1, "selections": {}}}	\N	Stacy B	9008	2132	Crazy Jack's	1109	2017-04-27 05:30:42.870301+00	2017-04-27 05:32:06.937577+00
1088	1502331741820420437	R$15.60	\N	\N	\N	2017-04-27 17:25:00+00	\N	{"order_requested": "2017-04-27T16:52:13.390Z"}	\N	\N	f	f	\N	\N	\N	\N	\N	{"1502331744412500310": {"title": "Valanish Burger", "options": [], "quantity": 2, "selections": {}}}	\N	Bob S	9009	2094	Thaitanic Xpress	1092	2017-04-27 16:52:11.283463+00	2017-04-27 16:52:11.283463+00
1076	1501996037932319086	R$7.60	\N	\N	\N	2017-04-27 14:45:00+00	\N	{"order_paid": "2017-04-27T05:46:44.862Z", "order_ready": "2017-04-27T05:47:23.274Z", "order_cooking": "2017-04-27T05:47:09.706Z", "order_accepted": "2017-04-27T05:46:38.438Z", "order_picked_up": "2017-04-27T06:12:30.549Z", "order_requested": "2017-04-27T05:45:09.860Z"}	\N	1493272003	f	f	\N	\N	\N	\N	\N	{"1501996040541176175": {"title": "Volcano Burger", "options": [], "quantity": 1, "selections": {}}}	\N	Stacy B	9008	2094	Thaitanic Xpress	1092	2017-04-27 05:45:07.456661+00	2017-04-27 06:12:30.336964+00
1077	1501996718130987376	R$16.60	\N	\N	\N	2017-04-27 14:50:00+00	\N	{"order_paid": "2017-04-27T05:46:57.163Z", "order_ready": "2017-04-27T05:47:27.572Z", "order_cooking": "2017-04-27T05:47:14.646Z", "order_accepted": "2017-04-27T05:46:50.425Z", "order_picked_up": "2017-04-27T06:07:44.342Z", "order_requested": "2017-04-27T05:46:30.542Z"}	\N	1493272015	f	f	\N	\N	\N	\N	\N	{"1501996720622403953": {"title": "Green Curry Spicy", "options": [], "quantity": 1, "selections": {"Sauce": "Spicy"}}, "1501996722543395186": {"title": "Volcano Burger", "options": [], "quantity": 1, "selections": {}}}	\N	Stacy B	9008	2094	Thaitanic Xpress	1092	2017-04-27 05:46:27.651512+00	2017-04-27 06:07:44.167607+00
1079	1502238897780818346	R$14.60	\N	\N	\N	2017-04-27 22:50:00+00	\N	{"order_requested": "2017-04-27T13:48:07.321Z"}	\N	\N	f	f	\N	\N	\N	\N	\N	{"1502238900515504555": {"title": "French Dip", "options": ["French Fries"], "quantity": 1, "selections": {}}}	\N	Dirk N	9019	2132	Crazy Jack's	1109	2017-04-27 13:48:05.064827+00	2017-04-27 13:48:05.064827+00
1078	1502008683146510707	R$10.60	\N	\N	\N	2017-04-27 15:10:00+00	\N	{"order_paid": "2017-04-27T06:10:36.509Z", "order_ready": "2017-04-27T06:10:55.784Z", "order_cooking": "2017-04-27T06:10:49.960Z", "order_accepted": "2017-04-27T06:10:29.710Z", "order_picked_up": "2017-04-28T06:43:06.646Z", "order_requested": "2017-04-27T06:10:22.022Z"}	\N	1493273435	f	f	\N	\N	\N	\N	\N	{"1502008686183186805": {"title": "Green Curry Spicy", "options": [], "quantity": 1, "selections": {"Sauce": "Spicy"}}}	\N	Stacy B	9008	2094	Thaitanic Xpress	1092	2017-04-27 06:10:19.194314+00	2017-04-28 06:43:06.527546+00
1075	1501990340523983212	R$7.60	\N	\N	\N	2017-04-27 14:35:00+00	\N	{"order_paid": "2017-04-27T05:34:11.822Z", "order_ready": "2017-04-27T05:35:07.681Z", "order_cooking": "2017-04-27T05:35:02.518Z", "order_accepted": "2017-04-27T05:34:05.086Z", "order_picked_up": "2017-04-27T05:44:10.728Z", "order_requested": "2017-04-27T05:33:54.077Z"}	\N	1493271250	f	f	\N	\N	\N	\N	\N	{"1501990343501939053": {"title": "Volcano Burger", "options": [], "quantity": 1, "selections": {}}}	\N	Stacy B	9008	2094	Thaitanic Xpress	1092	2017-04-27 05:33:51.84394+00	2017-04-27 05:57:48.134865+00
1056	1501343552582451528	R$13.60	\N	\N	\N	2017-04-26 17:10:00+00	\N	{"order_declined": "2017-04-27T15:14:33.964Z", "order_requested": "2017-04-26T08:09:22.060Z"}	\N	\N	f	f	\N	\N	\N	\N	\N	{"1501343554889318729": {"title": "Pork Plate", "options": [], "quantity": 1, "selections": {}}}	\N	Stacy B	9008	2096	Classy Cuban	1094	2017-04-26 08:09:19.051174+00	2017-04-27 15:14:33.824321+00
1086	1502325526298100043	R$47.60	\N	\N	\N	2017-04-27 18:00:00+00	\N	{"order_accepted": "2017-04-27T16:40:03.702Z", "order_requested": "2017-04-27T16:39:49.272Z"}	\N	\N	f	f	\N	\N	\N	\N	\N	{"1502325528856625484": {"title": "Cuban Reuben", "options": [], "quantity": 3, "selections": {}}, "1502325530836336973": {"title": "Cuban Sausage Melt", "options": [], "quantity": 1, "selections": {}}}	\N	Luiz C	9021	2096	Classy Cuban	1094	2017-04-27 16:39:45.348186+00	2017-04-27 16:40:03.602387+00
1082	1502282217827598634	R$26.60	\N	\N	\N	2017-04-27 16:00:00+00	\N	{"order_paid": "2017-04-27T15:14:50.540Z", "order_ready": "2017-04-27T15:15:53.676Z", "order_cooking": "2017-04-27T15:15:43.432Z", "order_accepted": "2017-04-27T15:14:42.526Z", "order_picked_up": "2017-04-27T15:17:01.732Z", "order_requested": "2017-04-27T15:14:09.797Z"}	\N	1493306094	f	f	\N	\N	\N	\N	\N	{"1502282220360958251": {"title": "Cuban Sausage Melt", "options": ["Curly Fries"], "quantity": 1, "selections": {}}, "1502282222315503916": {"title": "Chicken Pesto Panini", "options": ["Salad"], "quantity": 1, "selections": {}}}	\N	Stacy B	9008	2096	Classy Cuban	1094	2017-04-27 15:14:06.916316+00	2017-04-27 15:17:01.554383+00
1081	1502265072586588606	R$17.60	\N	\N	\N	2017-04-27 23:40:00+00	\N	{"order_accepted": "2017-04-27T15:21:11.282Z", "order_requested": "2017-04-27T14:39:41.092Z"}	\N	\N	f	t	2017-04-27 23:55:00+00	15	{"city": null, "phone": "465329458", "state": null, "address1": "304, Princess Business Park", "address2": "Indore", "nickname": "Test Locations"}	\N	\N	{"1502265075430326719": {"title": "Valanish Burger", "options": [], "quantity": 1, "selections": {}}, "1502265077628142016": {"title": "Delivery Charge", "options": [], "quantity": 1, "selections": {}}}	\N	Dirk N	9019	2094	Thaitanic Xpress	1092	2017-04-27 14:39:38.339202+00	2017-04-27 15:21:11.178577+00
1024	1500298657730134745	R$21.60	\N	\N	\N	2017-04-24 22:30:00+00	\N	{"order_paid": "2017-04-24T21:33:42.088Z", "order_ready": "2017-04-27T15:42:10.584Z", "order_cooking": "2017-04-24T21:33:50.989Z", "order_accepted": "2017-04-24T21:33:34.582Z", "order_delivered": "2017-04-28T06:51:57.717Z", "order_requested": "2017-04-24T21:33:18.952Z", "order_dispatched": "2017-04-28T06:43:13.316Z"}	\N	1493069614	f	t	2017-04-24 22:45:00+00	2	{"city": "Natal", "phone": "Bob / 555-9988", "state": "RN", "address1": "Av. Engenheiro Roberto Freire, 2610 - Ponta Negra, Natal - RN, 59090-000", "address2": "Apt 67", "nickname": "Camarões"}	23	\N	{"1500298660431266522": {"title": "Mongolian Beef with Cashews Pork Fried Rice", "options": [], "quantity": 1, "selections": {"Rice": "Pork Fried Rice"}}, "1500298662494864091": {"title": "Delivery Charge", "options": [], "quantity": 1, "selections": {}}}	\N	Stacy B	9008	2094	Thaitanic Xpress	1092	2017-04-24 21:33:16.269288+00	2017-04-28 06:51:57.53019+00
1084	1502316057354830143	R$23.60	\N	\N	\N	2017-04-27 17:30:00+00	\N	{"order_paid": "2017-04-27T16:21:59.120Z", "order_ready": "2017-04-27T16:23:56.624Z", "order_cooking": "2017-04-27T16:23:28.577Z", "order_accepted": "2017-04-27T16:21:52.415Z", "order_requested": "2017-04-27T16:20:59.249Z"}	\N	1493310124	f	f	\N	\N	\N	\N	\N	{"1502316059930132800": {"title": "Buffalo Wings", "options": [], "quantity": 1, "selections": {}}, "1502316061976953153": {"title": "Chicken Pesto Panini", "options": [], "quantity": 2, "selections": {}}}	\N	Luiz C	9021	2096	Classy Cuban	1094	2017-04-27 16:20:55.629492+00	2017-04-27 16:23:56.526212+00
1085	1502316125906534722	R$45.60	\N	\N	\N	2017-04-27 17:30:00+00	\N	{"order_paid": "2017-04-27T16:22:09.085Z", "order_cooking": "2017-04-27T16:25:07.706Z", "order_accepted": "2017-04-27T16:22:02.914Z", "order_requested": "2017-04-27T16:21:08.682Z"}	\N	1493310134	f	f	\N	\N	\N	\N	\N	{"1502316129152926019": {"title": "Buffalo Wings", "options": [], "quantity": 2, "selections": {}}, "1502316131753394500": {"title": "Chicken Pesto Panini", "options": [], "quantity": 4, "selections": {}}}	\N	Luiz C	9021	2096	Classy Cuban	1094	2017-04-27 16:21:05.35739+00	2017-04-27 16:25:07.608937+00
1023	1500295906031829718	R$31.60	\N	\N	\N	2017-04-24 21:55:00+00	\N	{"order_paid": "2017-04-24T21:27:50.635Z", "order_ready": "2017-04-24T21:28:12.076Z", "order_cooking": "2017-04-24T21:28:03.778Z", "order_accepted": "2017-04-24T21:27:43.442Z", "order_picked_up": "2017-04-27T17:52:18.052Z", "order_requested": "2017-04-24T21:27:20.005Z"}	\N	1493069263	f	f	\N	\N	\N	\N	\N	{"1500295908531634903": {"title": "Full Slab of Ribs", "options": [], "quantity": 1, "selections": {}}, "1500295910469403352": {"title": "Beef Brisket", "options": [], "quantity": 2, "selections": {}}}	\N	Stacy B	9008	2097	Frank's BBQ	1095	2017-04-24 21:27:17.26493+00	2017-04-27 17:52:17.944634+00
1089	1502335739159904599	R$17.60	\N	\N	\N	2017-04-27 17:30:00+00	\N	{"order_paid": "2017-04-27T17:01:07.975Z", "order_ready": "2017-04-27T17:02:32.265Z", "order_cooking": "2017-04-27T17:02:19.108Z", "order_accepted": "2017-04-27T17:01:02.835Z", "order_picked_up": "2017-04-27T17:03:36.666Z", "order_requested": "2017-04-27T17:00:20.043Z"}	\N	1493312472	f	f	\N	\N	\N	\N	\N	{"1502335741760373080": {"title": "Green Curry Spicy", "options": [], "quantity": 1, "selections": {"Sauce": "Spicy"}}, "1502335743714918745": {"title": "Valanish Burger", "options": [], "quantity": 1, "selections": {}}}	\N	Dirk N	9019	2094	Thaitanic Xpress	1092	2017-04-27 17:00:16.386542+00	2017-04-27 17:03:36.542333+00
1032	1500823397565727548	R$18.60	\N	\N	\N	2017-04-25 15:25:00+00	\N	{"order_paid": "2017-04-25T14:56:23.697Z", "order_ready": "2017-04-25T14:57:01.621Z", "order_cooking": "2017-04-25T14:56:48.877Z", "order_accepted": "2017-04-25T14:56:13.644Z", "order_picked_up": "2017-04-27T17:51:44.247Z", "order_requested": "2017-04-25T14:55:22.375Z"}	\N	1493132183	f	f	\N	\N	\N	\N	\N	{"1500823400141030205": {"title": "Smoked Cheddar Melt", "options": [], "quantity": 1, "selections": {}}, "1500823402095575870": {"title": "Pulled Pork Sliders", "options": [], "quantity": 1, "selections": {}}}	\N	Stacy B	9008	2097	Frank's BBQ	1095	2017-04-25 14:55:19.266494+00	2017-04-27 17:51:44.129942+00
1090	1502360922641924457	R$62.60	\N	\N	\N	2017-04-27 18:20:00+00	\N	{"order_paid": "2017-04-27T17:50:57.305Z", "order_ready": "2017-04-27T17:53:28.116Z", "order_cooking": "2017-04-27T17:53:00.236Z", "order_accepted": "2017-04-27T17:50:50.906Z", "order_picked_up": "2017-04-27T17:54:11.573Z", "order_requested": "2017-04-27T17:50:17.524Z"}	\N	1493315461	f	f	\N	\N	\N	\N	\N	{"1502360925359833450": {"title": "Smoked Cheddar Melt", "options": [], "quantity": 2, "selections": {}}, "1502360927356322155": {"title": "Pulled Pork Sliders", "options": [], "quantity": 1, "selections": {}}, "1502360929327645036": {"title": "Full Slab of Ribs", "options": [], "quantity": 1, "selections": {}}, "1502360931416408429": {"title": "Beef Brisket", "options": ["Mac n Cheese"], "quantity": 1, "selections": {}}, "1502360933471617390": {"title": "Beef Brisket", "options": ["Mashed Potatoes"], "quantity": 1, "selections": {}}}	\N	Stacy B	9008	2097	Frank's BBQ	1095	2017-04-27 17:50:13.236953+00	2017-04-27 17:54:11.451764+00
1091	1502762752886702630	R$11.60	\N	\N	\N	2017-04-29 04:10:00+00	\N	{"no_show": "2017-04-28T08:52:48.273Z", "order_paid": "2017-04-28T07:12:58.921Z", "order_accepted": "2017-04-28T07:12:51.337Z", "order_requested": "2017-04-28T07:09:05.857Z"}	\N	1493406801	f	f	\N	\N	\N	\N	\N	{"1502762755336176167": {"title": "Ham Salsa", "options": [], "quantity": 1, "selections": {}}}	\N	Dirk N	9019	2094	Thaitanic Xpress	1092	2017-04-28 07:09:03.536639+00	2017-04-28 08:52:48.1744+00
1094	1502790708308738606	R$15.60	\N	\N	\N	2017-04-29 05:05:00+00	\N	{"no_show": "2017-04-28T08:52:59.555Z", "order_paid": "2017-04-28T08:45:43.494Z", "order_accepted": "2017-04-28T08:05:00.970Z", "order_requested": "2017-04-28T08:04:01.342Z"}	\N	1493412364	f	f	\N	\N	\N	\N	\N	{"1502790710808543791": {"title": "Valanish Burger", "options": [], "quantity": 2, "selections": {}}}	\N	Dirk N	9019	2094	Thaitanic Xpress	1092	2017-04-28 08:03:59.055697+00	2017-04-28 08:52:59.449088+00
1099	1502852537701630532	R$13.60	\N	\N	\N	2017-04-29 07:10:00+00	\N	{"no_show": "2017-04-28T10:11:49.464Z", "order_paid": "2017-04-28T10:08:06.313Z", "order_accepted": "2017-04-28T10:07:34.509Z", "order_requested": "2017-04-28T10:06:54.570Z"}	\N	1493417308	f	f	\N	\N	\N	\N	\N	{"1502852540369207877": {"title": "Valanish Burger", "options": [], "quantity": 1, "selections": {}}, "1502852542231478854": {"title": "Cashew Curry", "options": [], "quantity": 1, "selections": {}}}	\N	Dirk N	9019	2094	Thaitanic Xpress	1092	2017-04-28 10:06:50.207721+00	2017-04-28 10:11:49.369574+00
1093	1502772144772219434	R$11.60	\N	\N	\N	2017-04-29 04:30:00+00	\N	{"order_declined": "2017-04-28T07:36:54.860Z", "order_requested": "2017-04-28T07:27:08.940Z"}	\N	\N	f	f	\N	\N	\N	\N	\N	{"1502772147272024619": {"title": "Ham Salsa", "options": [], "quantity": 1, "selections": {}}}	\N	Dirk N	9019	2094	Thaitanic Xpress	1092	2017-04-28 07:27:06.857988+00	2017-04-28 07:36:54.753388+00
1095	1502792574505583152	R$6.60	\N	\N	\N	2017-04-29 05:10:00+00	\N	{"no_show": "2017-04-28T09:57:55.044Z", "order_paid": "2017-04-28T08:57:32.886Z", "order_accepted": "2017-04-28T08:47:09.715Z", "order_requested": "2017-04-28T08:07:49.729Z"}	\N	1493413074	f	f	\N	\N	\N	\N	\N	{"1502792576996999729": {"title": "Cashew Curry", "options": [], "quantity": 1, "selections": {}}}	\N	Dirk N	9019	2094	Thaitanic Xpress	1092	2017-04-28 08:07:47.399294+00	2017-04-28 09:57:54.944052+00
1098	1502850796444713533	R$13.60	\N	\N	\N	2017-04-29 07:05:00+00	\N	{"no_show": "2017-04-28T10:05:14.394Z", "order_paid": "2017-04-28T10:04:46.886Z", "order_accepted": "2017-04-28T10:04:30.485Z", "order_requested": "2017-04-28T10:03:37.228Z"}	\N	1493417108	f	f	\N	\N	\N	\N	\N	{"1502850799565275710": {"title": "Panang Curry", "options": [], "quantity": 1, "selections": {}}, "1502850801419158079": {"title": "vegi Blast", "options": [], "quantity": 1, "selections": {}}}	\N	Dirk N	9019	2094	Thaitanic Xpress	1092	2017-04-28 10:03:34.427183+00	2017-04-28 10:05:14.272039+00
1097	1502846835285295673	R$18.60	\N	\N	\N	2017-04-29 06:55:00+00	\N	{"no_show": "2017-04-28T09:57:59.943Z", "order_paid": "2017-04-28T09:56:58.356Z", "order_accepted": "2017-04-28T09:56:17.544Z", "order_requested": "2017-04-28T09:55:36.771Z"}	\N	1493416640	f	f	\N	\N	\N	\N	\N	{"1502846837726380602": {"title": "vegi Blast", "options": [], "quantity": 1, "selections": {}}, "1502846839580262971": {"title": "Cashew Curry", "options": [], "quantity": 1, "selections": {}}, "1502846841417368124": {"title": "Panang Curry", "options": [], "quantity": 1, "selections": {}}}	\N	Dirk N	9019	2094	Thaitanic Xpress	1092	2017-04-28 09:55:33.332679+00	2017-04-28 09:57:59.375608+00
1092	1502770463401574952	R$8.60	\N	\N	\N	2017-04-29 04:25:00+00	\N	{"no_show": "2017-04-28T08:52:52.290Z", "order_paid": "2017-04-28T07:36:32.284Z", "order_accepted": "2017-04-28T07:36:21.012Z", "order_requested": "2017-04-28T07:23:55.619Z"}	\N	1493408214	f	f	\N	\N	\N	\N	\N	{"1502770465859437097": {"title": "Valanish Burger", "options": [], "quantity": 1, "selections": {}}}	\N	Dirk N	9019	2094	Thaitanic Xpress	1092	2017-04-28 07:23:53.423755+00	2017-04-28 08:52:52.192207+00
1102	1502858314860462673	R$6.60	\N	\N	\N	2017-04-29 07:20:00+00	\N	{"no_show": "2017-04-28T10:28:06.913Z", "order_paid": "2017-04-28T10:20:28.909Z", "order_accepted": "2017-04-28T10:20:21.500Z", "order_requested": "2017-04-28T10:18:30.049Z"}	\N	1493418050	f	f	\N	\N	\N	\N	\N	{"1502858318132019794": {"title": "Cashew Curry", "options": [], "quantity": 1, "selections": {}}}	\N	Dirk N	9019	2094	Thaitanic Xpress	1092	2017-04-28 10:18:27.870464+00	2017-04-28 10:28:06.808371+00
1096	1502814427383071287	R$9.60	\N	\N	\N	2017-04-29 05:55:00+00	\N	{"order_paid": "2017-04-28T09:36:17.470Z", "order_accepted": "2017-04-28T08:58:21.650Z", "order_picked_up": "2017-04-28T10:05:17.424Z", "order_requested": "2017-04-28T08:51:12.733Z"}	\N	1493415399	f	f	\N	\N	\N	\N	\N	{"1502814430100980280": {"title": "vegi Blast", "options": [], "quantity": 1, "selections": {}}}	\N	Dirk N	9019	2094	Thaitanic Xpress	1092	2017-04-28 08:51:10.305517+00	2017-04-28 10:05:17.322831+00
1101	1502855485584310862	R$11.60	\N	\N	\N	2017-04-29 07:15:00+00	\N	{"order_paid": "2017-04-28T10:15:00.064Z", "order_accepted": "2017-04-28T10:14:48.505Z", "order_picked_up": "2017-04-28T10:22:47.530Z", "order_requested": "2017-04-28T10:12:43.562Z"}	\N	1493417722	f	f	\N	\N	\N	\N	\N	{"1502855488042173007": {"title": "Ham Salsa", "options": [], "quantity": 1, "selections": {}}}	\N	Dirk N	9019	2094	Thaitanic Xpress	1092	2017-04-28 10:12:41.443288+00	2017-04-28 10:22:47.392138+00
1100	1502854036963983944	R$9.60	\N	\N	\N	2017-04-29 07:10:00+00	\N	{"order_paid": "2017-04-28T10:11:10.614Z", "order_accepted": "2017-04-28T10:10:53.938Z", "order_picked_up": "2017-04-28T10:11:42.620Z", "order_requested": "2017-04-28T10:09:56.638Z"}	\N	1493417492	f	f	\N	\N	\N	\N	\N	{"1502854039438623305": {"title": "vegi Blast", "options": [], "quantity": 1, "selections": {}}}	\N	Dirk N	9019	2094	Thaitanic Xpress	1092	2017-04-28 10:09:54.459416+00	2017-04-28 10:11:42.511546+00
1103	1502860839143604819	R$9.60	\N	\N	\N	2017-04-29 07:25:00+00	\N	{"order_paid": "2017-04-28T10:25:37.626Z", "order_accepted": "2017-04-28T10:25:16.139Z", "order_picked_up": "2017-04-28T10:28:14.418Z", "order_requested": "2017-04-28T10:23:38.139Z"}	\N	1493418359	f	f	\N	\N	\N	\N	\N	{"1502860841601466964": {"title": "vegi Blast", "options": [], "quantity": 1, "selections": {}}}	\N	Dirk N	9019	2094	Thaitanic Xpress	1092	2017-04-28 10:23:35.89654+00	2017-04-28 10:28:14.292133+00
1105	1502863706898301527	R$9.60	\N	\N	\N	2017-04-29 07:30:00+00	\N	{"order_paid": "2017-04-28T10:50:49.972Z", "order_accepted": "2017-04-28T10:50:22.437Z", "order_picked_up": "2017-04-28T11:04:27.566Z", "order_requested": "2017-04-28T10:29:05.251Z"}	\N	1493419871	f	f	\N	\N	\N	\N	\N	{"1502863709330997848": {"title": "vegi Blast", "options": [], "quantity": 1, "selections": {}}}	\N	Dirk N	9019	2094	Thaitanic Xpress	1092	2017-04-28 10:29:03.08025+00	2017-04-28 11:04:27.476833+00
1104	1502863254081241685	R$8.60	\N	\N	\N	2017-04-29 07:30:00+00	\N	{"no_show": "2017-04-28T11:04:05.056Z", "order_paid": "2017-04-28T10:50:49.999Z", "order_accepted": "2017-04-28T10:50:30.674Z", "order_requested": "2017-04-28T10:28:20.938Z"}	\N	1493419871	f	f	\N	\N	\N	\N	\N	{"1502863256631378518": {"title": "Valanish Burger", "options": [], "quantity": 1, "selections": {}}}	\N	Dirk N	9019	2094	Thaitanic Xpress	1092	2017-04-28 10:28:18.726165+00	2017-04-28 11:04:04.929982+00
1107	1502885076776518242	R$10.60	\N	\N	\N	2017-04-29 08:15:00+00	\N	{"order_declined": "2017-04-28T11:20:31.896Z", "order_requested": "2017-04-28T11:11:37.367Z"}	\N	\N	f	f	\N	\N	\N	\N	\N	{"1502885079972577892": {"title": "Green Curry Spicy", "options": [], "quantity": 1, "selections": {"Sauce": "Spicy"}}}	\N	Dirk N	9019	2094	Thaitanic Xpress	1092	2017-04-28 11:11:34.998688+00	2017-04-28 11:20:31.797437+00
1116	1505173157017813867	R$55.60	\N	\N	\N	2017-05-01 15:30:00+00	\N	{"order_requested": "2017-05-01T14:57:33.095Z"}	\N	\N	f	t	2017-05-01 15:45:00+00	17	{"city": "Natal", "phone": "84999999999", "state": null, "address1": "Testando", "address2": "100", "nickname": "Teste"}	\N	\N	{"1505173159744111468": {"title": "Carne Asada Plate", "options": [], "quantity": 4, "selections": {}}, "1505173161866429293": {"title": "Delivery Charge", "options": [], "quantity": 1, "selections": {}}}	\N	luiz C	9022	2133	Paco's Tacos	1110	2017-05-01 14:57:30.390034+00	2017-05-01 14:57:30.390034+00
1108	1502888073732555370	R$11.60	\N	\N	\N	2017-04-29 08:20:00+00	\N	{"order_accepted": "2017-04-28T11:20:17.930Z", "order_requested": "2017-04-28T11:17:27.357Z"}	\N	\N	f	f	\N	\N	\N	\N	\N	{"1502888076240749163": {"title": "Submariner Gargonzola", "options": [], "quantity": 1, "selections": {"Cheese": "Gargonzola"}}}	\N	Dirk N	9019	2132	Crazy Jack's	1109	2017-04-28 11:17:24.536025+00	2017-04-28 11:20:17.834033+00
1106	1502883203289973344	R$9.60	\N	\N	\N	2017-04-29 08:10:00+00	\N	{"order_paid": "2017-04-28T11:20:26.663Z", "order_accepted": "2017-04-28T11:20:13.059Z", "order_requested": "2017-04-28T11:07:46.839Z"}	\N	1493421648	f	f	\N	\N	\N	\N	\N	{"1502883205739446881": {"title": "vegi Blast", "options": [], "quantity": 1, "selections": {}}}	\N	Dirk N	9019	2094	Thaitanic Xpress	1092	2017-04-28 11:07:44.39561+00	2017-04-28 11:20:26.561384+00
1109	1504432626331550445	R$21.60	\N	\N	\N	2017-04-30 15:30:00+00	\N	{"order_requested": "2017-04-30T14:26:17.112Z"}	\N	\N	f	f	\N	\N	\N	\N	\N	{"1504432629032682222": {"title": "French Dip", "options": [], "quantity": 2, "selections": {}}}	\N	luiz C	9022	2132	Crazy Jack's	1109	2017-04-30 14:26:14.284267+00	2017-04-30 14:26:14.284267+00
1115	1505172151399875431	R$141.60	\N	\N	\N	2017-05-01 16:00:00+00	\N	{"order_accepted": "2017-05-01T15:33:57.460Z", "order_requested": "2017-05-01T14:55:32.900Z"}	\N	\N	f	f	\N	\N	\N	\N	\N	{"1505172154092618600": {"title": "Pork Plate", "options": [], "quantity": 6, "selections": {}}, "1505172156181381993": {"title": "Cuban Reuben", "options": [], "quantity": 4, "selections": {}}, "1505172158270145386": {"title": "Cuban Sausage Melt", "options": [], "quantity": 2, "selections": {}}}	\N	luiz C	9022	2096	Classy Cuban	1094	2017-05-01 14:55:29.234713+00	2017-05-01 15:33:57.354717+00
1112	1505157524880360421	R$13.60	\N	\N	\N	2017-05-02 11:30:00+00	\N	{"no_show": "2017-05-01T15:05:50.802Z", "order_paid": "2017-05-01T14:27:15.112Z", "order_accepted": "2017-05-01T14:27:03.874Z", "order_requested": "2017-05-01T14:26:44.725Z"}	\N	1493692052	f	f	\N	\N	\N	\N	\N	{"1505157528210637798": {"title": "Pork Plate", "options": [], "quantity": 1, "selections": {}}}	\N	Stacy B	9008	2096	Classy Cuban	1094	2017-05-01 14:26:42.174462+00	2017-05-01 15:05:50.706752+00
1110	1505086743827710351	R$11.60	\N	\N	\N	2017-05-02 09:05:00+00	\N	{"order_declined": "2017-05-01T12:07:24.290Z", "order_requested": "2017-05-01T12:06:15.274Z"}	\N	\N	f	f	\N	\N	\N	\N	\N	{"1505086746394624400": {"title": "Ham Salsa", "options": [], "quantity": 1, "selections": {}}}	\N	Stacy B	9008	2094	Thaitanic Xpress	1092	2017-05-01 12:06:13.074464+00	2017-05-01 12:07:24.17218+00
1111	1505132174842528347	R$10.60	\N	\N	\N	2017-05-02 10:35:00+00	\N	{"order_requested": "2017-05-01T13:36:25.484Z"}	\N	\N	f	f	\N	\N	\N	\N	\N	{"1505132177342333532": {"title": "Smoked Cheddar Melt", "options": [], "quantity": 1, "selections": {}}}	\N	samule t	9025	2097	Frank's BBQ	1095	2017-05-01 13:36:23.17229+00	2017-05-01 13:36:23.17229+00
1117	1505176103180829679	R$13.60	\N	\N	\N	2017-05-01 05:05:00+00	\N	{"no_show": "2017-05-01T15:06:03.561Z", "order_paid": "2017-05-01T15:04:18.577Z", "order_accepted": "2017-05-01T15:04:11.957Z", "order_requested": "2017-05-01T15:03:42.550Z"}	\N	1493582575	f	f	\N	\N	\N	\N	\N	{"1505176105672246256": {"title": "Pork Plate", "options": [], "quantity": 1, "selections": {}}}	\N	Dirk N	9019	2096	Classy Cuban	1094	2017-05-01 15:03:39.95662+00	2017-05-01 15:06:03.472974+00
1119	1505185178429947908	R$25.60	\N	\N	\N	2017-05-01 05:20:00+00	\N	{"order_paid": "2017-05-01T15:22:08.548Z", "order_accepted": "2017-05-01T15:22:02.862Z", "order_requested": "2017-05-01T15:21:42.836Z"}	\N	1493583645	f	f	\N	\N	\N	\N	\N	{"1505185181818945541": {"title": "Pork Plate", "options": [], "quantity": 2, "selections": {}}}	\N	Bob S	9009	2096	Classy Cuban	1094	2017-05-01 15:21:40.237482+00	2017-05-01 15:22:08.465909+00
1118	1505178801275929591	R$13.60	\N	\N	\N	2017-05-01 05:10:00+00	\N	{"order_paid": "2017-05-01T15:09:42.414Z", "order_accepted": "2017-05-01T15:09:36.194Z", "order_requested": "2017-05-01T15:09:11.411Z"}	\N	1493582899	f	f	\N	\N	\N	\N	\N	{"1505178804555875320": {"title": "Pork Plate", "options": [], "quantity": 1, "selections": {}}}	\N	Dirk N	9019	2096	Classy Cuban	1094	2017-05-01 15:09:07.321101+00	2017-05-01 15:09:42.317399+00
1114	1505161420063376365	R$13.60	\N	\N	\N	2017-05-02 11:35:00+00	\N	{"no_show": "2017-05-01T15:06:22.556Z", "order_paid": "2017-05-01T14:34:55.935Z", "order_accepted": "2017-05-01T14:34:48.744Z", "order_requested": "2017-05-01T14:34:25.401Z"}	\N	1493692513	f	f	\N	\N	\N	\N	\N	{"1505161423125218286": {"title": "Pork Plate", "options": [], "quantity": 1, "selections": {}}}	\N	Dirk N	9019	2096	Classy Cuban	1094	2017-05-01 14:34:22.9598+00	2017-05-01 15:06:22.478049+00
1113	1505159618987295723	R$13.60	\N	\N	\N	2017-05-02 11:30:00+00	\N	{"no_show": "2017-05-01T15:05:29.141Z", "order_paid": "2017-05-01T14:31:33.420Z", "order_accepted": "2017-05-01T14:31:26.263Z", "order_requested": "2017-05-01T14:30:55.190Z"}	\N	1493692310	f	f	\N	\N	\N	\N	\N	{"1505159621789090796": {"title": "Cuban Reuben", "options": [], "quantity": 1, "selections": {}}}	\N	Dirk N	9019	2096	Classy Cuban	1094	2017-05-01 14:30:52.83809+00	2017-05-01 15:05:29.054012+00
1120	1505190689619574804	R$13.60	\N	\N	\N	2017-05-01 05:30:00+00	\N	{"order_requested": "2017-05-01T15:32:43.311Z"}	\N	\N	f	f	\N	\N	\N	\N	\N	{"1505190692077436949": {"title": "Pork Plate", "options": [], "quantity": 1, "selections": {}}}	\N	silvia d	9027	2096	Classy Cuban	1094	2017-05-01 15:32:40.094365+00	2017-05-01 15:32:40.094365+00
\.
SELECT pg_catalog.setval('order_history_id_seq', 1120, true);


COPY loyalty_rewards (id, company_id, gold_reward_item, silver_reward_item, bronze_reward_item, created_at, updated_at) FROM stdin;
1	1088	Gold	Silver	Shiny Bronze	2017-03-05 20:35:50.082+00	2017-03-05 20:36:07.966759+00
2	1008	BBQ Ribs	Creole Broil	JoJos	2017-03-05 20:38:41.192+00	2017-03-05 20:39:03.394083+00
4	1092	Shishkabob	Corn Flakes	Oatmeal	2017-03-24 18:01:07.104+00	2017-03-24 18:01:34.775616+00
3	1091				2017-03-23 20:49:04.267+00	2017-04-14 10:27:43.490879+00
\.
SELECT pg_catalog.setval('loyalty_rewards_id_seq', 4, true);

